<xml xmlns="http://www.w3.org/1999/xhtml">
  <variables>
    <variable type="" id="spALuFCax{:gkwhEA}QX">grossPremium</variable>
    <variable type="" id="U`^#t%BW2HU{sUCLZA-K">fgaPercentage</variable>
    <variable type="" id="qq~;+m]53P8BVqo~RLJ]">fgaPercent</variable>
    <variable type="" id="wMTO8z)Tgp*w*Iy}x3Ea">roundedIndexAmount</variable>
    <variable type="" id=")LpqSJ1Ovi{H3$D4RbV}">fgaAmount</variable>
    <variable type="" id="!l[Hzdu$pOHRF^R5:Y.R">roundedFgaAmount</variable>
    <variable type="" id="rjN^KYTW`C(!i6?JqmA~">roundedIndexPercent</variable>
    <variable type="" id="|VSETs^O7?{p`W[%_Eog">roundedIndexPremium</variable>
    <variable type="" id="UOD^z#_x2F2h1i{1NlgC">indexAmount</variable>
    <variable type="" id="SI60^H$RKvBu`BuCBK~8">indexPercent</variable>
    <variable type="" id="jh-8pTe=OU5Llie+-vuw">indexPremium</variable>
  </variables>
  <block type="procedures_defnoreturn" id="HLlL$kV9`?*6lfg,rH]K" x="212" y="88">
    <mutation>
      <arg name="grossPremium" varid="spALuFCax{:gkwhEA}QX"></arg>
    </mutation>
    <field name="NAME">getFga</field>
    <comment pinned="false" h="80" w="160">Describe this function...</comment>
    <statement name="STACK">
      <block type="variables_set" id="3gjz/{FYa1if_Msncfa(">
        <field name="VAR" id="U`^#t%BW2HU{sUCLZA-K" variabletype="">fgaPercentage</field>
        <value name="VALUE">
          <block type="bignumber" id="1gKs/Ib6--p3ZbRzJz!m">
            <field name="number">2.5</field>
          </block>
        </value>
        <next>
          <block type="variables_set" id="O?b9w*!OyE+6TD!UM]zX">
            <field name="VAR" id="qq~;+m]53P8BVqo~RLJ]" variabletype="">fgaPercent</field>
            <value name="VALUE">
              <block type="variables_get" id="J4MwB!Ora+Hr=wBhadKw">
                <field name="VAR" id="U`^#t%BW2HU{sUCLZA-K" variabletype="">fgaPercentage</field>
              </block>
            </value>
            <next>
              <block type="variables_set" id="ipf~M7+5g7i$0$e5ckMS">
                <field name="VAR" id=")LpqSJ1Ovi{H3$D4RbV}" variabletype="">fgaAmount</field>
                <value name="VALUE">
                  <block type="bignumbercalculation" id="96al6_b|3[[/0|2ri~Ik">
                    <field name="operation">"times"</field>
                    <value name="bigNumber1">
                      <block type="variables_get" id="OLB~q2P$w%j(=5IiK^A{">
                        <field name="VAR" id="spALuFCax{:gkwhEA}QX" variabletype="">grossPremium</field>
                      </block>
                    </value>
                    <value name="bigNumber2">
                      <block type="bignumberpercent" id="L;H:~XNPKRUUr~x6a+*^">
                        <value name="bigNumber">
                          <block type="variables_get" id="G;S}zx[w}1ld`^Qjdc@J">
                            <field name="VAR" id="qq~;+m]53P8BVqo~RLJ]" variabletype="">fgaPercent</field>
                          </block>
                        </value>
                      </block>
                    </value>
                  </block>
                </value>
                <next>
                  <block type="variables_set" id="Cc}!h1}ilrTyeL%UM`_c">
                    <field name="VAR" id="!l[Hzdu$pOHRF^R5:Y.R" variabletype="">roundedFgaAmount</field>
                    <value name="VALUE">
                      <block type="bignumberrounding" id="C#GuI9p^ZA_lVhO5Ms](">
                        <field name="roundingMethod">"ROUND_HALF_UP"</field>
                        <field name="decimalPlaces">2</field>
                        <value name="number">
                          <block type="variables_get" id="d#R]{FY|[8{hlV.Wph{K">
                            <field name="VAR" id=")LpqSJ1Ovi{H3$D4RbV}" variabletype="">fgaAmount</field>
                          </block>
                        </value>
                      </block>
                    </value>
                  </block>
                </next>
              </block>
            </next>
          </block>
        </next>
      </block>
    </statement>
  </block>
  <block type="variables_set" id="ez-VT`pB4c6:SbUK2@}0" x="912" y="62">
    <field name="VAR" id="spALuFCax{:gkwhEA}QX" variabletype="">grossPremium</field>
    <value name="VALUE">
      <block type="bignumber" id="r#3{C1k1$(hvY+X?De:+">
        <field name="number">100000</field>
      </block>
    </value>
    <next>
      <block type="procedures_callnoreturn" id="KZYA9idC:5;//$4(MD|F">
        <mutation name="getFga">
          <arg name="grossPremium"></arg>
        </mutation>
        <value name="ARG0">
          <block type="variables_get" id="Mph(Pzjqx@*%w^XNY{rq">
            <field name="VAR" id="spALuFCax{:gkwhEA}QX" variabletype="">grossPremium</field>
          </block>
        </value>
        <next>
          <block type="variables_set" id="*[cOYrTY#^m@:$]BCj^R">
            <field name="VAR" id="wMTO8z)Tgp*w*Iy}x3Ea" variabletype="">roundedIndexAmount</field>
            <value name="VALUE">
              <block type="variables_get" id="a^OhQmIikmEdfC$`Jj~l">
                <field name="VAR" id="!l[Hzdu$pOHRF^R5:Y.R" variabletype="">roundedFgaAmount</field>
              </block>
            </value>
            <next>
              <block type="variables_set" id="EXX_eR[`c@]~PcCYrpBC">
                <field name="VAR" id="rjN^KYTW`C(!i6?JqmA~" variabletype="">roundedIndexPercent</field>
                <value name="VALUE">
                  <block type="bignumberrounding" id="691`%g3Ld_en6B4*!ko_">
                    <field name="roundingMethod">"ROUND_HALF_UP"</field>
                    <field name="decimalPlaces">2</field>
                    <value name="number">
                      <block type="bignumbercalculation" id="J[V(s(!74DAW5RA!-K3+">
                        <field name="operation">"dividedBy"</field>
                        <value name="bigNumber1">
                          <block type="bignumbercalculation" id="kl?^/$FW=`,Iv5S$$moM">
                            <field name="operation">"times"</field>
                            <value name="bigNumber1">
                              <block type="variables_get" id="{;kd0.f*HDm7Qm-n~D@S">
                                <field name="VAR" id="wMTO8z)Tgp*w*Iy}x3Ea" variabletype="">roundedIndexAmount</field>
                              </block>
                            </value>
                            <value name="bigNumber2">
                              <block type="bignumber" id="Skw:cQI+RLFAAoE^nzj%">
                                <field name="number">100</field>
                              </block>
                            </value>
                          </block>
                        </value>
                        <value name="bigNumber2">
                          <block type="variables_get" id="qhEZ9Hn8Cw9/bnKL#b`=">
                            <field name="VAR" id="spALuFCax{:gkwhEA}QX" variabletype="">grossPremium</field>
                          </block>
                        </value>
                      </block>
                    </value>
                  </block>
                </value>
                <next>
                  <block type="variables_set" id="i!J~*E_KPLoJWR7QZrFN">
                    <field name="VAR" id="|VSETs^O7?{p`W[%_Eog" variabletype="">roundedIndexPremium</field>
                    <value name="VALUE">
                      <block type="bignumbercalculation" id="O]}hTu!wXWE=WiVflKfh">
                        <field name="operation">"plus"</field>
                        <value name="bigNumber1">
                          <block type="variables_get" id="yeO23H.xqZ1y$yJ9w)xl">
                            <field name="VAR" id="spALuFCax{:gkwhEA}QX" variabletype="">grossPremium</field>
                          </block>
                        </value>
                        <value name="bigNumber2">
                          <block type="variables_get" id="ukuI8G-baV@UHQZYu,f.">
                            <field name="VAR" id="wMTO8z)Tgp*w*Iy}x3Ea" variabletype="">roundedIndexAmount</field>
                          </block>
                        </value>
                      </block>
                    </value>
                    <next>
                      <block type="variables_set" id="wE^#C-aT=k4N1Bi{lqFk">
                        <field name="VAR" id="UOD^z#_x2F2h1i{1NlgC" variabletype="">indexAmount</field>
                        <value name="VALUE">
                          <block type="variables_get" id=".:#VJUZ=@fhdAD!E49#T">
                            <field name="VAR" id=")LpqSJ1Ovi{H3$D4RbV}" variabletype="">fgaAmount</field>
                          </block>
                        </value>
                        <next>
                          <block type="variables_set" id="`q7vZf27K!@lH@dO/)):">
                            <field name="VAR" id="SI60^H$RKvBu`BuCBK~8" variabletype="">indexPercent</field>
                            <value name="VALUE">
                              <block type="bignumbercalculation" id="`A3t,sF@HrqxUOFZjMQi">
                                <field name="operation">"dividedBy"</field>
                                <value name="bigNumber1">
                                  <block type="bignumbercalculation" id="[OcZd5h]c8-q~/uip5d^">
                                    <field name="operation">"times"</field>
                                    <value name="bigNumber1">
                                      <block type="variables_get" id="/,Nwjm|%CzxO{G9bQeY9">
                                        <field name="VAR" id="UOD^z#_x2F2h1i{1NlgC" variabletype="">indexAmount</field>
                                      </block>
                                    </value>
                                    <value name="bigNumber2">
                                      <block type="bignumber" id="jY/IuL=!o$:Mot74n]ZM">
                                        <field name="number">100</field>
                                      </block>
                                    </value>
                                  </block>
                                </value>
                                <value name="bigNumber2">
                                  <block type="variables_get" id="7s^Fm$!HkU%es]VBHBt0">
                                    <field name="VAR" id="spALuFCax{:gkwhEA}QX" variabletype="">grossPremium</field>
                                  </block>
                                </value>
                              </block>
                            </value>
                            <next>
                              <block type="variables_set" id="~YM//Vnv`e7JGK??:S|(">
                                <field name="VAR" id="jh-8pTe=OU5Llie+-vuw" variabletype="">indexPremium</field>
                                <value name="VALUE">
                                  <block type="bignumbercalculation" id="uAMA7{3]^,%8UZAST#[~">
                                    <field name="operation">"plus"</field>
                                    <value name="bigNumber1">
                                      <block type="variables_get" id="/2ip*r$Yn5fVjvToo!^@">
                                        <field name="VAR" id="UOD^z#_x2F2h1i{1NlgC" variabletype="">indexAmount</field>
                                      </block>
                                    </value>
                                    <value name="bigNumber2">
                                      <block type="variables_get" id="KQ3PjpkyKsWi-8eHmHhb">
                                        <field name="VAR" id="spALuFCax{:gkwhEA}QX" variabletype="">grossPremium</field>
                                      </block>
                                    </value>
                                  </block>
                                </value>
                              </block>
                            </next>
                          </block>
                        </next>
                      </block>
                    </next>
                  </block>
                </next>
              </block>
            </next>
          </block>
        </next>
      </block>
    </next>
  </block>
</xml>