<xml xmlns="http://www.w3.org/1999/xhtml">
  <variables>
    <variable type="" id="z0Tk9B[ihl7qcCv%,jcH">vehicleTypeCode</variable>
    <variable type="" id="E{1;r`vL+LEV1BBSVO}a">insuredValue</variable>
    <variable type="" id="82mrW1tN?S8yzLX/myK$">coverType</variable>
    <variable type="" id="=L3OZ-5,_R/8N*[0a],Z">withUnnamedDriverExcess</variable>
    <variable type="" id="sh9ys2-Pb^f(wwO8RQ_|">excessGroup</variable>
    <variable type="" id="~|wMeV2kd}!UR6:sfJIQ">ownDamagePartialLossAmount</variable>
    <variable type="" id="2~)VR2SwIU#6n}vzFO_]">tppdAmount</variable>
    <variable type="" id="04k3/Dg%]O33]K:6Om=.">ownDamageTotalLossAmount</variable>
    <variable type="" id="3oK]jHToqPaV(qtv2ykx">tppdYoungDriverAmount</variable>
    <variable type="" id="GK-`c~?|#0:2!|f]Nyrj">tppdInexperienceDriverAmount</variable>
    <variable type="" id="D$,)w%()T~lX0Z_shrTa">tppdUnnamedDriverAmount</variable>
  </variables>
  <block type="procedures_defnoreturn" id="Fc7?#MfbN+#g(1KhT|V;" x="338" y="87">
    <mutation>
      <arg name="vehicleTypeCode" varid="z0Tk9B[ihl7qcCv%,jcH"></arg>
      <arg name="insuredValue" varid="E{1;r`vL+LEV1BBSVO}a"></arg>
      <arg name="coverType" varid="82mrW1tN?S8yzLX/myK$"></arg>
      <arg name="withUnnamedDriverExcess" varid="=L3OZ-5,_R/8N*[0a],Z"></arg>
    </mutation>
    <field name="NAME">getExcesses</field>
    <comment pinned="false" h="80" w="160">Describe this function...</comment>
    <statement name="STACK">
      <block type="variables_set" id="{|90/~WVCAd{rw6ms6-q">
        <field name="VAR" id="sh9ys2-Pb^f(wwO8RQ_|" variabletype="">excessGroup</field>
        <value name="VALUE">
          <block type="dataquery" id="GFK6]K].~Xp}`NS`?P[E">
            <value name="tableName">
              <block type="text" id="t.K|/bb=47V?(F8Mifv8">
                <field name="TEXT">macauVehicleType</field>
              </block>
            </value>
            <value name="filterColumnNames">
              <block type="lists_create_with" id="Vy!|;xj/hlMm]v.xl;$q">
                <mutation items="1"></mutation>
                <value name="ADD0">
                  <block type="text" id="I]ffL6%CSTeYEE*F~kQN">
                    <field name="TEXT">vehicleTypeCode</field>
                  </block>
                </value>
              </block>
            </value>
            <value name="filterColumnValues">
              <block type="lists_create_with" id="GBlXcuV%rX!Rb(JSFx=@">
                <mutation items="1"></mutation>
                <value name="ADD0">
                  <block type="variables_get" id="ea=?BrO*M[5`3IpQDju~">
                    <field name="VAR" id="z0Tk9B[ihl7qcCv%,jcH" variabletype="">vehicleTypeCode</field>
                  </block>
                </value>
              </block>
            </value>
            <value name="outputColumn">
              <block type="text" id="L]h_}9:@DMCFkHEe8Bd/">
                <field name="TEXT">excessGroup</field>
              </block>
            </value>
          </block>
        </value>
        <next>
          <block type="controls_if" id="(9]]p/MEkSbD9%y?hjX}">
            <mutation elseif="3"></mutation>
            <value name="IF0">
              <block type="logic_compare" id="MnJNre4Jao)pELt|vlAo">
                <field name="OP">EQ</field>
                <value name="A">
                  <block type="variables_get" id="_GC_RmgX9`MgPjr,1:WY">
                    <field name="VAR" id="sh9ys2-Pb^f(wwO8RQ_|" variabletype="">excessGroup</field>
                  </block>
                </value>
                <value name="B">
                  <block type="text" id="=cktxhsou.+5w(pTB^@D">
                    <field name="TEXT">A</field>
                  </block>
                </value>
              </block>
            </value>
            <statement name="DO0">
              <block type="controls_if" id="R4*b4O7E(p@Ac)t5NffV">
                <value name="IF0">
                  <block type="logic_compare" id="!(wHSAa^Q0?7hKsB,i%f">
                    <field name="OP">EQ</field>
                    <value name="A">
                      <block type="variables_get" id="89X(w_|?X#oYh7-@pXOB">
                        <field name="VAR" id="82mrW1tN?S8yzLX/myK$" variabletype="">coverType</field>
                      </block>
                    </value>
                    <value name="B">
                      <block type="text" id="*{^8n9w9eG%-Gioy*M:l">
                        <field name="TEXT">third party and own damage</field>
                      </block>
                    </value>
                  </block>
                </value>
                <statement name="DO0">
                  <block type="variables_set" id="/ml(JiaHKfICRbS/:gg/">
                    <field name="VAR" id="~|wMeV2kd}!UR6:sfJIQ" variabletype="">ownDamagePartialLossAmount</field>
                    <value name="VALUE">
                      <block type="bignumbercalculation" id="KtPO.ua406`nEwm@@f^4">
                        <field name="operation">"dividedBy"</field>
                        <value name="bigNumber1">
                          <block type="bignumbercalculation" id="J31Le;gDK)_=j(?,f=7p">
                            <field name="operation">"times"</field>
                            <value name="bigNumber1">
                              <block type="bignumber" id="6{6:rDds;CuXD}[^2OJG">
                                <field name="number">3</field>
                              </block>
                            </value>
                            <value name="bigNumber2">
                              <block type="variables_get" id="S/84a,J1;s[r?_0i{=yq">
                                <field name="VAR" id="E{1;r`vL+LEV1BBSVO}a" variabletype="">insuredValue</field>
                              </block>
                            </value>
                          </block>
                        </value>
                        <value name="bigNumber2">
                          <block type="bignumber" id="d!rwR}{mDdey:3c}b_41">
                            <field name="number">100</field>
                          </block>
                        </value>
                      </block>
                    </value>
                    <next>
                      <block type="variables_set" id="yIO^=Wr}vgVz~e*A9)aF">
                        <field name="VAR" id="04k3/Dg%]O33]K:6Om=." variabletype="">ownDamageTotalLossAmount</field>
                        <value name="VALUE">
                          <block type="bignumbercalculation" id="*ILjt,^b8(KR)9jU(?I.">
                            <field name="operation">"dividedBy"</field>
                            <value name="bigNumber1">
                              <block type="bignumbercalculation" id="mT:)D4r*[n3VqX5f6+W(">
                                <field name="operation">"times"</field>
                                <value name="bigNumber1">
                                  <block type="bignumber" id="9DhYy9fAl+(UJ8I7FkUC">
                                    <field name="number">10</field>
                                  </block>
                                </value>
                                <value name="bigNumber2">
                                  <block type="variables_get" id="E-(*FHFec5.}DzoCTnb!">
                                    <field name="VAR" id="E{1;r`vL+LEV1BBSVO}a" variabletype="">insuredValue</field>
                                  </block>
                                </value>
                              </block>
                            </value>
                            <value name="bigNumber2">
                              <block type="bignumber" id="`)MQK3%lp9-9s`PRs[w,">
                                <field name="number">100</field>
                              </block>
                            </value>
                          </block>
                        </value>
                      </block>
                    </next>
                  </block>
                </statement>
                <next>
                  <block type="variables_set" id="%1`FJ($kzmid97$erw}?">
                    <field name="VAR" id="2~)VR2SwIU#6n}vzFO_]" variabletype="">tppdAmount</field>
                    <value name="VALUE">
                      <block type="bignumber" id="jb#lWH|farw4g5GqEv^g">
                        <field name="number">1000</field>
                      </block>
                    </value>
                    <next>
                      <block type="variables_set" id="1qW]kw]PR6EbO-pv,J(3">
                        <field name="VAR" id="3oK]jHToqPaV(qtv2ykx" variabletype="">tppdYoungDriverAmount</field>
                        <value name="VALUE">
                          <block type="bignumber" id="jqdu`S[1}kcnLdd8UD,s">
                            <field name="number">2000</field>
                          </block>
                        </value>
                        <next>
                          <block type="variables_set" id="j*up{B2w5cZUST@%$zRB">
                            <field name="VAR" id="GK-`c~?|#0:2!|f]Nyrj" variabletype="">tppdInexperienceDriverAmount</field>
                            <value name="VALUE">
                              <block type="bignumber" id="=bV=|)G{/v_M:Tm|)khq">
                                <field name="number">2000</field>
                              </block>
                            </value>
                            <next>
                              <block type="controls_if" id="|ow35zTX_-gO-D3v_LUM">
                                <value name="IF0">
                                  <block type="variables_get" id="7I!G%-|Fm.Z/^;w~LsIp">
                                    <field name="VAR" id="=L3OZ-5,_R/8N*[0a],Z" variabletype="">withUnnamedDriverExcess</field>
                                  </block>
                                </value>
                                <statement name="DO0">
                                  <block type="variables_set" id="n~4y[%FLX!6XSn7${h)n">
                                    <field name="VAR" id="D$,)w%()T~lX0Z_shrTa" variabletype="">tppdUnnamedDriverAmount</field>
                                    <value name="VALUE">
                                      <block type="bignumber" id="y}iYj#Vw-O3#B(-YF15q">
                                        <field name="number">2000</field>
                                      </block>
                                    </value>
                                  </block>
                                </statement>
                              </block>
                            </next>
                          </block>
                        </next>
                      </block>
                    </next>
                  </block>
                </next>
              </block>
            </statement>
            <value name="IF1">
              <block type="logic_compare" id="@uF3[),#GE~Q(4jC%_=J">
                <field name="OP">EQ</field>
                <value name="A">
                  <block type="variables_get" id="#J3LZhMD3-F4NvWFov~r">
                    <field name="VAR" id="sh9ys2-Pb^f(wwO8RQ_|" variabletype="">excessGroup</field>
                  </block>
                </value>
                <value name="B">
                  <block type="text" id="sL]r/tqK)XG}8nPr(l|o">
                    <field name="TEXT">B</field>
                  </block>
                </value>
              </block>
            </value>
            <statement name="DO1">
              <block type="controls_if" id="YX:PMR{}yjkd}}A~hsBh">
                <value name="IF0">
                  <block type="logic_compare" id="^{4Jp/Ye`e[AXO0(cS-}">
                    <field name="OP">EQ</field>
                    <value name="A">
                      <block type="variables_get" id="YVBCMd,:D!y;wRR4qY~{">
                        <field name="VAR" id="82mrW1tN?S8yzLX/myK$" variabletype="">coverType</field>
                      </block>
                    </value>
                    <value name="B">
                      <block type="text" id=")$,Fs7nb3S,QBzaQudy`">
                        <field name="TEXT">third party and own damage</field>
                      </block>
                    </value>
                  </block>
                </value>
                <statement name="DO0">
                  <block type="variables_set" id="^f+9Nl7v=/F^2!uHj8f^">
                    <field name="VAR" id="~|wMeV2kd}!UR6:sfJIQ" variabletype="">ownDamagePartialLossAmount</field>
                    <value name="VALUE">
                      <block type="bignumbercalculation" id="M%`t{(cJZBxmrc(S_z/%">
                        <field name="operation">"dividedBy"</field>
                        <value name="bigNumber1">
                          <block type="bignumbercalculation" id="G9k:}]?l@G(HTx=WV+O$">
                            <field name="operation">"times"</field>
                            <value name="bigNumber1">
                              <block type="bignumber" id="HuI|as:zgMAnP99s,$MQ">
                                <field name="number">3</field>
                              </block>
                            </value>
                            <value name="bigNumber2">
                              <block type="variables_get" id="lLWX`PK95YGQ.sLM_1qy">
                                <field name="VAR" id="E{1;r`vL+LEV1BBSVO}a" variabletype="">insuredValue</field>
                              </block>
                            </value>
                          </block>
                        </value>
                        <value name="bigNumber2">
                          <block type="bignumber" id=";cUizaPGl]xF)M%lFs,H">
                            <field name="number">100</field>
                          </block>
                        </value>
                      </block>
                    </value>
                    <next>
                      <block type="variables_set" id="xW:L3bB4PmW0r@?ls`IY">
                        <field name="VAR" id="04k3/Dg%]O33]K:6Om=." variabletype="">ownDamageTotalLossAmount</field>
                        <value name="VALUE">
                          <block type="bignumbercalculation" id="b+Qt$#iCYf3?s-.2h/e5">
                            <field name="operation">"dividedBy"</field>
                            <value name="bigNumber1">
                              <block type="bignumbercalculation" id="@4E:e/kLgScNepZjxvd(">
                                <field name="operation">"times"</field>
                                <value name="bigNumber1">
                                  <block type="bignumber" id="2G_J1Jy9Qlbs5#C(#Lp8">
                                    <field name="number">10</field>
                                  </block>
                                </value>
                                <value name="bigNumber2">
                                  <block type="variables_get" id="}*7SLO`O`GTwYe?bvGV.">
                                    <field name="VAR" id="E{1;r`vL+LEV1BBSVO}a" variabletype="">insuredValue</field>
                                  </block>
                                </value>
                              </block>
                            </value>
                            <value name="bigNumber2">
                              <block type="bignumber" id="ALZs;FQz!C1KTzh18`+;">
                                <field name="number">100</field>
                              </block>
                            </value>
                          </block>
                        </value>
                      </block>
                    </next>
                  </block>
                </statement>
                <next>
                  <block type="variables_set" id="H],ko8?(!QBQjqw~Irw?">
                    <field name="VAR" id="2~)VR2SwIU#6n}vzFO_]" variabletype="">tppdAmount</field>
                    <value name="VALUE">
                      <block type="bignumber" id="fWaBJ{w#wt8^?%T)p7M3">
                        <field name="number">1000</field>
                      </block>
                    </value>
                    <next>
                      <block type="variables_set" id="Ad[#pvCsRiDl#VVi4$q#">
                        <field name="VAR" id="3oK]jHToqPaV(qtv2ykx" variabletype="">tppdYoungDriverAmount</field>
                        <value name="VALUE">
                          <block type="bignumber" id="O0Hu#N5.su(|gEQ$P^[1">
                            <field name="number">2000</field>
                          </block>
                        </value>
                        <next>
                          <block type="variables_set" id="Q=we4+`;=^ZHnnjlo9f4">
                            <field name="VAR" id="GK-`c~?|#0:2!|f]Nyrj" variabletype="">tppdInexperienceDriverAmount</field>
                            <value name="VALUE">
                              <block type="bignumber" id=";L`HxI?bQ(Ooi$_XNH6~">
                                <field name="number">2000</field>
                              </block>
                            </value>
                            <next>
                              <block type="controls_if" id="pN_YuTtSpA7lC0LI3Gb2">
                                <value name="IF0">
                                  <block type="variables_get" id="(t8`:!qFAInZX_6u)dhF">
                                    <field name="VAR" id="=L3OZ-5,_R/8N*[0a],Z" variabletype="">withUnnamedDriverExcess</field>
                                  </block>
                                </value>
                                <statement name="DO0">
                                  <block type="variables_set" id="^enWhl:Fik7gwpXXIkrO">
                                    <field name="VAR" id="D$,)w%()T~lX0Z_shrTa" variabletype="">tppdUnnamedDriverAmount</field>
                                    <value name="VALUE">
                                      <block type="bignumber" id="kTKL),+7[?c?GDYgNiTf">
                                        <field name="number">2000</field>
                                      </block>
                                    </value>
                                  </block>
                                </statement>
                              </block>
                            </next>
                          </block>
                        </next>
                      </block>
                    </next>
                  </block>
                </next>
              </block>
            </statement>
            <value name="IF2">
              <block type="logic_compare" id=".C)=VR#|f2XKMh;-nHRa">
                <field name="OP">EQ</field>
                <value name="A">
                  <block type="variables_get" id="6q^DB^AtQErz_!M?nW{8">
                    <field name="VAR" id="sh9ys2-Pb^f(wwO8RQ_|" variabletype="">excessGroup</field>
                  </block>
                </value>
                <value name="B">
                  <block type="text" id="r_:]UnmXu!^kEU3jib2.">
                    <field name="TEXT">C</field>
                  </block>
                </value>
              </block>
            </value>
            <statement name="DO2">
              <block type="controls_if" id="PM;q0M2d5zoOqySlARQI">
                <value name="IF0">
                  <block type="logic_compare" id="(+eF8WcGSW~]:Nn$;%@E">
                    <field name="OP">EQ</field>
                    <value name="A">
                      <block type="variables_get" id=";8.TQe7I:e{^pBri`}Fh">
                        <field name="VAR" id="82mrW1tN?S8yzLX/myK$" variabletype="">coverType</field>
                      </block>
                    </value>
                    <value name="B">
                      <block type="text" id="C,/gS9#5N{wwjWm3yqke">
                        <field name="TEXT">third party and own damage</field>
                      </block>
                    </value>
                  </block>
                </value>
                <statement name="DO0">
                  <block type="variables_set" id="mp]4Aqlt.~6z%osi]F]5">
                    <field name="VAR" id="~|wMeV2kd}!UR6:sfJIQ" variabletype="">ownDamagePartialLossAmount</field>
                    <value name="VALUE">
                      <block type="bignumbercalculation" id="ewwz5rFAa[xx/7K)|,My">
                        <field name="operation">"dividedBy"</field>
                        <value name="bigNumber1">
                          <block type="bignumbercalculation" id="Ost[EdbzrAysW@DV!Qfk">
                            <field name="operation">"times"</field>
                            <value name="bigNumber1">
                              <block type="bignumber" id="C,P(s4lS)|wHhDclU/@F">
                                <field name="number">3</field>
                              </block>
                            </value>
                            <value name="bigNumber2">
                              <block type="variables_get" id="IO[~4i.MfN7FpH3M@}gL">
                                <field name="VAR" id="E{1;r`vL+LEV1BBSVO}a" variabletype="">insuredValue</field>
                              </block>
                            </value>
                          </block>
                        </value>
                        <value name="bigNumber2">
                          <block type="bignumber" id="n#-TQ}ccb[:F]s##XWu{">
                            <field name="number">100</field>
                          </block>
                        </value>
                      </block>
                    </value>
                    <next>
                      <block type="variables_set" id="@x`y`@=nIW`hi0X%JHI9">
                        <field name="VAR" id="04k3/Dg%]O33]K:6Om=." variabletype="">ownDamageTotalLossAmount</field>
                        <value name="VALUE">
                          <block type="bignumbercalculation" id="eCJA*@Sh7SLT[0*PcsI}">
                            <field name="operation">"dividedBy"</field>
                            <value name="bigNumber1">
                              <block type="bignumbercalculation" id="5luHmbLicy;a4OZ!%Lg(">
                                <field name="operation">"times"</field>
                                <value name="bigNumber1">
                                  <block type="bignumber" id="!o8!l[w~(=N8wOudrg[.">
                                    <field name="number">10</field>
                                  </block>
                                </value>
                                <value name="bigNumber2">
                                  <block type="variables_get" id="bbCPbG7m-hc}FoKyH$%a">
                                    <field name="VAR" id="E{1;r`vL+LEV1BBSVO}a" variabletype="">insuredValue</field>
                                  </block>
                                </value>
                              </block>
                            </value>
                            <value name="bigNumber2">
                              <block type="bignumber" id="|m_L0l=B6eorSnF/cm]m">
                                <field name="number">100</field>
                              </block>
                            </value>
                          </block>
                        </value>
                      </block>
                    </next>
                  </block>
                </statement>
                <next>
                  <block type="variables_set" id="8xV$|:H36/}#;3QR:HAf">
                    <field name="VAR" id="2~)VR2SwIU#6n}vzFO_]" variabletype="">tppdAmount</field>
                    <value name="VALUE">
                      <block type="bignumber" id="#Htj%U]T+Gdz,`^-)!bq">
                        <field name="number">3000</field>
                      </block>
                    </value>
                    <next>
                      <block type="variables_set" id="Y[.$H0*Bh:3Rq]:5d;*%">
                        <field name="VAR" id="3oK]jHToqPaV(qtv2ykx" variabletype="">tppdYoungDriverAmount</field>
                        <value name="VALUE">
                          <block type="bignumber" id="Cp/Y;u2Mb7h%.xd?rVv^">
                            <field name="number">6000</field>
                          </block>
                        </value>
                        <next>
                          <block type="variables_set" id="N=^oL39=22We(BAFuD[0">
                            <field name="VAR" id="D$,)w%()T~lX0Z_shrTa" variabletype="">tppdUnnamedDriverAmount</field>
                            <value name="VALUE">
                              <block type="bignumber" id="SG77J1-V*=L}}+B$U#?g">
                                <field name="number">6000</field>
                              </block>
                            </value>
                            <next>
                              <block type="controls_if" id="g;AVD?9xI_U2S]a@oKcH">
                                <value name="IF0">
                                  <block type="variables_get" id="lqSneqp!AFd9uqNR[eKA">
                                    <field name="VAR" id="=L3OZ-5,_R/8N*[0a],Z" variabletype="">withUnnamedDriverExcess</field>
                                  </block>
                                </value>
                                <statement name="DO0">
                                  <block type="variables_set" id="Gw*bVFq)HlIGYy,[o+Es">
                                    <field name="VAR" id="D$,)w%()T~lX0Z_shrTa" variabletype="">tppdUnnamedDriverAmount</field>
                                    <value name="VALUE">
                                      <block type="bignumber" id="xq;$/Tisd*g`@gbuU!Ni">
                                        <field name="number">6000</field>
                                      </block>
                                    </value>
                                  </block>
                                </statement>
                              </block>
                            </next>
                          </block>
                        </next>
                      </block>
                    </next>
                  </block>
                </next>
              </block>
            </statement>
            <value name="IF3">
              <block type="logic_compare" id="FxZ}Lg_Q9*NJs]]ayDle">
                <field name="OP">EQ</field>
                <value name="A">
                  <block type="variables_get" id="H!yHBY|^b,$udyK,22qs">
                    <field name="VAR" id="sh9ys2-Pb^f(wwO8RQ_|" variabletype="">excessGroup</field>
                  </block>
                </value>
                <value name="B">
                  <block type="text" id="oJn#ldt{sYh+efxH.N+8">
                    <field name="TEXT">Z</field>
                  </block>
                </value>
              </block>
            </value>
            <statement name="DO3">
              <block type="controls_if" id="gJD,UN6sJ-V~a{e6Knqe">
                <value name="IF0">
                  <block type="logic_compare" id="?IF(3:M,JnEA#jQ.ypl:">
                    <field name="OP">EQ</field>
                    <value name="A">
                      <block type="variables_get" id="):Fn`_*fCmEU,$3OZ$6I">
                        <field name="VAR" id="82mrW1tN?S8yzLX/myK$" variabletype="">coverType</field>
                      </block>
                    </value>
                    <value name="B">
                      <block type="text" id="?xaNzsZ:~f2RkM$mCz]L">
                        <field name="TEXT">third party and own damage</field>
                      </block>
                    </value>
                  </block>
                </value>
                <statement name="DO0">
                  <block type="variables_set" id="..cezH{JWeR`E7Q1CZm{">
                    <field name="VAR" id="~|wMeV2kd}!UR6:sfJIQ" variabletype="">ownDamagePartialLossAmount</field>
                    <value name="VALUE">
                      <block type="bignumbercalculation" id="%eoP66^.+vSZ1MyOM^RB">
                        <field name="operation">"dividedBy"</field>
                        <value name="bigNumber1">
                          <block type="bignumbercalculation" id="OJYo?gw%|)g:qnEqZ4E[">
                            <field name="operation">"times"</field>
                            <value name="bigNumber1">
                              <block type="bignumber" id="vB(gFfaopm*dCcG12i?v">
                                <field name="number">5</field>
                              </block>
                            </value>
                            <value name="bigNumber2">
                              <block type="variables_get" id="5I]e|VmWDV6QXm?$qI|~">
                                <field name="VAR" id="E{1;r`vL+LEV1BBSVO}a" variabletype="">insuredValue</field>
                              </block>
                            </value>
                          </block>
                        </value>
                        <value name="bigNumber2">
                          <block type="bignumber" id="ukcbKf,2snneAm/iL7[F">
                            <field name="number">100</field>
                          </block>
                        </value>
                      </block>
                    </value>
                    <next>
                      <block type="variables_set" id="kZ.hi~RHSFhk*(00dt@^">
                        <field name="VAR" id="04k3/Dg%]O33]K:6Om=." variabletype="">ownDamageTotalLossAmount</field>
                        <value name="VALUE">
                          <block type="bignumbercalculation" id="`XDxmodpnwW;ME=WadW`">
                            <field name="operation">"dividedBy"</field>
                            <value name="bigNumber1">
                              <block type="bignumbercalculation" id="|COU+Q9hX+g-9lZYmfLk">
                                <field name="operation">"times"</field>
                                <value name="bigNumber1">
                                  <block type="bignumber" id="(S@bpTn!)4QVhGX?#+pn">
                                    <field name="number">10</field>
                                  </block>
                                </value>
                                <value name="bigNumber2">
                                  <block type="variables_get" id="b#s)TyJ5i[*6`MMq+V}`">
                                    <field name="VAR" id="E{1;r`vL+LEV1BBSVO}a" variabletype="">insuredValue</field>
                                  </block>
                                </value>
                              </block>
                            </value>
                            <value name="bigNumber2">
                              <block type="bignumber" id="b8}2C?G3%[I2282!LE7p">
                                <field name="number">100</field>
                              </block>
                            </value>
                          </block>
                        </value>
                      </block>
                    </next>
                  </block>
                </statement>
                <next>
                  <block type="variables_set" id="q+zU!.,3cUY6KT,N8mp:">
                    <field name="VAR" id="2~)VR2SwIU#6n}vzFO_]" variabletype="">tppdAmount</field>
                    <value name="VALUE">
                      <block type="bignumber" id="@ClIsDux+;gfzJ5Czys`">
                        <field name="number">7500</field>
                      </block>
                    </value>
                    <next>
                      <block type="variables_set" id="9i?Qz.`CYYRw4A#O!iW:">
                        <field name="VAR" id="3oK]jHToqPaV(qtv2ykx" variabletype="">tppdYoungDriverAmount</field>
                        <value name="VALUE">
                          <block type="bignumber" id="y$neHS5GR=Wy1Rvv1L#I">
                            <field name="number">15000</field>
                          </block>
                        </value>
                        <next>
                          <block type="variables_set" id="}4QGaet3Ei54:43Vfj,e">
                            <field name="VAR" id="D$,)w%()T~lX0Z_shrTa" variabletype="">tppdUnnamedDriverAmount</field>
                            <value name="VALUE">
                              <block type="bignumber" id="Wm8,D_tCp#XdspsYM!o8">
                                <field name="number">15000</field>
                              </block>
                            </value>
                            <next>
                              <block type="controls_if" id="WV2N~O2v,_EaIlh6/;jL">
                                <value name="IF0">
                                  <block type="variables_get" id="bHSVR2/bCKpnxlp1]}[E">
                                    <field name="VAR" id="=L3OZ-5,_R/8N*[0a],Z" variabletype="">withUnnamedDriverExcess</field>
                                  </block>
                                </value>
                                <statement name="DO0">
                                  <block type="variables_set" id="|%an2n-$s3Z4^b)E$Yj[">
                                    <field name="VAR" id="D$,)w%()T~lX0Z_shrTa" variabletype="">tppdUnnamedDriverAmount</field>
                                    <value name="VALUE">
                                      <block type="bignumber" id="hj^h?#y+i=eq{s[uW#OM">
                                        <field name="number">15000</field>
                                      </block>
                                    </value>
                                  </block>
                                </statement>
                              </block>
                            </next>
                          </block>
                        </next>
                      </block>
                    </next>
                  </block>
                </next>
              </block>
            </statement>
          </block>
        </next>
      </block>
    </statement>
  </block>
  <block type="variables_set" id="ildVXe;%1W[w#A^YpA8S" x="1288" y="163">
    <field name="VAR" id="z0Tk9B[ihl7qcCv%,jcH" variabletype="">vehicleTypeCode</field>
    <value name="VALUE">
      <block type="text" id="1FTY6Nmv`P{3]0ico5f8">
        <field name="TEXT">A</field>
      </block>
    </value>
    <next>
      <block type="variables_set" id=",%EoX:{PD~6C=0`%n$3E">
        <field name="VAR" id="E{1;r`vL+LEV1BBSVO}a" variabletype="">insuredValue</field>
        <value name="VALUE">
          <block type="bignumber" id="i7jk9wvLvZ(w|?{-yfIp">
            <field name="number">9600</field>
          </block>
        </value>
        <next>
          <block type="variables_set" id="8MYIqeNw1uNk_@-xj]mf">
            <field name="VAR" id="82mrW1tN?S8yzLX/myK$" variabletype="">coverType</field>
            <value name="VALUE">
              <block type="text" id="Ky{vdb(VklUttm]yJv/_">
                <field name="TEXT">third party and own damage</field>
              </block>
            </value>
            <next>
              <block type="procedures_callnoreturn" id="#-WKOL4so1zel?^o1~Dg">
                <mutation name="getExcesses">
                  <arg name="vehicleTypeCode"></arg>
                  <arg name="insuredValue"></arg>
                  <arg name="coverType"></arg>
                  <arg name="withUnnamedDriverExcess"></arg>
                </mutation>
                <value name="ARG0">
                  <block type="variables_get" id="Ory0HH4NlhYp?A^Sji=k">
                    <field name="VAR" id="z0Tk9B[ihl7qcCv%,jcH" variabletype="">vehicleTypeCode</field>
                  </block>
                </value>
                <value name="ARG1">
                  <block type="variables_get" id="o9:s,S(2mr_w(o%8{6/;">
                    <field name="VAR" id="E{1;r`vL+LEV1BBSVO}a" variabletype="">insuredValue</field>
                  </block>
                </value>
                <value name="ARG2">
                  <block type="variables_get" id="kmNuqD?HNK-2Li6Rm`%r">
                    <field name="VAR" id="82mrW1tN?S8yzLX/myK$" variabletype="">coverType</field>
                  </block>
                </value>
                <value name="ARG3">
                  <block type="logic_boolean" id="^TiaYR%H5fmXbWVymWiX">
                    <field name="BOOL">TRUE</field>
                  </block>
                </value>
              </block>
            </next>
          </block>
        </next>
      </block>
    </next>
  </block>
</xml>