<xml xmlns="http://www.w3.org/1999/xhtml">
  <variables>
    <variable type="" id="5z|4e3H@kU$oABZwdKPc">vehicleType</variable>
    <variable type="" id="JFZB,$GAb1nJ|kJl##9b">isWithDriver</variable>
    <variable type="" id="y5xJ6(L:_-.QiAs|9`L`">isHired</variable>
    <variable type="" id="(]%Q=QE7-7TB*-)cXh;-">maximumPassengersNumber</variable>
    <variable type="" id="[I^mP%`QQ;!2`BLW:,8O">grossWeight</variable>
    <variable type="" id="WN$ReI3^@57EGDrYBTGO">vehicleCategoryCode</variable>
    <variable type="" id="@.cq:sdvfB@htXI/~^nJ">vehicleCategoryDescriptionEng</variable>
  </variables>
  <block type="procedures_defnoreturn" id="0W?`%!a)XdT|1V]@2eJP" x="587" y="-13">
    <mutation>
      <arg name="vehicleType" varid="5z|4e3H@kU$oABZwdKPc"></arg>
      <arg name="isWithDriver" varid="JFZB,$GAb1nJ|kJl##9b"></arg>
      <arg name="isHired" varid="y5xJ6(L:_-.QiAs|9`L`"></arg>
      <arg name="maximumPassengersNumber" varid="(]%Q=QE7-7TB*-)cXh;-"></arg>
      <arg name="grossWeight" varid="[I^mP%`QQ;!2`BLW:,8O"></arg>
    </mutation>
    <field name="NAME">getVehicleCategoryCode</field>
    <comment pinned="false" h="80" w="160">Describe this function...</comment>
    <statement name="STACK">
      <block type="controls_if" id="Ga+m)WQ@CF}TR]OjfP;H">
        <value name="IF0">
          <block type="logic_operation" id="dg6Ub,;3=;S8(yH$xUod">
            <field name="OP">AND</field>
            <value name="A">
              <block type="logic_operation" id="N5+7i;?*Av[SxDa_D+1`">
                <field name="OP">AND</field>
                <value name="A">
                  <block type="logic_compare" id="=C-U{PqkFfWoV#xS:KlS">
                    <field name="OP">EQ</field>
                    <value name="A">
                      <block type="variables_get" id=":QGTgW|Vk,^g5tOU(@lt">
                        <field name="VAR" id="5z|4e3H@kU$oABZwdKPc" variabletype="">vehicleType</field>
                      </block>
                    </value>
                    <value name="B">
                      <block type="text" id="5:/h}}`2iWpi?ADlJ:sJ">
                        <field name="TEXT">others</field>
                      </block>
                    </value>
                  </block>
                </value>
                <value name="B">
                  <block type="logic_operation" id="c@bZ=@Y043-RI9otW4n0">
                    <field name="OP">AND</field>
                    <value name="A">
                      <block type="variables_get" id="l[_Vxeg{d^[]O9$xr^}U">
                        <field name="VAR" id="JFZB,$GAb1nJ|kJl##9b" variabletype="">isWithDriver</field>
                      </block>
                    </value>
                    <value name="B">
                      <block type="variables_get" id="l4w%=+,;u%/`;hmsm:s1">
                        <field name="VAR" id="y5xJ6(L:_-.QiAs|9`L`" variabletype="">isHired</field>
                      </block>
                    </value>
                  </block>
                </value>
              </block>
            </value>
            <value name="B">
              <block type="logic_operation" id="H+5NKc^yeH~P!izs;{.,">
                <field name="OP">OR</field>
                <value name="A">
                  <block type="logic_compare" id="(t)*ACKVszE]SLJGW53z">
                    <field name="OP">LTE</field>
                    <value name="A">
                      <block type="variables_get" id="AckHNrjbfgy?NrG0g+(y">
                        <field name="VAR" id="(]%Q=QE7-7TB*-)cXh;-" variabletype="">maximumPassengersNumber</field>
                      </block>
                    </value>
                    <value name="B">
                      <block type="bignumber" id="?j2sH(,,7XkQ9yBpz~(C">
                        <field name="number">9</field>
                      </block>
                    </value>
                  </block>
                </value>
                <value name="B">
                  <block type="logic_compare" id="EX`zXcP=61$[/[~Z=*R(">
                    <field name="OP">LTE</field>
                    <value name="A">
                      <block type="variables_get" id="BX^Oh`4tW`WKPUcRG*`a">
                        <field name="VAR" id="[I^mP%`QQ;!2`BLW:,8O" variabletype="">grossWeight</field>
                      </block>
                    </value>
                    <value name="B">
                      <block type="bignumber" id="u,-{PYDQ!7$Y~xCz!gFn">
                        <field name="number">1600</field>
                      </block>
                    </value>
                  </block>
                </value>
              </block>
            </value>
          </block>
        </value>
        <statement name="DO0">
          <block type="variables_set" id="elM!LHw,;Yyf[Z)1]?$-">
            <field name="VAR" id="WN$ReI3^@57EGDrYBTGO" variabletype="">vehicleCategoryCode</field>
            <value name="VALUE">
              <block type="bignumber" id="AY!LJny*/SCnl}cI!fB]">
                <field name="number">2</field>
              </block>
            </value>
          </block>
        </statement>
        <next>
          <block type="controls_if" id="Yg5gmKFXiqD6}U~]ep%q">
            <value name="IF0">
              <block type="logic_compare" id="Sy~0t0Z/RZTp8eeV)E@}">
                <field name="OP">EQ</field>
                <value name="A">
                  <block type="variables_get" id="x(q:Nq8|$(({KEwvtR*w">
                    <field name="VAR" id="5z|4e3H@kU$oABZwdKPc" variabletype="">vehicleType</field>
                  </block>
                </value>
                <value name="B">
                  <block type="text" id="[guT^YYBTmSPZKe2nrly">
                    <field name="TEXT">taxi</field>
                  </block>
                </value>
              </block>
            </value>
            <statement name="DO0">
              <block type="variables_set" id="2k:.9J7IF7W`uslBai}d">
                <field name="VAR" id="WN$ReI3^@57EGDrYBTGO" variabletype="">vehicleCategoryCode</field>
                <value name="VALUE">
                  <block type="bignumber" id="0)A3AqUNOU[hO~K-^eov">
                    <field name="number">3</field>
                  </block>
                </value>
              </block>
            </statement>
            <next>
              <block type="controls_if" id="R?`r@wB7d|FH?RQqjTIm">
                <value name="IF0">
                  <block type="logic_operation" id="@FYAYe(4BRXm%jAVS+FR">
                    <field name="OP">AND</field>
                    <value name="A">
                      <block type="logic_operation" id="7i5BR1H-Ip5eL`%wDnot">
                        <field name="OP">AND</field>
                        <value name="A">
                          <block type="logic_compare" id="Ao?=SmFw0I^//s}vuw.Z">
                            <field name="OP">EQ</field>
                            <value name="A">
                              <block type="variables_get" id="y5LjuJL+,](~)e2^n2oa">
                                <field name="VAR" id="5z|4e3H@kU$oABZwdKPc" variabletype="">vehicleType</field>
                              </block>
                            </value>
                            <value name="B">
                              <block type="text" id="~PQ@Qv^xv1e)*/vJ):(z">
                                <field name="TEXT">others</field>
                              </block>
                            </value>
                          </block>
                        </value>
                        <value name="B">
                          <block type="logic_operation" id="([kRf66!iXgxlib|(`.g">
                            <field name="OP">AND</field>
                            <value name="A">
                              <block type="logic_negate" id="8U][%g=Txs1(;VlJdPE+">
                                <value name="BOOL">
                                  <block type="variables_get" id="nI5VZb57[QsZ!N4-ox/-">
                                    <field name="VAR" id="JFZB,$GAb1nJ|kJl##9b" variabletype="">isWithDriver</field>
                                  </block>
                                </value>
                              </block>
                            </value>
                            <value name="B">
                              <block type="variables_get" id="Mt,X2ffNiuel8fy|jx0@">
                                <field name="VAR" id="y5xJ6(L:_-.QiAs|9`L`" variabletype="">isHired</field>
                              </block>
                            </value>
                          </block>
                        </value>
                      </block>
                    </value>
                    <value name="B">
                      <block type="logic_operation" id="iVe1,M9?{/GNie,5S9_a">
                        <field name="OP">OR</field>
                        <value name="A">
                          <block type="logic_compare" id="*ul.Hc1LX+T#IW)9Te4/">
                            <field name="OP">LTE</field>
                            <value name="A">
                              <block type="variables_get" id=";w}ycvY(iXsrwmT`)w+v">
                                <field name="VAR" id="(]%Q=QE7-7TB*-)cXh;-" variabletype="">maximumPassengersNumber</field>
                              </block>
                            </value>
                            <value name="B">
                              <block type="bignumber" id="U?%)Xz8gyTGak549iIs(">
                                <field name="number">9</field>
                              </block>
                            </value>
                          </block>
                        </value>
                        <value name="B">
                          <block type="logic_compare" id="!EXe(hCInp5[/2KMrDe7">
                            <field name="OP">EQ</field>
                            <value name="A">
                              <block type="variables_get" id="K4sNDg[3L^#{NhEKSm3w">
                                <field name="VAR" id="[I^mP%`QQ;!2`BLW:,8O" variabletype="">grossWeight</field>
                              </block>
                            </value>
                            <value name="B">
                              <block type="logic_null" id="jYS)b94Bt%bxEvaPemEn"></block>
                            </value>
                          </block>
                        </value>
                      </block>
                    </value>
                  </block>
                </value>
                <statement name="DO0">
                  <block type="variables_set" id="=|j-XddlMl4peBAQe._+">
                    <field name="VAR" id="WN$ReI3^@57EGDrYBTGO" variabletype="">vehicleCategoryCode</field>
                    <value name="VALUE">
                      <block type="bignumber" id="I(/Km`tM_B`^;eMY8-`B">
                        <field name="number">4</field>
                      </block>
                    </value>
                  </block>
                </statement>
                <next>
                  <block type="controls_if" id="Ja.9aO?7.[E=3m1hhBPq">
                    <value name="IF0">
                      <block type="logic_operation" id="9,,Gzmj]2eLkxRnzz~TF">
                        <field name="OP">AND</field>
                        <value name="A">
                          <block type="logic_operation" id="YXdR,YpAj/rA`YICh%is">
                            <field name="OP">AND</field>
                            <value name="A">
                              <block type="logic_compare" id="PXWR+8Pc{![~yXC^^I_t">
                                <field name="OP">EQ</field>
                                <value name="A">
                                  <block type="variables_get" id="~P.o)Qg2//$)dl(kkOQ0">
                                    <field name="VAR" id="5z|4e3H@kU$oABZwdKPc" variabletype="">vehicleType</field>
                                  </block>
                                </value>
                                <value name="B">
                                  <block type="text" id="btjx4l?G#gLSt1iLvJl[">
                                    <field name="TEXT">others</field>
                                  </block>
                                </value>
                              </block>
                            </value>
                            <value name="B">
                              <block type="logic_operation" id="*+_dMlq`p5BkYpIkHyDs">
                                <field name="OP">AND</field>
                                <value name="A">
                                  <block type="logic_negate" id="YB$6}7Ps3G{82#r8E/3J">
                                    <value name="BOOL">
                                      <block type="variables_get" id="GXXGJ=6UI^2BFpG3@)Z6">
                                        <field name="VAR" id="JFZB,$GAb1nJ|kJl##9b" variabletype="">isWithDriver</field>
                                      </block>
                                    </value>
                                  </block>
                                </value>
                                <value name="B">
                                  <block type="variables_get" id="9AXR6nGcBCCCBuBiXE[Z">
                                    <field name="VAR" id="y5xJ6(L:_-.QiAs|9`L`" variabletype="">isHired</field>
                                  </block>
                                </value>
                              </block>
                            </value>
                          </block>
                        </value>
                        <value name="B">
                          <block type="logic_operation" id="?A77Oqy9-CuAC;oGJ64V">
                            <field name="OP">AND</field>
                            <value name="A">
                              <block type="logic_operation" id="c4v0y?[i38?2Pa_KaA=L">
                                <field name="OP">OR</field>
                                <value name="A">
                                  <block type="logic_compare" id="N4X,[:qSsI!u_V:k,,2o">
                                    <field name="OP">LTE</field>
                                    <value name="A">
                                      <block type="variables_get" id="0)^cu^*o)1m`uNP1*nJc">
                                        <field name="VAR" id="(]%Q=QE7-7TB*-)cXh;-" variabletype="">maximumPassengersNumber</field>
                                      </block>
                                    </value>
                                    <value name="B">
                                      <block type="bignumber" id="k~[8UXL|?^L]Y#q.Umv7">
                                        <field name="number">9</field>
                                      </block>
                                    </value>
                                  </block>
                                </value>
                                <value name="B">
                                  <block type="logic_compare" id="pihdCmnO!JR:YI}S9Iuf">
                                    <field name="OP">EQ</field>
                                    <value name="A">
                                      <block type="variables_get" id="K5aeKn1I7opU=.iyW!ZH">
                                        <field name="VAR" id="(]%Q=QE7-7TB*-)cXh;-" variabletype="">maximumPassengersNumber</field>
                                      </block>
                                    </value>
                                    <value name="B">
                                      <block type="logic_null" id="Ph$$d1d{u2+m|{VfSt6v"></block>
                                    </value>
                                  </block>
                                </value>
                              </block>
                            </value>
                            <value name="B">
                              <block type="logic_compare" id="P!{W6wG?r%{;d?cf:VN^">
                                <field name="OP">LTE</field>
                                <value name="A">
                                  <block type="variables_get" id="O|1x.Sn$UDYl2s?**,(V">
                                    <field name="VAR" id="[I^mP%`QQ;!2`BLW:,8O" variabletype="">grossWeight</field>
                                  </block>
                                </value>
                                <value name="B">
                                  <block type="bignumber" id="XK2}1B$#e9Z[Qn:hrs]R">
                                    <field name="number">1600</field>
                                  </block>
                                </value>
                              </block>
                            </value>
                          </block>
                        </value>
                      </block>
                    </value>
                    <statement name="DO0">
                      <block type="variables_set" id="_i:DIq~qvM50i@zyM-Zs">
                        <field name="VAR" id="WN$ReI3^@57EGDrYBTGO" variabletype="">vehicleCategoryCode</field>
                        <value name="VALUE">
                          <block type="bignumber" id="7E{5CW]l)Tk4!(66M*eZ">
                            <field name="number">4.1</field>
                          </block>
                        </value>
                      </block>
                    </statement>
                    <next>
                      <block type="controls_if" id="O)Wnic4h$,CmEgN9RA:F">
                        <value name="IF0">
                          <block type="logic_operation" id="5o[kD8GPK^Yvl-d7i-yi">
                            <field name="OP">AND</field>
                            <value name="A">
                              <block type="logic_operation" id="x_F|]R[y#(v$Vq%.=@,c">
                                <field name="OP">AND</field>
                                <value name="A">
                                  <block type="logic_compare" id="H(-jPo?7]4D5.3y}m7,A">
                                    <field name="OP">EQ</field>
                                    <value name="A">
                                      <block type="variables_get" id="[@nJPX#nt1[M/KNaL;m:">
                                        <field name="VAR" id="5z|4e3H@kU$oABZwdKPc" variabletype="">vehicleType</field>
                                      </block>
                                    </value>
                                    <value name="B">
                                      <block type="text" id="hk$/KJ14f}LT6nCeJ+jz">
                                        <field name="TEXT">others</field>
                                      </block>
                                    </value>
                                  </block>
                                </value>
                                <value name="B">
                                  <block type="logic_operation" id="(:3GeQAfIo)Q^8agm@(j">
                                    <field name="OP">AND</field>
                                    <value name="A">
                                      <block type="logic_negate" id="}@;=x8yStt`|!AQgq)}K">
                                        <value name="BOOL">
                                          <block type="variables_get" id="aG;Y}%m!JkM/)f1f?Ba,">
                                            <field name="VAR" id="JFZB,$GAb1nJ|kJl##9b" variabletype="">isWithDriver</field>
                                          </block>
                                        </value>
                                      </block>
                                    </value>
                                    <value name="B">
                                      <block type="variables_get" id="s[!a[X.R1tZuq[4Q{HMY">
                                        <field name="VAR" id="y5xJ6(L:_-.QiAs|9`L`" variabletype="">isHired</field>
                                      </block>
                                    </value>
                                  </block>
                                </value>
                              </block>
                            </value>
                            <value name="B">
                              <block type="logic_operation" id="|mR|j?:Co}4B+xw(w2|9">
                                <field name="OP">AND</field>
                                <value name="A">
                                  <block type="logic_operation" id="H;SeJM3QKLGUG!|:|?K/">
                                    <field name="OP">OR</field>
                                    <value name="A">
                                      <block type="logic_compare" id="yE~w4S!dg]T+bU~}rsKZ">
                                        <field name="OP">LTE</field>
                                        <value name="A">
                                          <block type="variables_get" id="[:[9]bauqvd*t2kq8@Q[">
                                            <field name="VAR" id="(]%Q=QE7-7TB*-)cXh;-" variabletype="">maximumPassengersNumber</field>
                                          </block>
                                        </value>
                                        <value name="B">
                                          <block type="bignumber" id="VC,13B1L^Md=:WvqWzU3">
                                            <field name="number">9</field>
                                          </block>
                                        </value>
                                      </block>
                                    </value>
                                    <value name="B">
                                      <block type="logic_compare" id="VS_eLdx:f:T%CQrME@/o">
                                        <field name="OP">EQ</field>
                                        <value name="A">
                                          <block type="variables_get" id="7Kmy#69Th#%PK4.x2+7Y">
                                            <field name="VAR" id="(]%Q=QE7-7TB*-)cXh;-" variabletype="">maximumPassengersNumber</field>
                                          </block>
                                        </value>
                                        <value name="B">
                                          <block type="logic_null" id="abQn3r)B9I(j*sQ0t8h|"></block>
                                        </value>
                                      </block>
                                    </value>
                                  </block>
                                </value>
                                <value name="B">
                                  <block type="logic_operation" id="~[7)z+F]g+-|PB7A5E~4">
                                    <field name="OP">AND</field>
                                    <value name="A">
                                      <block type="logic_compare" id="Ea,|K==j$oerS$-uQjl9">
                                        <field name="OP">GT</field>
                                        <value name="A">
                                          <block type="variables_get" id="]K[{Kb3_%sD@[]hl=^*j">
                                            <field name="VAR" id="[I^mP%`QQ;!2`BLW:,8O" variabletype="">grossWeight</field>
                                          </block>
                                        </value>
                                        <value name="B">
                                          <block type="bignumber" id="T^H%)Ji`(YkBUn+k7Nbw">
                                            <field name="number">1600</field>
                                          </block>
                                        </value>
                                      </block>
                                    </value>
                                    <value name="B">
                                      <block type="logic_compare" id="]kRBA,:R7o4ctZ]zq`f3">
                                        <field name="OP">LTE</field>
                                        <value name="A">
                                          <block type="variables_get" id="HHB}?B:{`.-;4++1[rO9">
                                            <field name="VAR" id="[I^mP%`QQ;!2`BLW:,8O" variabletype="">grossWeight</field>
                                          </block>
                                        </value>
                                        <value name="B">
                                          <block type="bignumber" id="stt-ptk_^.}fRMd0b5F@">
                                            <field name="number">3500</field>
                                          </block>
                                        </value>
                                      </block>
                                    </value>
                                  </block>
                                </value>
                              </block>
                            </value>
                          </block>
                        </value>
                        <statement name="DO0">
                          <block type="variables_set" id="L,7opaN8}qC]L$4[~:4w">
                            <field name="VAR" id="WN$ReI3^@57EGDrYBTGO" variabletype="">vehicleCategoryCode</field>
                            <value name="VALUE">
                              <block type="bignumber" id="iJm4`?PR0`3]N|udHM{K">
                                <field name="number">4.2</field>
                              </block>
                            </value>
                          </block>
                        </statement>
                        <next>
                          <block type="controls_if" id="cam)w6CA.RW5Mw7D].Ip">
                            <value name="IF0">
                              <block type="logic_operation" id="#!-B;E(iMWpIe*RRO~!I">
                                <field name="OP">AND</field>
                                <value name="A">
                                  <block type="logic_operation" id="vxbsT;ynL/?s|fR],4)Z">
                                    <field name="OP">AND</field>
                                    <value name="A">
                                      <block type="logic_compare" id="[|PVn^K@^b4CI~A)-=bg">
                                        <field name="OP">EQ</field>
                                        <value name="A">
                                          <block type="variables_get" id="$D!GG?jlx6}f8dT@b3O~">
                                            <field name="VAR" id="5z|4e3H@kU$oABZwdKPc" variabletype="">vehicleType</field>
                                          </block>
                                        </value>
                                        <value name="B">
                                          <block type="text" id="#SU{HRtosFr}Hea[}hu|">
                                            <field name="TEXT">others</field>
                                          </block>
                                        </value>
                                      </block>
                                    </value>
                                    <value name="B">
                                      <block type="logic_operation" id="yRHjv3ZVI8-llwQ~*;5$">
                                        <field name="OP">AND</field>
                                        <value name="A">
                                          <block type="variables_get" id="j0/iOsictJW@{YjbY:=L">
                                            <field name="VAR" id="JFZB,$GAb1nJ|kJl##9b" variabletype="">isWithDriver</field>
                                          </block>
                                        </value>
                                        <value name="B">
                                          <block type="logic_negate" id="DuWV7,QT5i-,vk;eN#4W">
                                            <value name="BOOL">
                                              <block type="variables_get" id="zUcKp)OVZfuHf_)Ou1P:">
                                                <field name="VAR" id="y5xJ6(L:_-.QiAs|9`L`" variabletype="">isHired</field>
                                              </block>
                                            </value>
                                          </block>
                                        </value>
                                      </block>
                                    </value>
                                  </block>
                                </value>
                                <value name="B">
                                  <block type="logic_operation" id="4r#0q7bM_w_%exMZWUsT">
                                    <field name="OP">OR</field>
                                    <value name="A">
                                      <block type="logic_compare" id="{eK@92qLaYKZy]`,Xsa^">
                                        <field name="OP">LTE</field>
                                        <value name="A">
                                          <block type="variables_get" id="U2:Eum,di!qbGTqzOxix">
                                            <field name="VAR" id="(]%Q=QE7-7TB*-)cXh;-" variabletype="">maximumPassengersNumber</field>
                                          </block>
                                        </value>
                                        <value name="B">
                                          <block type="bignumber" id="2F6}(UOQ)Hrplmg,/1Ng">
                                            <field name="number">9</field>
                                          </block>
                                        </value>
                                      </block>
                                    </value>
                                    <value name="B">
                                      <block type="logic_compare" id="%6m]);oNz{dBxc_4,dSm">
                                        <field name="OP">LTE</field>
                                        <value name="A">
                                          <block type="variables_get" id="*_7e*-bxN;gNf`}L.(})">
                                            <field name="VAR" id="[I^mP%`QQ;!2`BLW:,8O" variabletype="">grossWeight</field>
                                          </block>
                                        </value>
                                        <value name="B">
                                          <block type="bignumber" id="fZxyMEEVJC{lq3cR`dBU">
                                            <field name="number">2500</field>
                                          </block>
                                        </value>
                                      </block>
                                    </value>
                                  </block>
                                </value>
                              </block>
                            </value>
                            <statement name="DO0">
                              <block type="variables_set" id="2Qz-6VnRot^+!0Vg!Abt">
                                <field name="VAR" id="WN$ReI3^@57EGDrYBTGO" variabletype="">vehicleCategoryCode</field>
                                <value name="VALUE">
                                  <block type="bignumber" id="W43lKJy]TNw7Xc(,,k:=">
                                    <field name="number">5</field>
                                  </block>
                                </value>
                              </block>
                            </statement>
                            <next>
                              <block type="controls_if" id="/R]aqWv}c,?$bKJiTy+o">
                                <value name="IF0">
                                  <block type="logic_operation" id=".fm)nD@Z+|@4J@`G6+nl">
                                    <field name="OP">AND</field>
                                    <value name="A">
                                      <block type="logic_operation" id="(9E#*tDzBLNF]jLNIixG">
                                        <field name="OP">AND</field>
                                        <value name="A">
                                          <block type="logic_compare" id="b,jVfp6/n-9BsPJ(%R0r">
                                            <field name="OP">EQ</field>
                                            <value name="A">
                                              <block type="variables_get" id="AD5M=`0J3moIYQOa`]5)">
                                                <field name="VAR" id="5z|4e3H@kU$oABZwdKPc" variabletype="">vehicleType</field>
                                              </block>
                                            </value>
                                            <value name="B">
                                              <block type="text" id="jAYlPn2I?P)Qo;!AgFMB">
                                                <field name="TEXT">others</field>
                                              </block>
                                            </value>
                                          </block>
                                        </value>
                                        <value name="B">
                                          <block type="logic_negate" id="DHl8zHK)O{7R@TZ[9cS;">
                                            <value name="BOOL">
                                              <block type="variables_get" id="8q(BIH03rnbJnQ#~BD1-">
                                                <field name="VAR" id="y5xJ6(L:_-.QiAs|9`L`" variabletype="">isHired</field>
                                              </block>
                                            </value>
                                          </block>
                                        </value>
                                      </block>
                                    </value>
                                    <value name="B">
                                      <block type="logic_operation" id=";P%NW0HA:!e3`*#a;#f[">
                                        <field name="OP">AND</field>
                                        <value name="A">
                                          <block type="logic_compare" id="U=2F^kC`.V~5(JE1BmIx">
                                            <field name="OP">GTE</field>
                                            <value name="A">
                                              <block type="variables_get" id="8fYj3v78qb;m=g1UKQt*">
                                                <field name="VAR" id="[I^mP%`QQ;!2`BLW:,8O" variabletype="">grossWeight</field>
                                              </block>
                                            </value>
                                            <value name="B">
                                              <block type="bignumber" id="@5`jr%~r7fQ$5e$LL5^E">
                                                <field name="number">2501</field>
                                              </block>
                                            </value>
                                          </block>
                                        </value>
                                        <value name="B">
                                          <block type="logic_compare" id="cEVnbIx@=j5qeJ`Br*,m">
                                            <field name="OP">LTE</field>
                                            <value name="A">
                                              <block type="variables_get" id="jl`XI3CBVaJtFH{D(iuZ">
                                                <field name="VAR" id="[I^mP%`QQ;!2`BLW:,8O" variabletype="">grossWeight</field>
                                              </block>
                                            </value>
                                            <value name="B">
                                              <block type="bignumber" id="1FlIJ-C!1B9+yhtDKBgA">
                                                <field name="number">3500</field>
                                              </block>
                                            </value>
                                          </block>
                                        </value>
                                      </block>
                                    </value>
                                  </block>
                                </value>
                                <statement name="DO0">
                                  <block type="variables_set" id="vH/}G-Q7fL|=:]5?av{~">
                                    <field name="VAR" id="WN$ReI3^@57EGDrYBTGO" variabletype="">vehicleCategoryCode</field>
                                    <value name="VALUE">
                                      <block type="bignumber" id="r[rUvJ14cs=D-=h2`zhJ">
                                        <field name="number">6</field>
                                      </block>
                                    </value>
                                  </block>
                                </statement>
                                <next>
                                  <block type="controls_if" id="Lu}fid66P@o*[YK$r}ns">
                                    <value name="IF0">
                                      <block type="logic_operation" id="HeRrYzLjDk6Ged]R|tQH">
                                        <field name="OP">AND</field>
                                        <value name="A">
                                          <block type="logic_operation" id="b[NwF3S!Q9Eyku!f$Q3q">
                                            <field name="OP">AND</field>
                                            <value name="A">
                                              <block type="logic_compare" id="Y^ng!=[fX?+c((YC]9eC">
                                                <field name="OP">EQ</field>
                                                <value name="A">
                                                  <block type="variables_get" id="cVp,:D2%@0ajL.Qf}=Xk">
                                                    <field name="VAR" id="5z|4e3H@kU$oABZwdKPc" variabletype="">vehicleType</field>
                                                  </block>
                                                </value>
                                                <value name="B">
                                                  <block type="text" id="8CRh^K|h?b~)@:ta*XIv">
                                                    <field name="TEXT">others</field>
                                                  </block>
                                                </value>
                                              </block>
                                            </value>
                                            <value name="B">
                                              <block type="logic_operation" id="Ut*i]~y4I~A3r}-FRx89">
                                                <field name="OP">AND</field>
                                                <value name="A">
                                                  <block type="variables_get" id="n2?j{v_$05;3d$Fy/7T`">
                                                    <field name="VAR" id="JFZB,$GAb1nJ|kJl##9b" variabletype="">isWithDriver</field>
                                                  </block>
                                                </value>
                                                <value name="B">
                                                  <block type="variables_get" id="$~s]R{.LA%ARKxN4]R2#">
                                                    <field name="VAR" id="y5xJ6(L:_-.QiAs|9`L`" variabletype="">isHired</field>
                                                  </block>
                                                </value>
                                              </block>
                                            </value>
                                          </block>
                                        </value>
                                        <value name="B">
                                          <block type="logic_operation" id="d1y~z4748ae!U19Nwl_z">
                                            <field name="OP">AND</field>
                                            <value name="A">
                                              <block type="logic_compare" id=":e3TFqQh;39u.4.p/@hf">
                                                <field name="OP">GTE</field>
                                                <value name="A">
                                                  <block type="variables_get" id="~#v;+?]([{m@RqjDaz(`">
                                                    <field name="VAR" id="[I^mP%`QQ;!2`BLW:,8O" variabletype="">grossWeight</field>
                                                  </block>
                                                </value>
                                                <value name="B">
                                                  <block type="bignumber" id="A${l8)f+o+|XiSl0Ainv">
                                                    <field name="number">1601</field>
                                                  </block>
                                                </value>
                                              </block>
                                            </value>
                                            <value name="B">
                                              <block type="logic_compare" id="mZw|?|[lv}8hZ,yt*!^Z">
                                                <field name="OP">LTE</field>
                                                <value name="A">
                                                  <block type="variables_get" id="OOYc5e!M,O0CQ(l3s5IS">
                                                    <field name="VAR" id="[I^mP%`QQ;!2`BLW:,8O" variabletype="">grossWeight</field>
                                                  </block>
                                                </value>
                                                <value name="B">
                                                  <block type="bignumber" id="/PVE6!a4u,wu.Uq-)R*-">
                                                    <field name="number">3500</field>
                                                  </block>
                                                </value>
                                              </block>
                                            </value>
                                          </block>
                                        </value>
                                      </block>
                                    </value>
                                    <statement name="DO0">
                                      <block type="variables_set" id="@S;/qtRC!:Ki8Y@EXk5)">
                                        <field name="VAR" id="WN$ReI3^@57EGDrYBTGO" variabletype="">vehicleCategoryCode</field>
                                        <value name="VALUE">
                                          <block type="bignumber" id="t(4SNBt:;?x?VH;GGkRO">
                                            <field name="number">7</field>
                                          </block>
                                        </value>
                                      </block>
                                    </statement>
                                    <next>
                                      <block type="controls_if" id="KRx+/DV;*~OGrd1pB;o[">
                                        <value name="IF0">
                                          <block type="logic_operation" id="W-!mSpp20)4{1=5A_UnW">
                                            <field name="OP">AND</field>
                                            <value name="A">
                                              <block type="logic_operation" id="~73#$Q*yf35)ceo-wly9">
                                                <field name="OP">AND</field>
                                                <value name="A">
                                                  <block type="logic_compare" id="D5fNA{#)2$-]pbk$+ouZ">
                                                    <field name="OP">EQ</field>
                                                    <value name="A">
                                                      <block type="variables_get" id=".r6Y,u3vJ*^UQ#jfd+=r">
                                                        <field name="VAR" id="5z|4e3H@kU$oABZwdKPc" variabletype="">vehicleType</field>
                                                      </block>
                                                    </value>
                                                    <value name="B">
                                                      <block type="text" id="q)#c/USI@E.AsI|`.DDH">
                                                        <field name="TEXT">others</field>
                                                      </block>
                                                    </value>
                                                  </block>
                                                </value>
                                                <value name="B">
                                                  <block type="logic_negate" id="BsJ#^x:B3t?tN5c:|GAh">
                                                    <value name="BOOL">
                                                      <block type="variables_get" id="7y5z8*6aZqs#%x[poJ%M">
                                                        <field name="VAR" id="y5xJ6(L:_-.QiAs|9`L`" variabletype="">isHired</field>
                                                      </block>
                                                    </value>
                                                  </block>
                                                </value>
                                              </block>
                                            </value>
                                            <value name="B">
                                              <block type="logic_operation" id="q7(]6uvv}p$8s_NGZ:8u">
                                                <field name="OP">AND</field>
                                                <value name="A">
                                                  <block type="logic_compare" id="~4ERN8i5SW#U:1V?g#24">
                                                    <field name="OP">GTE</field>
                                                    <value name="A">
                                                      <block type="variables_get" id="{3v)#3loaOr)Hbls1SL:">
                                                        <field name="VAR" id="[I^mP%`QQ;!2`BLW:,8O" variabletype="">grossWeight</field>
                                                      </block>
                                                    </value>
                                                    <value name="B">
                                                      <block type="bignumber" id="i@p[bm:U!YT{e2rwIQ~m">
                                                        <field name="number">3501</field>
                                                      </block>
                                                    </value>
                                                  </block>
                                                </value>
                                                <value name="B">
                                                  <block type="logic_compare" id="-$]x:ykr;PYiEa:H+b]d">
                                                    <field name="OP">LTE</field>
                                                    <value name="A">
                                                      <block type="variables_get" id="t+A8`!FJTAg4]YbWm-zg">
                                                        <field name="VAR" id="[I^mP%`QQ;!2`BLW:,8O" variabletype="">grossWeight</field>
                                                      </block>
                                                    </value>
                                                    <value name="B">
                                                      <block type="bignumber" id="m~(ztpCP*LB^pv)1/IPx">
                                                        <field name="number">10000</field>
                                                      </block>
                                                    </value>
                                                  </block>
                                                </value>
                                              </block>
                                            </value>
                                          </block>
                                        </value>
                                        <statement name="DO0">
                                          <block type="variables_set" id="GW%uehnXBfMN5N3;r_~J">
                                            <field name="VAR" id="WN$ReI3^@57EGDrYBTGO" variabletype="">vehicleCategoryCode</field>
                                            <value name="VALUE">
                                              <block type="bignumber" id="j9MP--,]C`2o+J.{9%02">
                                                <field name="number">8</field>
                                              </block>
                                            </value>
                                          </block>
                                        </statement>
                                        <next>
                                          <block type="controls_if" id="lODjUXNr[YYdP:Lu|[2/">
                                            <value name="IF0">
                                              <block type="logic_operation" id="g4!(SqZ%ZmHh3q;N_loV">
                                                <field name="OP">AND</field>
                                                <value name="A">
                                                  <block type="logic_operation" id="r}b;*DA~{:7fG+-945b)">
                                                    <field name="OP">AND</field>
                                                    <value name="A">
                                                      <block type="logic_compare" id="4nvmlGd%pKDre3xx~s(m">
                                                        <field name="OP">EQ</field>
                                                        <value name="A">
                                                          <block type="variables_get" id="b@5gB!_/K/tAo8Kh8G/e">
                                                            <field name="VAR" id="5z|4e3H@kU$oABZwdKPc" variabletype="">vehicleType</field>
                                                          </block>
                                                        </value>
                                                        <value name="B">
                                                          <block type="text" id="A6-,]b18t+~Ks,p+/C!q">
                                                            <field name="TEXT">others</field>
                                                          </block>
                                                        </value>
                                                      </block>
                                                    </value>
                                                    <value name="B">
                                                      <block type="logic_negate" id="5xuS8eCTioTd@i2JhVB_">
                                                        <value name="BOOL">
                                                          <block type="variables_get" id="}Fw%D-+@-=qPG!*rS5]B">
                                                            <field name="VAR" id="y5xJ6(L:_-.QiAs|9`L`" variabletype="">isHired</field>
                                                          </block>
                                                        </value>
                                                      </block>
                                                    </value>
                                                  </block>
                                                </value>
                                                <value name="B">
                                                  <block type="logic_compare" id="M[he$O0UO+O2Xsj.l7gY">
                                                    <field name="OP">GT</field>
                                                    <value name="A">
                                                      <block type="variables_get" id="fYei;j`!+0.3G}$it[ot">
                                                        <field name="VAR" id="[I^mP%`QQ;!2`BLW:,8O" variabletype="">grossWeight</field>
                                                      </block>
                                                    </value>
                                                    <value name="B">
                                                      <block type="bignumber" id="lB{=e#!13NYuf,4~i`CH">
                                                        <field name="number">10000</field>
                                                      </block>
                                                    </value>
                                                  </block>
                                                </value>
                                              </block>
                                            </value>
                                            <statement name="DO0">
                                              <block type="variables_set" id="Oy_N%%|RQ@xh7h,O9GdY">
                                                <field name="VAR" id="WN$ReI3^@57EGDrYBTGO" variabletype="">vehicleCategoryCode</field>
                                                <value name="VALUE">
                                                  <block type="bignumber" id="WHU)~arX,FK).Ky=^A:|">
                                                    <field name="number">8.1</field>
                                                  </block>
                                                </value>
                                              </block>
                                            </statement>
                                            <next>
                                              <block type="controls_if" id="oJ$;]JpY^p6r~}6HiMq_">
                                                <value name="IF0">
                                                  <block type="logic_operation" id="6|@k-qrl+mM01~(F=@fm">
                                                    <field name="OP">AND</field>
                                                    <value name="A">
                                                      <block type="logic_operation" id="y1r1;@s-+d`^j%^JE=OB">
                                                        <field name="OP">AND</field>
                                                        <value name="A">
                                                          <block type="logic_compare" id="v^6]1DuZ(gWn2aMJd)!r">
                                                            <field name="OP">EQ</field>
                                                            <value name="A">
                                                              <block type="variables_get" id="#@#dmxE-AE`m=mDuh!)g">
                                                                <field name="VAR" id="5z|4e3H@kU$oABZwdKPc" variabletype="">vehicleType</field>
                                                              </block>
                                                            </value>
                                                            <value name="B">
                                                              <block type="text" id="%fbvYZD]ZQUxvlwo;fPO">
                                                                <field name="TEXT">others</field>
                                                              </block>
                                                            </value>
                                                          </block>
                                                        </value>
                                                        <value name="B">
                                                          <block type="logic_operation" id="8et=XNmNHW~G_CAT/U0`">
                                                            <field name="OP">AND</field>
                                                            <value name="A">
                                                              <block type="variables_get" id="DgC2{H`i@%5:..I@3^SA">
                                                                <field name="VAR" id="JFZB,$GAb1nJ|kJl##9b" variabletype="">isWithDriver</field>
                                                              </block>
                                                            </value>
                                                            <value name="B">
                                                              <block type="variables_get" id="KpV;EqXlI8A`{Vq0Aq6*">
                                                                <field name="VAR" id="y5xJ6(L:_-.QiAs|9`L`" variabletype="">isHired</field>
                                                              </block>
                                                            </value>
                                                          </block>
                                                        </value>
                                                      </block>
                                                    </value>
                                                    <value name="B">
                                                      <block type="logic_operation" id="v=2eJ8`u`dok+j?JP#4Z">
                                                        <field name="OP">AND</field>
                                                        <value name="A">
                                                          <block type="logic_compare" id="EE[qk}{]2PtQ@7f)CZ)h">
                                                            <field name="OP">GTE</field>
                                                            <value name="A">
                                                              <block type="variables_get" id="^2rFfcIKN9N+6H)Yb-mM">
                                                                <field name="VAR" id="[I^mP%`QQ;!2`BLW:,8O" variabletype="">grossWeight</field>
                                                              </block>
                                                            </value>
                                                            <value name="B">
                                                              <block type="bignumber" id="K9FU_jg[Y2W3j4EF!E*V">
                                                                <field name="number">3501</field>
                                                              </block>
                                                            </value>
                                                          </block>
                                                        </value>
                                                        <value name="B">
                                                          <block type="logic_compare" id="/2qQf[vW@1!K8ns!{(Rk">
                                                            <field name="OP">LTE</field>
                                                            <value name="A">
                                                              <block type="variables_get" id="0xA5A6KI@PVv1;+Wdi{9">
                                                                <field name="VAR" id="[I^mP%`QQ;!2`BLW:,8O" variabletype="">grossWeight</field>
                                                              </block>
                                                            </value>
                                                            <value name="B">
                                                              <block type="bignumber" id="}Ef{KdmnKb[KS07lBaWe">
                                                                <field name="number">10000</field>
                                                              </block>
                                                            </value>
                                                          </block>
                                                        </value>
                                                      </block>
                                                    </value>
                                                  </block>
                                                </value>
                                                <statement name="DO0">
                                                  <block type="variables_set" id="z(L3@b*Hg?yxW.LOmvnK">
                                                    <field name="VAR" id="WN$ReI3^@57EGDrYBTGO" variabletype="">vehicleCategoryCode</field>
                                                    <value name="VALUE">
                                                      <block type="bignumber" id="auiQCi4~kacvl:0=3TAk">
                                                        <field name="number">9</field>
                                                      </block>
                                                    </value>
                                                  </block>
                                                </statement>
                                                <next>
                                                  <block type="controls_if" id="fO79nhzUai]^*`YbndBn">
                                                    <value name="IF0">
                                                      <block type="logic_operation" id="#FXtqj5sQ@b{Uy57@it|">
                                                        <field name="OP">AND</field>
                                                        <value name="A">
                                                          <block type="logic_operation" id="rL2sje`c[xh.N0E96!mf">
                                                            <field name="OP">AND</field>
                                                            <value name="A">
                                                              <block type="logic_compare" id="P.vm:UA$=PAS*vL/5_q%">
                                                                <field name="OP">EQ</field>
                                                                <value name="A">
                                                                  <block type="variables_get" id="Wd?T)HX2@:0DQ|TAtule">
                                                                    <field name="VAR" id="5z|4e3H@kU$oABZwdKPc" variabletype="">vehicleType</field>
                                                                  </block>
                                                                </value>
                                                                <value name="B">
                                                                  <block type="text" id="vzTjP9Akb4TVJ?6j*p*x">
                                                                    <field name="TEXT">others</field>
                                                                  </block>
                                                                </value>
                                                              </block>
                                                            </value>
                                                            <value name="B">
                                                              <block type="logic_operation" id="LpQ[Or4%~BSHt$vzfs,$">
                                                                <field name="OP">AND</field>
                                                                <value name="A">
                                                                  <block type="variables_get" id=".p%#U*qy]$t%9[3`Ii{|">
                                                                    <field name="VAR" id="JFZB,$GAb1nJ|kJl##9b" variabletype="">isWithDriver</field>
                                                                  </block>
                                                                </value>
                                                                <value name="B">
                                                                  <block type="variables_get" id="k1F;K5LM;D~rN}[7?sT~">
                                                                    <field name="VAR" id="y5xJ6(L:_-.QiAs|9`L`" variabletype="">isHired</field>
                                                                  </block>
                                                                </value>
                                                              </block>
                                                            </value>
                                                          </block>
                                                        </value>
                                                        <value name="B">
                                                          <block type="logic_compare" id="Cx:)~^2^jNgcj/VY!C}_">
                                                            <field name="OP">GT</field>
                                                            <value name="A">
                                                              <block type="variables_get" id="hbqa+=KI%#_FW8GY(qRn">
                                                                <field name="VAR" id="[I^mP%`QQ;!2`BLW:,8O" variabletype="">grossWeight</field>
                                                              </block>
                                                            </value>
                                                            <value name="B">
                                                              <block type="bignumber" id="dd!S,nTbg{P/l4LLb`?Z">
                                                                <field name="number">10000</field>
                                                              </block>
                                                            </value>
                                                          </block>
                                                        </value>
                                                      </block>
                                                    </value>
                                                    <statement name="DO0">
                                                      <block type="variables_set" id="Pa{u5-F^zTz=Up{aO,Jv">
                                                        <field name="VAR" id="WN$ReI3^@57EGDrYBTGO" variabletype="">vehicleCategoryCode</field>
                                                        <value name="VALUE">
                                                          <block type="bignumber" id="WV3fv4f_?2GcXqZtWa_h">
                                                            <field name="number">9.1</field>
                                                          </block>
                                                        </value>
                                                      </block>
                                                    </statement>
                                                    <next>
                                                      <block type="controls_if" id="0]NB8O!_?t(V7k[VB$0x">
                                                        <value name="IF0">
                                                          <block type="logic_operation" id=":[ddyX+5FIYgGh::DkLz">
                                                            <field name="OP">AND</field>
                                                            <value name="A">
                                                              <block type="logic_compare" id="I`#hS1y%%`433^.1cYLP">
                                                                <field name="OP">EQ</field>
                                                                <value name="A">
                                                                  <block type="variables_get" id=":=j8Bn%sk=KexH5+9/n5">
                                                                    <field name="VAR" id="5z|4e3H@kU$oABZwdKPc" variabletype="">vehicleType</field>
                                                                  </block>
                                                                </value>
                                                                <value name="B">
                                                                  <block type="text" id="S1JlWWhTBs,G}.23I%Hb">
                                                                    <field name="TEXT">bus</field>
                                                                  </block>
                                                                </value>
                                                              </block>
                                                            </value>
                                                            <value name="B">
                                                              <block type="logic_negate" id="z,4+0d).XxvMM:vGUXl{">
                                                                <value name="BOOL">
                                                                  <block type="variables_get" id="v1KBaSx6iTH!*y~]+Sr%">
                                                                    <field name="VAR" id="y5xJ6(L:_-.QiAs|9`L`" variabletype="">isHired</field>
                                                                  </block>
                                                                </value>
                                                              </block>
                                                            </value>
                                                          </block>
                                                        </value>
                                                        <statement name="DO0">
                                                          <block type="variables_set" id=";Xwxa+cES._~%5+RK9DE">
                                                            <field name="VAR" id="WN$ReI3^@57EGDrYBTGO" variabletype="">vehicleCategoryCode</field>
                                                            <value name="VALUE">
                                                              <block type="bignumber" id="ChYgU*{rfvu;Mz%(tasZ">
                                                                <field name="number">10</field>
                                                              </block>
                                                            </value>
                                                          </block>
                                                        </statement>
                                                        <next>
                                                          <block type="controls_if" id="y1p|qtVErTt;2F@=pZg4">
                                                            <value name="IF0">
                                                              <block type="logic_operation" id="q7O(f@kSn%0L2+2#brd0">
                                                                <field name="OP">AND</field>
                                                                <value name="A">
                                                                  <block type="logic_compare" id="q$C7Uf88R%1}v=LxxpEK">
                                                                    <field name="OP">EQ</field>
                                                                    <value name="A">
                                                                      <block type="variables_get" id="9A8+0$nV7hZd._9#3LA^">
                                                                        <field name="VAR" id="5z|4e3H@kU$oABZwdKPc" variabletype="">vehicleType</field>
                                                                      </block>
                                                                    </value>
                                                                    <value name="B">
                                                                      <block type="text" id="u[}7@v:8boP}M+vwYoeA">
                                                                        <field name="TEXT">bus</field>
                                                                      </block>
                                                                    </value>
                                                                  </block>
                                                                </value>
                                                                <value name="B">
                                                                  <block type="variables_get" id="5mWkf@z;qN4A:)p75*RC">
                                                                    <field name="VAR" id="y5xJ6(L:_-.QiAs|9`L`" variabletype="">isHired</field>
                                                                  </block>
                                                                </value>
                                                              </block>
                                                            </value>
                                                            <statement name="DO0">
                                                              <block type="variables_set" id="mUkI}Bgzy*TitfVs)V@;">
                                                                <field name="VAR" id="WN$ReI3^@57EGDrYBTGO" variabletype="">vehicleCategoryCode</field>
                                                                <value name="VALUE">
                                                                  <block type="bignumber" id="i/OcpJY/GD^i7boZ_b:V">
                                                                    <field name="number">11</field>
                                                                  </block>
                                                                </value>
                                                              </block>
                                                            </statement>
                                                          </block>
                                                        </next>
                                                      </block>
                                                    </next>
                                                  </block>
                                                </next>
                                              </block>
                                            </next>
                                          </block>
                                        </next>
                                      </block>
                                    </next>
                                  </block>
                                </next>
                              </block>
                            </next>
                          </block>
                        </next>
                      </block>
                    </next>
                  </block>
                </next>
              </block>
            </next>
          </block>
        </next>
      </block>
    </statement>
  </block>
  <block type="variables_set" id="@?4}V,9SUuIkD(/WdVlM" x="2437" y="738">
    <field name="VAR" id="5z|4e3H@kU$oABZwdKPc" variabletype="">vehicleType</field>
    <value name="VALUE">
      <block type="text" id="R.AfDmve`n-erkx)%$ND">
        <field name="TEXT">bus</field>
      </block>
    </value>
    <next>
      <block type="variables_set" id="9`@3w^UI,i#d%H(eY=D8">
        <field name="VAR" id="(]%Q=QE7-7TB*-)cXh;-" variabletype="">maximumPassengersNumber</field>
        <value name="VALUE">
          <block type="bignumber" id="sM*X(PZdSddm2~J,VU9u">
            <field name="number">10</field>
          </block>
        </value>
        <next>
          <block type="variables_set" id="urj-1Xr**2Yh[/L)Xk~i">
            <field name="VAR" id="[I^mP%`QQ;!2`BLW:,8O" variabletype="">grossWeight</field>
            <value name="VALUE">
              <block type="bignumber" id="fe|0ew(G_-5T[q4uO9yT">
                <field name="number">3000</field>
              </block>
            </value>
            <next>
              <block type="procedures_callnoreturn" id="+h!7[;@#UII?4~*KolkU">
                <mutation name="getVehicleCategoryCode">
                  <arg name="vehicleType"></arg>
                  <arg name="isWithDriver"></arg>
                  <arg name="isHired"></arg>
                  <arg name="maximumPassengersNumber"></arg>
                  <arg name="grossWeight"></arg>
                </mutation>
                <value name="ARG0">
                  <block type="variables_get" id="5I|W}u*cjRro^FfZ2J;D">
                    <field name="VAR" id="5z|4e3H@kU$oABZwdKPc" variabletype="">vehicleType</field>
                  </block>
                </value>
                <value name="ARG1">
                  <block type="variables_get" id="ORyCBgOX[fAdi+C./u~a">
                    <field name="VAR" id="JFZB,$GAb1nJ|kJl##9b" variabletype="">isWithDriver</field>
                  </block>
                </value>
                <value name="ARG2">
                  <block type="variables_get" id="NvuYc8y}Q`m%HVxjZQhz">
                    <field name="VAR" id="y5xJ6(L:_-.QiAs|9`L`" variabletype="">isHired</field>
                  </block>
                </value>
                <value name="ARG3">
                  <block type="variables_get" id="Jd]$zNKd]0/?[6_L]kG#">
                    <field name="VAR" id="(]%Q=QE7-7TB*-)cXh;-" variabletype="">maximumPassengersNumber</field>
                  </block>
                </value>
                <value name="ARG4">
                  <block type="variables_get" id="-b5b6:D)0m^8M_V|B[1+">
                    <field name="VAR" id="[I^mP%`QQ;!2`BLW:,8O" variabletype="">grossWeight</field>
                  </block>
                </value>
                <next>
                  <block type="procedures_callnoreturn" id="sm)g8tj.hQDTdV*NuHx1">
                    <mutation name="getVehicleCategory">
                      <arg name="vehicleType"></arg>
                      <arg name="isWithDriver"></arg>
                      <arg name="isHired"></arg>
                      <arg name="maximumPassengersNumber"></arg>
                      <arg name="grossWeight"></arg>
                    </mutation>
                    <value name="ARG0">
                      <block type="variables_get" id="dAoc4(zm6L7re6Fl8Dxv">
                        <field name="VAR" id="5z|4e3H@kU$oABZwdKPc" variabletype="">vehicleType</field>
                      </block>
                    </value>
                    <value name="ARG1">
                      <block type="variables_get" id="p=}y/;kN6yTKJ*a+iJ$9">
                        <field name="VAR" id="JFZB,$GAb1nJ|kJl##9b" variabletype="">isWithDriver</field>
                      </block>
                    </value>
                    <value name="ARG2">
                      <block type="variables_get" id="f^~BPj:;Zydst__NmZ}x">
                        <field name="VAR" id="y5xJ6(L:_-.QiAs|9`L`" variabletype="">isHired</field>
                      </block>
                    </value>
                    <value name="ARG3">
                      <block type="variables_get" id="Au@D7YiV(X09epG8EOyR">
                        <field name="VAR" id="(]%Q=QE7-7TB*-)cXh;-" variabletype="">maximumPassengersNumber</field>
                      </block>
                    </value>
                    <value name="ARG4">
                      <block type="variables_get" id="dx_b|AxG~HT)dvHegw3j">
                        <field name="VAR" id="[I^mP%`QQ;!2`BLW:,8O" variabletype="">grossWeight</field>
                      </block>
                    </value>
                  </block>
                </next>
              </block>
            </next>
          </block>
        </next>
      </block>
    </next>
  </block>
  <block type="procedures_defnoreturn" id="%Q_3,}VAi1X?@4VInk2B" x="587" y="1462">
    <mutation>
      <arg name="vehicleType" varid="5z|4e3H@kU$oABZwdKPc"></arg>
      <arg name="isWithDriver" varid="JFZB,$GAb1nJ|kJl##9b"></arg>
      <arg name="isHired" varid="y5xJ6(L:_-.QiAs|9`L`"></arg>
      <arg name="maximumPassengersNumber" varid="(]%Q=QE7-7TB*-)cXh;-"></arg>
      <arg name="grossWeight" varid="[I^mP%`QQ;!2`BLW:,8O"></arg>
    </mutation>
    <field name="NAME">getVehicleCategory</field>
    <comment pinned="false" h="80" w="160">Describe this function...</comment>
    <statement name="STACK">
      <block type="procedures_callnoreturn" id=".#w/d#2;,*~Ch-:)8CR.">
        <mutation name="getVehicleCategoryCode">
          <arg name="vehicleType"></arg>
          <arg name="isWithDriver"></arg>
          <arg name="isHired"></arg>
          <arg name="maximumPassengersNumber"></arg>
          <arg name="grossWeight"></arg>
        </mutation>
        <value name="ARG0">
          <block type="variables_get" id="=s%oi,[f|kjZB:4?^UXH">
            <field name="VAR" id="5z|4e3H@kU$oABZwdKPc" variabletype="">vehicleType</field>
          </block>
        </value>
        <value name="ARG1">
          <block type="variables_get" id="6xBq_6hvEvNbE^Gg$/A:">
            <field name="VAR" id="JFZB,$GAb1nJ|kJl##9b" variabletype="">isWithDriver</field>
          </block>
        </value>
        <value name="ARG2">
          <block type="variables_get" id="*CWPXosqxh.sHujvXI?e">
            <field name="VAR" id="y5xJ6(L:_-.QiAs|9`L`" variabletype="">isHired</field>
          </block>
        </value>
        <value name="ARG3">
          <block type="variables_get" id=":)*Fw;bab2YZe?@sQ~{1">
            <field name="VAR" id="(]%Q=QE7-7TB*-)cXh;-" variabletype="">maximumPassengersNumber</field>
          </block>
        </value>
        <value name="ARG4">
          <block type="variables_get" id="P_~Eb3(EA)`NPeVx?`!g">
            <field name="VAR" id="[I^mP%`QQ;!2`BLW:,8O" variabletype="">grossWeight</field>
          </block>
        </value>
        <next>
          <block type="variables_set" id="kTIu_#@h)o5!k?BJpm4o">
            <field name="VAR" id="@.cq:sdvfB@htXI/~^nJ" variabletype="">vehicleCategoryDescriptionEng</field>
            <value name="VALUE">
              <block type="dataquery" id="wnrlQ@f;8=p[5}~5wK4,">
                <value name="tableName">
                  <block type="text" id="lTZ]@}?=]Q@#zQp5Nf8^">
                    <field name="TEXT">macauVehicleCategory</field>
                  </block>
                </value>
                <value name="filterColumnNames">
                  <block type="lists_create_with" id="aS}X^DCL*=y%iZUu*LuV">
                    <mutation items="1"></mutation>
                    <value name="ADD0">
                      <block type="text" id="aqh=*shjdAEkUca5/@lQ">
                        <field name="TEXT">vehicleCategoryCode</field>
                      </block>
                    </value>
                  </block>
                </value>
                <value name="filterColumnValues">
                  <block type="lists_create_with" id=".K:;$u=anmY@DbFDg{Da">
                    <mutation items="1"></mutation>
                    <value name="ADD0">
                      <block type="variables_get" id=")Mxkf#lIO)pbCU9{kIjl">
                        <field name="VAR" id="WN$ReI3^@57EGDrYBTGO" variabletype="">vehicleCategoryCode</field>
                      </block>
                    </value>
                  </block>
                </value>
                <value name="outputColumn">
                  <block type="text" id="~jRxYvnAk}AmwhrB2%dE">
                    <field name="TEXT">descriptionEng</field>
                  </block>
                </value>
              </block>
            </value>
          </block>
        </next>
      </block>
    </statement>
  </block>
</xml>