<xml xmlns="http://www.w3.org/1999/xhtml">
  <variables>
    <variable type="" id="]fOqWXof)n=sJ55sEpPU">inputPremium</variable>
    <variable type="" id="L5El:KH=!(KZA4JeyLO=">noClaimDiscountPercentage</variable>
    <variable type="" id="2*hpoof@a$;Bn7}lvd;L">noClaimDiscountPercent</variable>
    <variable type="" id="K0?gx3EUmVhuwM:Me#$%">noClaimDiscountAmount</variable>
    <variable type="" id="/:K4+SHcfu};XTQd^QBc">noClaimDiscountPremium</variable>
  </variables>
  <block type="procedures_defnoreturn" id="suH:9rQL`!QZ^muoYO2K" x="88" y="138">
    <mutation>
      <arg name="inputPremium" varid="]fOqWXof)n=sJ55sEpPU"></arg>
      <arg name="noClaimDiscountPercentage" varid="L5El:KH=!(KZA4JeyLO="></arg>
    </mutation>
    <field name="NAME">getNoClaimDiscount</field>
    <comment pinned="false" h="80" w="160">Describe this function...</comment>
    <statement name="STACK">
      <block type="variables_set" id="mUEj6Q!{)V*N]Cv}lHHC">
        <field name="VAR" id="2*hpoof@a$;Bn7}lvd;L" variabletype="">noClaimDiscountPercent</field>
        <value name="VALUE">
          <block type="variables_get" id="f^|1v1yA$,3eOgQPB9ER">
            <field name="VAR" id="L5El:KH=!(KZA4JeyLO=" variabletype="">noClaimDiscountPercentage</field>
          </block>
        </value>
        <next>
          <block type="variables_set" id="Y;EMhlb$1[3MOWO3{i/o">
            <field name="VAR" id="K0?gx3EUmVhuwM:Me#$%" variabletype="">noClaimDiscountAmount</field>
            <value name="VALUE">
              <block type="bignumbercalculation" id="5#a*S:3(03gfs:}FpxT2">
                <field name="operation">"times"</field>
                <value name="bigNumber1">
                  <block type="variables_get" id="$LMoyr4i$KyAH_%T:XVh">
                    <field name="VAR" id="]fOqWXof)n=sJ55sEpPU" variabletype="">inputPremium</field>
                  </block>
                </value>
                <value name="bigNumber2">
                  <block type="bignumberpercent" id="NV4+pf1#-?J?ZSCz/zDP">
                    <value name="bigNumber">
                      <block type="variables_get" id="cW4/+$B!?oW0a7dB*OOR">
                        <field name="VAR" id="2*hpoof@a$;Bn7}lvd;L" variabletype="">noClaimDiscountPercent</field>
                      </block>
                    </value>
                  </block>
                </value>
              </block>
            </value>
          </block>
        </next>
      </block>
    </statement>
  </block>
  <block type="variables_set" id="h@cD~k%qp:oO.=yd_IP4" x="887" y="138">
    <field name="VAR" id="]fOqWXof)n=sJ55sEpPU" variabletype="">inputPremium</field>
    <value name="VALUE">
      <block type="bignumber" id="rGYsDJI%B?f^bG5KM~WF">
        <field name="number">100000</field>
      </block>
    </value>
    <next>
      <block type="variables_set" id="3ucRB*6AK:6/hQZD_[Jr">
        <field name="VAR" id="L5El:KH=!(KZA4JeyLO=" variabletype="">noClaimDiscountPercentage</field>
        <value name="VALUE">
          <block type="bignumber" id="L,f=`=-)Y)de7_J1/Wv)">
            <field name="number">5</field>
          </block>
        </value>
        <next>
          <block type="procedures_callnoreturn" id="/L}]6[4mc0NG(sGDz]|0">
            <mutation name="getNoClaimDiscount">
              <arg name="inputPremium"></arg>
              <arg name="noClaimDiscountPercentage"></arg>
            </mutation>
            <value name="ARG0">
              <block type="variables_get" id=",=Ebhx;{{t.uQ]T`o2o}">
                <field name="VAR" id="]fOqWXof)n=sJ55sEpPU" variabletype="">inputPremium</field>
              </block>
            </value>
            <value name="ARG1">
              <block type="variables_get" id="UVwpGi}RS%^|:8emr,9I">
                <field name="VAR" id="L5El:KH=!(KZA4JeyLO=" variabletype="">noClaimDiscountPercentage</field>
              </block>
            </value>
            <next>
              <block type="variables_set" id="gg*zBSqTViRtvQfGz{;q">
                <field name="VAR" id="/:K4+SHcfu};XTQd^QBc" variabletype="">noClaimDiscountPremium</field>
                <value name="VALUE">
                  <block type="bignumbercalculation" id="Q?$w:Z3qYj#X/j?L!ee?">
                    <field name="operation">"minus"</field>
                    <value name="bigNumber1">
                      <block type="variables_get" id="D@__=%%yU;N6XznpS@42">
                        <field name="VAR" id="]fOqWXof)n=sJ55sEpPU" variabletype="">inputPremium</field>
                      </block>
                    </value>
                    <value name="bigNumber2">
                      <block type="variables_get" id="p-cqgsQMGmZ].-^rj9S?">
                        <field name="VAR" id="K0?gx3EUmVhuwM:Me#$%" variabletype="">noClaimDiscountAmount</field>
                      </block>
                    </value>
                  </block>
                </value>
              </block>
            </next>
          </block>
        </next>
      </block>
    </next>
  </block>
</xml>