<xml xmlns="http://www.w3.org/1999/xhtml">
  <variables>
    <variable type="" id="@q(Ka1ETcW/,TM[y]);j">youngestNamedDriverAge</variable>
    <variable type="" id="Sw~d|.Ev-Uk8F:kQoq!_">inputPremium</variable>
    <variable type="" id="k{usw4Bz[)4z-mxxF.}=">drivingExperience</variable>
    <variable type="" id="))rI[A0J#b;HY0_n1O{m">coverType</variable>
    <variable type="" id="zB*qMj^aF)slE$D}kl;W">hasPoorClaimsRecord</variable>
    <variable type="" id="0o)LGb?#v2AhvY.4G_T_">occupation</variable>
    <variable type="" id="PAG9Z}?cQ#U;,x{=f1v^">businessCategory</variable>
    <variable type="" id="#qmMYws}_2rt+ZST,%pU">motorcycleYoungestNamedDriverAgeLoadingPercent</variable>
    <variable type="" id="UkexH!d`LvuZ=i5^A(3^">motorcycleYoungestNamedDriverAgeLoadingAmount</variable>
    <variable type="" id="vE=A*jwd~7=$^ac`ppcO">motorcycleInexperiencedDriverLoadingPercent</variable>
    <variable type="" id="CpQumG(]LaV,/[kZUX/I">motorcycleInexperiencedDriverLoadingAmount</variable>
    <variable type="" id="C1o:YcJc~,k6QRC#_F|^">motorcyclePoorClaimRecordLoadingPercent</variable>
    <variable type="" id="a5U9d{mHmOL`2AS_,`11">motorcyclePoorClaimRecordLoadingAmount</variable>
    <variable type="" id="@A=DY46EsVpfCbzQK1n:">comprehensiveMinimumLoadingPercentage</variable>
    <variable type="" id="zjVG@lBy3tj@sTFl+.at">thirdPartyMinimumLoadingPercentage</variable>
    <variable type="" id="ljWM}nrC8^f2eyZ#@Cuf">unpreferredOccupationLoadingAmount</variable>
    <variable type="" id="ot?,r;9@^s/a}PWX%3v_">unpreferredBusinessCategoryLoadingAmount</variable>
    <variable type="" id="9LG((0WC}#_ZfsyF(tJx">unpreferredBusinessCategoryLoadingPercent</variable>
    <variable type="" id=";8[H{!L_Fbtx)V6kFxRH">unpreferredOccupationLoadingPercent</variable>
    <variable type="" id="`dr1d_S(0Ej]2)ULA%(T">motorcycleLoadingPercent</variable>
    <variable type="" id="KD/Q!,vo)vt8skjs`GiD">motorcycleLoadingAmount</variable>
    <variable type="" id="ub-9E}:)@:|R^K*C$$FW">motorcycleLoadingPremium</variable>
  </variables>
  <block type="procedures_defnoreturn" id="TzY{1:e.P.-:)2Nhc8Gc" x="-1362" y="-1437">
    <mutation>
      <arg name="youngestNamedDriverAge" varid="@q(Ka1ETcW/,TM[y]);j"></arg>
      <arg name="inputPremium" varid="Sw~d|.Ev-Uk8F:kQoq!_"></arg>
    </mutation>
    <field name="NAME">getMotorcycleYoungestNamedDriverAgeLoading</field>
    <comment pinned="false" h="80" w="160">Describe this function...</comment>
    <statement name="STACK">
      <block type="controls_if" id="^{6Dn-_!G%!ZS$WUs4Fh">
        <mutation else="1"></mutation>
        <value name="IF0">
          <block type="logic_compare" id="Rpve)618}A^w4Mt8XK%M">
            <field name="OP">LT</field>
            <value name="A">
              <block type="variables_get" id="sU[Ci?U2B_3Ju(jEWNTX">
                <field name="VAR" id="@q(Ka1ETcW/,TM[y]);j" variabletype="">youngestNamedDriverAge</field>
              </block>
            </value>
            <value name="B">
              <block type="bignumber" id="D*whSyUPPH+a}H3BSqZo">
                <field name="number">25</field>
              </block>
            </value>
          </block>
        </value>
        <statement name="DO0">
          <block type="controls_if" id="{vnkVnDsIs(JwYxZem82">
            <mutation elseif="1"></mutation>
            <value name="IF0">
              <block type="logic_compare" id="e8KcLMbhR5|ng,s%.I=f">
                <field name="OP">EQ</field>
                <value name="A">
                  <block type="variables_get" id="O7iR`,l9?R4fOYzz.D_s">
                    <field name="VAR" id="))rI[A0J#b;HY0_n1O{m" variabletype="">coverType</field>
                  </block>
                </value>
                <value name="B">
                  <block type="text" id="y)1^#:HK~h`~iIp.IG,G">
                    <field name="TEXT">comprehensive</field>
                  </block>
                </value>
              </block>
            </value>
            <statement name="DO0">
              <block type="variables_set" id="E)G)Zg9J,AOuuJ6TRN_M">
                <field name="VAR" id="#qmMYws}_2rt+ZST,%pU" variabletype="">motorcycleYoungestNamedDriverAgeLoadingPercent</field>
                <value name="VALUE">
                  <block type="bignumber" id="x2,mG5nT%qC.4Vzn0#]7">
                    <field name="number">25</field>
                  </block>
                </value>
              </block>
            </statement>
            <value name="IF1">
              <block type="logic_compare" id="91USf#y?1S@BS8M=Pvvr">
                <field name="OP">EQ</field>
                <value name="A">
                  <block type="variables_get" id="8q[P/wNB_S_eH$1nm2NQ">
                    <field name="VAR" id="))rI[A0J#b;HY0_n1O{m" variabletype="">coverType</field>
                  </block>
                </value>
                <value name="B">
                  <block type="text" id="BhHp4CU+wW9]Dcfm0sqb">
                    <field name="TEXT">third party only</field>
                  </block>
                </value>
              </block>
            </value>
            <statement name="DO1">
              <block type="variables_set" id="Y,{,P6/8;}8B*{}B#A(?">
                <field name="VAR" id="#qmMYws}_2rt+ZST,%pU" variabletype="">motorcycleYoungestNamedDriverAgeLoadingPercent</field>
                <value name="VALUE">
                  <block type="bignumber" id="|fAC}%)34K3KRlZ.0+ow">
                    <field name="number">50</field>
                  </block>
                </value>
              </block>
            </statement>
          </block>
        </statement>
        <statement name="ELSE">
          <block type="variables_set" id="duN`5q(X6g8Lr:*1t+${">
            <field name="VAR" id="#qmMYws}_2rt+ZST,%pU" variabletype="">motorcycleYoungestNamedDriverAgeLoadingPercent</field>
            <value name="VALUE">
              <block type="bignumber" id="0-e}[bNhH8nEPRI78TJB">
                <field name="number">0</field>
              </block>
            </value>
          </block>
        </statement>
        <next>
          <block type="variables_set" id="RJMThgN;lb,64QzF?+^D">
            <field name="VAR" id="UkexH!d`LvuZ=i5^A(3^" variabletype="">motorcycleYoungestNamedDriverAgeLoadingAmount</field>
            <value name="VALUE">
              <block type="bignumbercalculation" id="Ob|cD^e}0a([u,h8[lVC">
                <field name="operation">"times"</field>
                <value name="bigNumber1">
                  <block type="variables_get" id=")ykM:v;7QmF~]Ld67t5q">
                    <field name="VAR" id="Sw~d|.Ev-Uk8F:kQoq!_" variabletype="">inputPremium</field>
                  </block>
                </value>
                <value name="bigNumber2">
                  <block type="bignumberpercent" id="_Bj/KcaQB;GS./#SdS7P">
                    <value name="bigNumber">
                      <block type="variables_get" id="E5ahMCF50QTUA|+1@uVy">
                        <field name="VAR" id="#qmMYws}_2rt+ZST,%pU" variabletype="">motorcycleYoungestNamedDriverAgeLoadingPercent</field>
                      </block>
                    </value>
                  </block>
                </value>
              </block>
            </value>
          </block>
        </next>
      </block>
    </statement>
  </block>
  <block type="variables_set" id="Eue~Zlx+ar3|us~=^O}S" x="-37" y="-1212">
    <field name="VAR" id="Sw~d|.Ev-Uk8F:kQoq!_" variabletype="">inputPremium</field>
    <value name="VALUE">
      <block type="bignumber" id="G5+B[=CxX4O{R0^0|~q9">
        <field name="number">9600</field>
      </block>
    </value>
    <next>
      <block type="procedures_callnoreturn" id="C,cyCN|ZeQ)N,$7viY`b">
        <mutation name="getMotorcycleYoungestNamedDriverAgeLoading">
          <arg name="youngestNamedDriverAge"></arg>
          <arg name="inputPremium"></arg>
        </mutation>
        <value name="ARG0">
          <block type="bignumber" id="$f8g$DN_i@vXL-ZKoUBh">
            <field name="number">18</field>
          </block>
        </value>
        <value name="ARG1">
          <block type="variables_get" id="9wCy{sRE*xSMF1kcGq8,">
            <field name="VAR" id="Sw~d|.Ev-Uk8F:kQoq!_" variabletype="">inputPremium</field>
          </block>
        </value>
        <next>
          <block type="procedures_callnoreturn" id="4TP:T=GijRkNxSOC2Hih">
            <mutation name="getMotorcycleInexperiencedDriverLoading">
              <arg name="drivingExperience"></arg>
              <arg name="coverType"></arg>
              <arg name="inputPremium"></arg>
            </mutation>
            <value name="ARG0">
              <block type="bignumber" id="V#d|JY+o*Q(Rt_LddH2o">
                <field name="number">20</field>
              </block>
            </value>
            <value name="ARG1">
              <block type="text" id=".Gm_wSY5VeRH`]2NofuR">
                <field name="TEXT">comprehensive</field>
              </block>
            </value>
            <value name="ARG2">
              <block type="variables_get" id="%WPw7|U{,j+Fjd{T{Pv]">
                <field name="VAR" id="Sw~d|.Ev-Uk8F:kQoq!_" variabletype="">inputPremium</field>
              </block>
            </value>
            <next>
              <block type="procedures_callnoreturn" id=",KIUCWz#mI:0bm;)rZvx">
                <mutation name="getMotorcyclePoorClaimRecordLoading">
                  <arg name="hasPoorClaimsRecord"></arg>
                  <arg name="inputPremium"></arg>
                </mutation>
                <value name="ARG0">
                  <block type="bignumber" id="ixOP:|QTF$ij|1$jGItB">
                    <field name="number">15</field>
                  </block>
                </value>
                <value name="ARG1">
                  <block type="variables_get" id="4|f,H2YcT$~j?G0.3R6V">
                    <field name="VAR" id="Sw~d|.Ev-Uk8F:kQoq!_" variabletype="">inputPremium</field>
                  </block>
                </value>
                <next>
                  <block type="procedures_callnoreturn" id="2Y-!4NL[lHPBo?e:6B/T">
                    <mutation name="getMotorcycleUnpreferredOccupationLoading">
                      <arg name="coverType"></arg>
                      <arg name="occupation"></arg>
                      <arg name="inputPremium"></arg>
                    </mutation>
                    <value name="ARG0">
                      <block type="text" id="cXRm!ouB-_6Qy#Rpe8!Q">
                        <field name="TEXT">comprehensive</field>
                      </block>
                    </value>
                    <value name="ARG1">
                      <block type="text" id="L`bFXhio-LY/4QRz`Efz">
                        <field name="TEXT">Jockey</field>
                      </block>
                    </value>
                    <value name="ARG2">
                      <block type="variables_get" id="b@@Oa,Uw;Sey!Dv]W/}H">
                        <field name="VAR" id="Sw~d|.Ev-Uk8F:kQoq!_" variabletype="">inputPremium</field>
                      </block>
                    </value>
                    <next>
                      <block type="procedures_callnoreturn" id="C+R:lU#D~-5/m}m?8y4d">
                        <mutation name="getMotorcycleUnpreferredBusinessCategoryLoading">
                          <arg name="inputPremium"></arg>
                          <arg name="coverType"></arg>
                          <arg name="businessCategory"></arg>
                        </mutation>
                        <value name="ARG0">
                          <block type="variables_get" id="fGhhH.hrcYx-VvENEvhX">
                            <field name="VAR" id="Sw~d|.Ev-Uk8F:kQoq!_" variabletype="">inputPremium</field>
                          </block>
                        </value>
                        <value name="ARG1">
                          <block type="text" id="2|77`PWUq1b@GJ9NnhJq">
                            <field name="TEXT">comprehensive</field>
                          </block>
                        </value>
                        <next>
                          <block type="variables_set" id="Q%7kG(}9;_[MB|i@M(O[">
                            <field name="VAR" id="`dr1d_S(0Ej]2)ULA%(T" variabletype="">motorcycleLoadingPercent</field>
                            <value name="VALUE">
                              <block type="bignumberlistoperation" id="|:1`Dz+(m-X/9Pjw$l-K">
                                <field name="operation">"sum"</field>
                                <value name="bigNumberList">
                                  <block type="lists_create_with" id="=SFD1NeEc]uFIh.8kmgE">
                                    <mutation items="5"></mutation>
                                    <value name="ADD0">
                                      <block type="variables_get" id="{Rnw8khSjQvN[1dB4+ht">
                                        <field name="VAR" id="#qmMYws}_2rt+ZST,%pU" variabletype="">motorcycleYoungestNamedDriverAgeLoadingPercent</field>
                                      </block>
                                    </value>
                                    <value name="ADD1">
                                      <block type="variables_get" id="SI709(EUx8M[l_`Ni]HR">
                                        <field name="VAR" id="vE=A*jwd~7=$^ac`ppcO" variabletype="">motorcycleInexperiencedDriverLoadingPercent</field>
                                      </block>
                                    </value>
                                    <value name="ADD2">
                                      <block type="variables_get" id="V$.%02vBMDP4hTIHYQsl">
                                        <field name="VAR" id="C1o:YcJc~,k6QRC#_F|^" variabletype="">motorcyclePoorClaimRecordLoadingPercent</field>
                                      </block>
                                    </value>
                                    <value name="ADD3">
                                      <block type="variables_get" id="3n`RS|/c)w2~r|e7qa-D">
                                        <field name="VAR" id=";8[H{!L_Fbtx)V6kFxRH" variabletype="">unpreferredOccupationLoadingPercent</field>
                                      </block>
                                    </value>
                                    <value name="ADD4">
                                      <block type="variables_get" id="N^51bPk2MgBlFy};`?5V">
                                        <field name="VAR" id="9LG((0WC}#_ZfsyF(tJx" variabletype="">unpreferredBusinessCategoryLoadingPercent</field>
                                      </block>
                                    </value>
                                  </block>
                                </value>
                              </block>
                            </value>
                            <next>
                              <block type="variables_set" id="dRdVn$vdGx|m5|x?2c~A">
                                <field name="VAR" id="KD/Q!,vo)vt8skjs`GiD" variabletype="">motorcycleLoadingAmount</field>
                                <value name="VALUE">
                                  <block type="bignumbercalculation" id="#w,80wV#X^.GTe6f#H^:">
                                    <field name="operation">"times"</field>
                                    <value name="bigNumber1">
                                      <block type="variables_get" id="InYUdky(}~nFqPG1!q9n">
                                        <field name="VAR" id="Sw~d|.Ev-Uk8F:kQoq!_" variabletype="">inputPremium</field>
                                      </block>
                                    </value>
                                    <value name="bigNumber2">
                                      <block type="bignumberpercent" id="$g5iNWe)k2p_h~_U=%i;">
                                        <value name="bigNumber">
                                          <block type="variables_get" id="t3Z^T+B9V4Tt!i0S)qjG">
                                            <field name="VAR" id="`dr1d_S(0Ej]2)ULA%(T" variabletype="">motorcycleLoadingPercent</field>
                                          </block>
                                        </value>
                                      </block>
                                    </value>
                                  </block>
                                </value>
                                <next>
                                  <block type="variables_set" id="[|zD)y0M~*0z_Q!eYbqs">
                                    <field name="VAR" id="ub-9E}:)@:|R^K*C$$FW" variabletype="">motorcycleLoadingPremium</field>
                                    <value name="VALUE">
                                      <block type="bignumbercalculation" id="g~[aVG_KfqvFr11ikDTH">
                                        <field name="operation">"plus"</field>
                                        <value name="bigNumber1">
                                          <block type="variables_get" id="tg7!1UnBQ$OX9oB+wk,Q">
                                            <field name="VAR" id="Sw~d|.Ev-Uk8F:kQoq!_" variabletype="">inputPremium</field>
                                          </block>
                                        </value>
                                        <value name="bigNumber2">
                                          <block type="variables_get" id="I*5r!?+a5KA#aM16?cDK">
                                            <field name="VAR" id="KD/Q!,vo)vt8skjs`GiD" variabletype="">motorcycleLoadingAmount</field>
                                          </block>
                                        </value>
                                      </block>
                                    </value>
                                  </block>
                                </next>
                              </block>
                            </next>
                          </block>
                        </next>
                      </block>
                    </next>
                  </block>
                </next>
              </block>
            </next>
          </block>
        </next>
      </block>
    </next>
  </block>
  <block type="procedures_defnoreturn" id="4JtRZ:Q,;n94fe~[p;.q" x="-1363" y="-1087">
    <mutation>
      <arg name="drivingExperience" varid="k{usw4Bz[)4z-mxxF.}="></arg>
      <arg name="coverType" varid="))rI[A0J#b;HY0_n1O{m"></arg>
      <arg name="inputPremium" varid="Sw~d|.Ev-Uk8F:kQoq!_"></arg>
    </mutation>
    <field name="NAME">getMotorcycleInexperiencedDriverLoading</field>
    <comment pinned="false" h="80" w="160">Describe this function...</comment>
    <statement name="STACK">
      <block type="controls_if" id="o)TG0aqIRi9?h,COeHjN">
        <mutation else="1"></mutation>
        <value name="IF0">
          <block type="logic_compare" id="kNE9^dZY!NU6X[BtTfQ@">
            <field name="OP">LT</field>
            <value name="A">
              <block type="variables_get" id="CP]}1.Y~`jxq,adSMrPl">
                <field name="VAR" id="k{usw4Bz[)4z-mxxF.}=" variabletype="">drivingExperience</field>
              </block>
            </value>
            <value name="B">
              <block type="bignumber" id="TV)0}mAYKcbYHhOTLa3D">
                <field name="number">24</field>
              </block>
            </value>
          </block>
        </value>
        <statement name="DO0">
          <block type="controls_if" id="qh[j2OlB;V/(hggC+`vN">
            <mutation elseif="1"></mutation>
            <value name="IF0">
              <block type="logic_compare" id="qZm[}+y7y@:alo.NzMKc">
                <field name="OP">EQ</field>
                <value name="A">
                  <block type="variables_get" id="3!D.-WeK.z(,~Q8+eP{X">
                    <field name="VAR" id="))rI[A0J#b;HY0_n1O{m" variabletype="">coverType</field>
                  </block>
                </value>
                <value name="B">
                  <block type="text" id="dZw$Sc,K1~K9~gpgan`=">
                    <field name="TEXT">comprehensive</field>
                  </block>
                </value>
              </block>
            </value>
            <statement name="DO0">
              <block type="variables_set" id="X%d.-PyhEb[P61(#vA6;">
                <field name="VAR" id="vE=A*jwd~7=$^ac`ppcO" variabletype="">motorcycleInexperiencedDriverLoadingPercent</field>
                <value name="VALUE">
                  <block type="bignumber" id="Ji%4r}t6.a-U*t3%8Js0">
                    <field name="number">25</field>
                  </block>
                </value>
              </block>
            </statement>
            <value name="IF1">
              <block type="logic_compare" id="h4)2N}^.Q75Y_BVa:WEv">
                <field name="OP">EQ</field>
                <value name="A">
                  <block type="variables_get" id="dpw9WG$3tn`OZXt~wz{^">
                    <field name="VAR" id="))rI[A0J#b;HY0_n1O{m" variabletype="">coverType</field>
                  </block>
                </value>
                <value name="B">
                  <block type="text" id="w/b!_Ci:;AUMRNzs+7GB">
                    <field name="TEXT">third party only</field>
                  </block>
                </value>
              </block>
            </value>
            <statement name="DO1">
              <block type="variables_set" id="d?stw7f(vg}bT#;ssD4^">
                <field name="VAR" id="vE=A*jwd~7=$^ac`ppcO" variabletype="">motorcycleInexperiencedDriverLoadingPercent</field>
                <value name="VALUE">
                  <block type="bignumber" id="r4=W.}Hb=AFbvLwiqAQR">
                    <field name="number">50</field>
                  </block>
                </value>
              </block>
            </statement>
          </block>
        </statement>
        <statement name="ELSE">
          <block type="variables_set" id="yF*a=_#OE66)Q:~tQJKU">
            <field name="VAR" id="vE=A*jwd~7=$^ac`ppcO" variabletype="">motorcycleInexperiencedDriverLoadingPercent</field>
            <value name="VALUE">
              <block type="bignumber" id="9a/s:zTw|3UFSfxkOzva">
                <field name="number">0</field>
              </block>
            </value>
          </block>
        </statement>
        <next>
          <block type="variables_set" id="J1sK4mJ?C[2%+[i6AT^c">
            <field name="VAR" id="CpQumG(]LaV,/[kZUX/I" variabletype="">motorcycleInexperiencedDriverLoadingAmount</field>
            <value name="VALUE">
              <block type="bignumbercalculation" id="A,L5Goge+R{eV}uhg7{w">
                <field name="operation">"times"</field>
                <value name="bigNumber1">
                  <block type="variables_get" id="9e.(r.mAFPL-3uw35|ks">
                    <field name="VAR" id="Sw~d|.Ev-Uk8F:kQoq!_" variabletype="">inputPremium</field>
                  </block>
                </value>
                <value name="bigNumber2">
                  <block type="bignumberpercent" id="7C#[9*}7@j},DiO?ho*(">
                    <value name="bigNumber">
                      <block type="variables_get" id="a.g9`!qiI`}1[1zO)v3w">
                        <field name="VAR" id="vE=A*jwd~7=$^ac`ppcO" variabletype="">motorcycleInexperiencedDriverLoadingPercent</field>
                      </block>
                    </value>
                  </block>
                </value>
              </block>
            </value>
          </block>
        </next>
      </block>
    </statement>
  </block>
  <block type="procedures_defnoreturn" id="Q#$mTrPMKx^P(3i0xIm3" x="-1363" y="-738">
    <mutation>
      <arg name="hasPoorClaimsRecord" varid="zB*qMj^aF)slE$D}kl;W"></arg>
      <arg name="inputPremium" varid="Sw~d|.Ev-Uk8F:kQoq!_"></arg>
    </mutation>
    <field name="NAME">getMotorcyclePoorClaimRecordLoading</field>
    <comment pinned="false" h="80" w="160">Describe this function...</comment>
    <statement name="STACK">
      <block type="controls_if" id="tT5xL!-`:Zs4C/J2zEbo">
        <mutation else="1"></mutation>
        <value name="IF0">
          <block type="variables_get" id="P?%NxK/in0CS(9bl|Agv">
            <field name="VAR" id="zB*qMj^aF)slE$D}kl;W" variabletype="">hasPoorClaimsRecord</field>
          </block>
        </value>
        <statement name="DO0">
          <block type="variables_set" id="iAaB@_@ZjlCLLv$-hP(T">
            <field name="VAR" id="C1o:YcJc~,k6QRC#_F|^" variabletype="">motorcyclePoorClaimRecordLoadingPercent</field>
            <value name="VALUE">
              <block type="bignumber" id="`cEcG2Jo641DK%YRBF-p">
                <field name="number">15</field>
              </block>
            </value>
          </block>
        </statement>
        <statement name="ELSE">
          <block type="variables_set" id="wZ0Hm0k|NI5`rBj,zi65">
            <field name="VAR" id="C1o:YcJc~,k6QRC#_F|^" variabletype="">motorcyclePoorClaimRecordLoadingPercent</field>
            <value name="VALUE">
              <block type="bignumber" id="OIS?U0T7H[Z9FqeaR6dl">
                <field name="number">0</field>
              </block>
            </value>
          </block>
        </statement>
        <next>
          <block type="variables_set" id="u4k$u~:U6{n#u*kKCVc9">
            <field name="VAR" id="a5U9d{mHmOL`2AS_,`11" variabletype="">motorcyclePoorClaimRecordLoadingAmount</field>
            <value name="VALUE">
              <block type="bignumbercalculation" id=".Q8HOS1T$`#cC;h4//)n">
                <field name="operation">"times"</field>
                <value name="bigNumber1">
                  <block type="variables_get" id="oQTo:(vyQY{=)k86qW`v">
                    <field name="VAR" id="Sw~d|.Ev-Uk8F:kQoq!_" variabletype="">inputPremium</field>
                  </block>
                </value>
                <value name="bigNumber2">
                  <block type="bignumberpercent" id="$i*GURQa[e@XpOl(HhnP">
                    <value name="bigNumber">
                      <block type="variables_get" id="cz_Oze(VpDfL-Ha[#Qs!">
                        <field name="VAR" id="C1o:YcJc~,k6QRC#_F|^" variabletype="">motorcyclePoorClaimRecordLoadingPercent</field>
                      </block>
                    </value>
                  </block>
                </value>
              </block>
            </value>
          </block>
        </next>
      </block>
    </statement>
  </block>
  <block type="procedures_defnoreturn" id="Bvt2HEY;zaaLFmtp|_Ap" x="-1337" y="-512">
    <mutation>
      <arg name="coverType" varid="))rI[A0J#b;HY0_n1O{m"></arg>
      <arg name="occupation" varid="0o)LGb?#v2AhvY.4G_T_"></arg>
      <arg name="inputPremium" varid="Sw~d|.Ev-Uk8F:kQoq!_"></arg>
    </mutation>
    <field name="NAME">getMotorcycleUnpreferredOccupationLoading</field>
    <comment pinned="false" h="80" w="160">Describe this function...</comment>
    <statement name="STACK">
      <block type="controls_if" id="E?4Z{Rr6~SvRV@|p^ua8">
        <mutation elseif="1"></mutation>
        <value name="IF0">
          <block type="logic_compare" id="(U@0?gwT5oXeGo~`w*FN">
            <field name="OP">EQ</field>
            <value name="A">
              <block type="variables_get" id="2$V2P,]#bWy[bAPNZD].">
                <field name="VAR" id="))rI[A0J#b;HY0_n1O{m" variabletype="">coverType</field>
              </block>
            </value>
            <value name="B">
              <block type="text" id="ZS`E19jpjLQt!H*;!LUx">
                <field name="TEXT">comprehensive</field>
              </block>
            </value>
          </block>
        </value>
        <statement name="DO0">
          <block type="variables_set" id="~xOFZ06ikx3|mV2%{R4L">
            <field name="VAR" id="@A=DY46EsVpfCbzQK1n:" variabletype="">comprehensiveMinimumLoadingPercentage</field>
            <value name="VALUE">
              <block type="dataquery" id="!D!dHEhD%OpoQNw@W@6V">
                <value name="tableName">
                  <block type="text" id="i*@#/_)+.i)MA`#edSb0">
                    <field name="TEXT">hkOccupation</field>
                  </block>
                </value>
                <value name="filterColumnNames">
                  <block type="lists_create_with" id="|;uf,kUd5Z`9G}lacVHA">
                    <mutation items="1"></mutation>
                    <value name="ADD0">
                      <block type="text" id="|,EyFF%a7HPy%5ic?VCE">
                        <field name="TEXT">occupation</field>
                      </block>
                    </value>
                  </block>
                </value>
                <value name="filterColumnValues">
                  <block type="lists_create_with" id="_(ZCNkkc.I4~ye3Z=ldH">
                    <mutation items="1"></mutation>
                    <value name="ADD0">
                      <block type="variables_get" id="u6o#?YlSl/k38Pw,Lttm">
                        <field name="VAR" id="0o)LGb?#v2AhvY.4G_T_" variabletype="">occupation</field>
                      </block>
                    </value>
                  </block>
                </value>
                <value name="outputColumn">
                  <block type="text" id="#g%hV8t[[KGegu4=H/S[">
                    <field name="TEXT">comprehensiveMinimumLoadingPercentage</field>
                  </block>
                </value>
              </block>
            </value>
            <next>
              <block type="controls_if" id="qV}dXO(y+zpNo|,4j0Wo">
                <mutation else="1"></mutation>
                <value name="IF0">
                  <block type="logic_compare" id="bsr-0f]cJmU+u8CR$K7I">
                    <field name="OP">EQ</field>
                    <value name="A">
                      <block type="variables_get" id="gG_W@}kQ/hESORUDO[w0">
                        <field name="VAR" id="@A=DY46EsVpfCbzQK1n:" variabletype="">comprehensiveMinimumLoadingPercentage</field>
                      </block>
                    </value>
                    <value name="B">
                      <block type="logic_null" id="X3:oET)V!}fKn-,KW{S;"></block>
                    </value>
                  </block>
                </value>
                <statement name="DO0">
                  <block type="variables_set" id="~3q0Ez_9L38`;U-tHKNu">
                    <field name="VAR" id=";8[H{!L_Fbtx)V6kFxRH" variabletype="">unpreferredOccupationLoadingPercent</field>
                    <value name="VALUE">
                      <block type="bignumber" id="TcDd+9X!/w8y4oXBASp)">
                        <field name="number">0</field>
                      </block>
                    </value>
                  </block>
                </statement>
                <statement name="ELSE">
                  <block type="variables_set" id="83Kr{UC]0])uC$Tkc;8D">
                    <field name="VAR" id=";8[H{!L_Fbtx)V6kFxRH" variabletype="">unpreferredOccupationLoadingPercent</field>
                    <value name="VALUE">
                      <block type="bignumberfromstring" id="mD:~bT)qRY?.Lb9%LUB|">
                        <value name="number">
                          <block type="variables_get" id="-2whXq#?xs01i6rN[O/6">
                            <field name="VAR" id="@A=DY46EsVpfCbzQK1n:" variabletype="">comprehensiveMinimumLoadingPercentage</field>
                          </block>
                        </value>
                      </block>
                    </value>
                  </block>
                </statement>
              </block>
            </next>
          </block>
        </statement>
        <value name="IF1">
          <block type="logic_compare" id="Gk6$VFl=c{-G!j*SEcRC">
            <field name="OP">EQ</field>
            <value name="A">
              <block type="variables_get" id="7aP,Za9ztI@#1Xb)r-[2">
                <field name="VAR" id="))rI[A0J#b;HY0_n1O{m" variabletype="">coverType</field>
              </block>
            </value>
            <value name="B">
              <block type="text" id="YYrV}?+B3h@5]_]e}FU@">
                <field name="TEXT">third party only</field>
              </block>
            </value>
          </block>
        </value>
        <statement name="DO1">
          <block type="variables_set" id="sHDe*IwQaS[~A9J3MR_?">
            <field name="VAR" id="zjVG@lBy3tj@sTFl+.at" variabletype="">thirdPartyMinimumLoadingPercentage</field>
            <value name="VALUE">
              <block type="dataquery" id="6]-$i@RJUS^[Vte10$eR">
                <value name="tableName">
                  <block type="text" id="Lce:$*.qk(jX4#)}:uU#">
                    <field name="TEXT">hkOccupation</field>
                  </block>
                </value>
                <value name="filterColumnNames">
                  <block type="lists_create_with" id="r}q`VW?Dd|{du6m~2|T|">
                    <mutation items="1"></mutation>
                    <value name="ADD0">
                      <block type="text" id="^[.YV:F54a%HGZ5;#+@e">
                        <field name="TEXT">occupation</field>
                      </block>
                    </value>
                  </block>
                </value>
                <value name="filterColumnValues">
                  <block type="lists_create_with" id="Mmj/*r%grzJ9kzws)+c}">
                    <mutation items="1"></mutation>
                    <value name="ADD0">
                      <block type="variables_get" id="uTGK,G7`SVrr*h+2G=YE">
                        <field name="VAR" id="0o)LGb?#v2AhvY.4G_T_" variabletype="">occupation</field>
                      </block>
                    </value>
                  </block>
                </value>
                <value name="outputColumn">
                  <block type="text" id="PXoyV1,NbqI4I274{H^S">
                    <field name="TEXT">thirdPartyMinimumLoadingPercentage</field>
                  </block>
                </value>
              </block>
            </value>
            <next>
              <block type="controls_if" id="GTpB4=38#5#ptKD80YbT">
                <mutation else="1"></mutation>
                <value name="IF0">
                  <block type="logic_compare" id="IA1i3:Sz`SOyn`ce3r/J">
                    <field name="OP">EQ</field>
                    <value name="A">
                      <block type="variables_get" id=";3fNS_EJ(v%9HP8`QU#e">
                        <field name="VAR" id="zjVG@lBy3tj@sTFl+.at" variabletype="">thirdPartyMinimumLoadingPercentage</field>
                      </block>
                    </value>
                    <value name="B">
                      <block type="logic_null" id="P_k{HdyKF(qtEh%*e|HW"></block>
                    </value>
                  </block>
                </value>
                <statement name="DO0">
                  <block type="variables_set" id="dE#}*bR80/YM5H6Q!AL-">
                    <field name="VAR" id=";8[H{!L_Fbtx)V6kFxRH" variabletype="">unpreferredOccupationLoadingPercent</field>
                    <value name="VALUE">
                      <block type="bignumber" id="HGZ)Q#eGzpFU/quGhZGp">
                        <field name="number">0</field>
                      </block>
                    </value>
                  </block>
                </statement>
                <statement name="ELSE">
                  <block type="variables_set" id="i.@ZRJ5%5d=+ZuEN2C,l">
                    <field name="VAR" id=";8[H{!L_Fbtx)V6kFxRH" variabletype="">unpreferredOccupationLoadingPercent</field>
                    <value name="VALUE">
                      <block type="bignumberfromstring" id="T9YlP[PY[RdBM(2ib/=w">
                        <value name="number">
                          <block type="variables_get" id="hR?oiSny,({po4n_(FZJ">
                            <field name="VAR" id="zjVG@lBy3tj@sTFl+.at" variabletype="">thirdPartyMinimumLoadingPercentage</field>
                          </block>
                        </value>
                      </block>
                    </value>
                  </block>
                </statement>
              </block>
            </next>
          </block>
        </statement>
        <next>
          <block type="variables_set" id="b0!H+_Xz`%nU;h@|4ahu">
            <field name="VAR" id="ljWM}nrC8^f2eyZ#@Cuf" variabletype="">unpreferredOccupationLoadingAmount</field>
            <value name="VALUE">
              <block type="bignumbercalculation" id="@0oBRsu46`]02EhoLi3)">
                <field name="operation">"times"</field>
                <value name="bigNumber1">
                  <block type="variables_get" id="J^DK[z^7;uk0[Us/IlTv">
                    <field name="VAR" id="Sw~d|.Ev-Uk8F:kQoq!_" variabletype="">inputPremium</field>
                  </block>
                </value>
                <value name="bigNumber2">
                  <block type="bignumberpercent" id="XRG^@~aduI*ZktfQ:T24">
                    <value name="bigNumber">
                      <block type="variables_get" id="#p6{]=f--r^p|adqPl)Z">
                        <field name="VAR" id=";8[H{!L_Fbtx)V6kFxRH" variabletype="">unpreferredOccupationLoadingPercent</field>
                      </block>
                    </value>
                  </block>
                </value>
              </block>
            </value>
          </block>
        </next>
      </block>
    </statement>
  </block>
  <block type="procedures_defnoreturn" id="WQ]kOUe9c.95#^PM)Ex7" x="-1362" y="237">
    <mutation>
      <arg name="inputPremium" varid="Sw~d|.Ev-Uk8F:kQoq!_"></arg>
      <arg name="coverType" varid="))rI[A0J#b;HY0_n1O{m"></arg>
      <arg name="businessCategory" varid="PAG9Z}?cQ#U;,x{=f1v^"></arg>
    </mutation>
    <field name="NAME">getMotorcycleUnpreferredBusinessCategoryLoading</field>
    <comment pinned="false" h="80" w="160">Describe this function...</comment>
    <statement name="STACK">
      <block type="controls_if" id="$vfv}i6(1qI-$$^SvRYt">
        <mutation else="1"></mutation>
        <value name="IF0">
          <block type="logic_compare" id="RZ8e*R8!49F{55A){;]V">
            <field name="OP">NEQ</field>
            <value name="A">
              <block type="variables_get" id="l}%kY0O.Ei;Y9P{IT(pB">
                <field name="VAR" id="PAG9Z}?cQ#U;,x{=f1v^" variabletype="">businessCategory</field>
              </block>
            </value>
            <value name="B">
              <block type="logic_null" id="jAo`C1:;6x*1oI8pIOOe"></block>
            </value>
          </block>
        </value>
        <statement name="DO0">
          <block type="controls_if" id="6:)w+B6uyrLQYFcfiis_">
            <mutation elseif="1"></mutation>
            <value name="IF0">
              <block type="logic_compare" id="s`q{5WVnG.x4@Kwg.l|p">
                <field name="OP">EQ</field>
                <value name="A">
                  <block type="variables_get" id="iX|fi87`1-{:LG9T}y$y">
                    <field name="VAR" id="))rI[A0J#b;HY0_n1O{m" variabletype="">coverType</field>
                  </block>
                </value>
                <value name="B">
                  <block type="text" id="clLui3LYtJ0xow8y=ew,">
                    <field name="TEXT">comprehensive</field>
                  </block>
                </value>
              </block>
            </value>
            <statement name="DO0">
              <block type="variables_set" id="7tDMjMqL!Mu`vngpO?RD">
                <field name="VAR" id="@A=DY46EsVpfCbzQK1n:" variabletype="">comprehensiveMinimumLoadingPercentage</field>
                <value name="VALUE">
                  <block type="dataquery" id="`jz`6,H#9I=o-@=y*Mj:">
                    <value name="tableName">
                      <block type="text" id="lns`C*;)3MI^/3Rcp]7r">
                        <field name="TEXT">hkBusinessCategory</field>
                      </block>
                    </value>
                    <value name="filterColumnNames">
                      <block type="lists_create_with" id="=v8x`-5jMFWwkdcvTfbo">
                        <mutation items="1"></mutation>
                        <value name="ADD0">
                          <block type="text" id="eCGkHu{u?N|:Zuo*(HG/">
                            <field name="TEXT">businessCategory</field>
                          </block>
                        </value>
                      </block>
                    </value>
                    <value name="filterColumnValues">
                      <block type="lists_create_with" id="gYj{0hwMWZ%1U9[{3Z(`">
                        <mutation items="1"></mutation>
                        <value name="ADD0">
                          <block type="variables_get" id="-Uzz8kP9R3v#*cacgPg[">
                            <field name="VAR" id="PAG9Z}?cQ#U;,x{=f1v^" variabletype="">businessCategory</field>
                          </block>
                        </value>
                      </block>
                    </value>
                    <value name="outputColumn">
                      <block type="text" id="L}kP?;o^p6`J_RYn=O:E">
                        <field name="TEXT">comprehensiveMinimumLoadingPercentage</field>
                      </block>
                    </value>
                  </block>
                </value>
                <next>
                  <block type="controls_if" id="+Ft)d%n4Tx-?rQm=7;2;">
                    <mutation else="1"></mutation>
                    <value name="IF0">
                      <block type="logic_compare" id="|F!/X_UcA59~qLiv^acD">
                        <field name="OP">EQ</field>
                        <value name="A">
                          <block type="variables_get" id="/uGcZGLc`!OKPygl)l?_">
                            <field name="VAR" id="@A=DY46EsVpfCbzQK1n:" variabletype="">comprehensiveMinimumLoadingPercentage</field>
                          </block>
                        </value>
                        <value name="B">
                          <block type="logic_null" id="A#;XI/)i-_vHEaX=JZp+"></block>
                        </value>
                      </block>
                    </value>
                    <statement name="DO0">
                      <block type="variables_set" id="bUb/.m;#IM.*uP*|/~#5">
                        <field name="VAR" id="9LG((0WC}#_ZfsyF(tJx" variabletype="">unpreferredBusinessCategoryLoadingPercent</field>
                        <value name="VALUE">
                          <block type="bignumber" id="0(dZ;uvPi2ME59/XfKas">
                            <field name="number">0</field>
                          </block>
                        </value>
                      </block>
                    </statement>
                    <statement name="ELSE">
                      <block type="variables_set" id="YWE!KwI$aqcV1:qF*$w/">
                        <field name="VAR" id="9LG((0WC}#_ZfsyF(tJx" variabletype="">unpreferredBusinessCategoryLoadingPercent</field>
                        <value name="VALUE">
                          <block type="bignumberfromstring" id="gfXiI5$vq/jAm-hX=|QZ">
                            <value name="number">
                              <block type="variables_get" id="fThX)]!d0_/+iz|Y05[N">
                                <field name="VAR" id="@A=DY46EsVpfCbzQK1n:" variabletype="">comprehensiveMinimumLoadingPercentage</field>
                              </block>
                            </value>
                          </block>
                        </value>
                      </block>
                    </statement>
                  </block>
                </next>
              </block>
            </statement>
            <value name="IF1">
              <block type="logic_compare" id="T^q)VazG0HGuT/3MC{Bc">
                <field name="OP">EQ</field>
                <value name="A">
                  <block type="variables_get" id="_NXcQbt*2_6Vp/kK2}]4">
                    <field name="VAR" id="))rI[A0J#b;HY0_n1O{m" variabletype="">coverType</field>
                  </block>
                </value>
                <value name="B">
                  <block type="text" id="umm0|9|)EZ*Upx0DEyQm">
                    <field name="TEXT">third party only</field>
                  </block>
                </value>
              </block>
            </value>
            <statement name="DO1">
              <block type="variables_set" id="*NBsOfjS,7_!u0~~N)on">
                <field name="VAR" id="zjVG@lBy3tj@sTFl+.at" variabletype="">thirdPartyMinimumLoadingPercentage</field>
                <value name="VALUE">
                  <block type="dataquery" id="dX4H:?yep;;Td6WSP_x7">
                    <value name="tableName">
                      <block type="text" id="62{,3E2u05$WKJcaaNq^">
                        <field name="TEXT">hkBusinessCategory</field>
                      </block>
                    </value>
                    <value name="filterColumnNames">
                      <block type="lists_create_with" id="!?`g)NLSKEAgQL,/xT4^">
                        <mutation items="1"></mutation>
                        <value name="ADD0">
                          <block type="text" id="Enf5mH6VgE9^+qrn__jz">
                            <field name="TEXT">businessCategory</field>
                          </block>
                        </value>
                      </block>
                    </value>
                    <value name="filterColumnValues">
                      <block type="lists_create_with" id="K^C}ggckLO/MF~9LK:o,">
                        <mutation items="1"></mutation>
                        <value name="ADD0">
                          <block type="variables_get" id="#kq{%ZBud%[vT|NyZS{p">
                            <field name="VAR" id="PAG9Z}?cQ#U;,x{=f1v^" variabletype="">businessCategory</field>
                          </block>
                        </value>
                      </block>
                    </value>
                    <value name="outputColumn">
                      <block type="text" id="-TQj?m3-|Z:9ZK?49PPz">
                        <field name="TEXT">thirdPartyMinimumLoadingPercentage</field>
                      </block>
                    </value>
                  </block>
                </value>
                <next>
                  <block type="controls_if" id="!dI@VLVK/b-7!Z:{XNf1">
                    <mutation else="1"></mutation>
                    <value name="IF0">
                      <block type="logic_compare" id="M1p}_S44PDz#8)W^].Ld">
                        <field name="OP">EQ</field>
                        <value name="A">
                          <block type="variables_get" id="3Mvrz2RzA1GXd_HQX}pe">
                            <field name="VAR" id="zjVG@lBy3tj@sTFl+.at" variabletype="">thirdPartyMinimumLoadingPercentage</field>
                          </block>
                        </value>
                        <value name="B">
                          <block type="logic_null" id="/4iQ`K;Nv%Dx:5eh45N@"></block>
                        </value>
                      </block>
                    </value>
                    <statement name="DO0">
                      <block type="variables_set" id="l.M3#4]T3~90/ZNd(wM5">
                        <field name="VAR" id="9LG((0WC}#_ZfsyF(tJx" variabletype="">unpreferredBusinessCategoryLoadingPercent</field>
                        <value name="VALUE">
                          <block type="bignumber" id="2g!vZYL0w/!P5u$P%=!j">
                            <field name="number">0</field>
                          </block>
                        </value>
                      </block>
                    </statement>
                    <statement name="ELSE">
                      <block type="variables_set" id="oN4C`yX5@?FM1X6FD#5l">
                        <field name="VAR" id="9LG((0WC}#_ZfsyF(tJx" variabletype="">unpreferredBusinessCategoryLoadingPercent</field>
                        <value name="VALUE">
                          <block type="bignumberfromstring" id="IMspjhV[2JyI`%iHE!L$">
                            <value name="number">
                              <block type="variables_get" id="2|YSiC#?eDZKk46$Llqo">
                                <field name="VAR" id="zjVG@lBy3tj@sTFl+.at" variabletype="">thirdPartyMinimumLoadingPercentage</field>
                              </block>
                            </value>
                          </block>
                        </value>
                      </block>
                    </statement>
                  </block>
                </next>
              </block>
            </statement>
          </block>
        </statement>
        <statement name="ELSE">
          <block type="variables_set" id="KuKo4ts:?g9=5qNveYZ/">
            <field name="VAR" id="9LG((0WC}#_ZfsyF(tJx" variabletype="">unpreferredBusinessCategoryLoadingPercent</field>
            <value name="VALUE">
              <block type="bignumber" id="XzG#R$_RBvLLM(/TW$b=">
                <field name="number">0</field>
              </block>
            </value>
          </block>
        </statement>
        <next>
          <block type="variables_set" id="e|dy%{ek?I.@g^Ic0WQc">
            <field name="VAR" id="ot?,r;9@^s/a}PWX%3v_" variabletype="">unpreferredBusinessCategoryLoadingAmount</field>
            <value name="VALUE">
              <block type="bignumbercalculation" id="eIH79Vx[g587so:hD3(.">
                <field name="operation">"times"</field>
                <value name="bigNumber1">
                  <block type="bignumbercalculation" id="woT?VSEUuub6CEAGJJgZ">
                    <field name="operation">"dividedBy"</field>
                    <value name="bigNumber1">
                      <block type="variables_get" id="JE-KIx79V;j-ZzqjkSOX">
                        <field name="VAR" id="9LG((0WC}#_ZfsyF(tJx" variabletype="">unpreferredBusinessCategoryLoadingPercent</field>
                      </block>
                    </value>
                    <value name="bigNumber2">
                      <block type="bignumber" id="2^BSO;zL-M0m1R-3Z{.5">
                        <field name="number">100</field>
                      </block>
                    </value>
                  </block>
                </value>
                <value name="bigNumber2">
                  <block type="variables_get" id="rY)]mckwu_PF%c0p||s{">
                    <field name="VAR" id="Sw~d|.Ev-Uk8F:kQoq!_" variabletype="">inputPremium</field>
                  </block>
                </value>
              </block>
            </value>
          </block>
        </next>
      </block>
    </statement>
  </block>
</xml>