<xml xmlns="http://www.w3.org/1999/xhtml">
  <variables>
    <variable type="" id=")tp[ZI:#VC:CzF!uq1B_">inputPremium</variable>
    <variable type="" id="z#cmu]/h6b#a;^9,E9x]">clientDiscountPercentage</variable>
    <variable type="" id="O9yimM[5y(5!Z)cNMVeA">clientDiscountPercent</variable>
    <variable type="" id="dt,-c4B-c-mPBQ{;IufE">clientDiscountAmount</variable>
    <variable type="" id="U|c!tX+*M`^p*Cg/G-AW">clientDiscountPremium</variable>
  </variables>
  <block type="procedures_defnoreturn" id="7/?mOUoF|9mp+XqB]6IE" x="138" y="212">
    <mutation>
      <arg name="inputPremium" varid=")tp[ZI:#VC:CzF!uq1B_"></arg>
      <arg name="clientDiscountPercentage" varid="z#cmu]/h6b#a;^9,E9x]"></arg>
    </mutation>
    <field name="NAME">getClientDiscount</field>
    <comment pinned="false" h="80" w="160">Describe this function...</comment>
    <statement name="STACK">
      <block type="variables_set" id="w#_vkp.ZK8FqD_A|kC.|">
        <field name="VAR" id="O9yimM[5y(5!Z)cNMVeA" variabletype="">clientDiscountPercent</field>
        <value name="VALUE">
          <block type="variables_get" id="IhR?+!i[:R9x_DI`HUB]">
            <field name="VAR" id="z#cmu]/h6b#a;^9,E9x]" variabletype="">clientDiscountPercentage</field>
          </block>
        </value>
        <next>
          <block type="variables_set" id="zt*x[MShjwM34CrLAmI8">
            <field name="VAR" id="dt,-c4B-c-mPBQ{;IufE" variabletype="">clientDiscountAmount</field>
            <value name="VALUE">
              <block type="bignumbercalculation" id="38u/SS$G8F*U$3aG85($">
                <field name="operation">"times"</field>
                <value name="bigNumber1">
                  <block type="variables_get" id="w9bRe/[0Ee?!c+=:#)6R">
                    <field name="VAR" id=")tp[ZI:#VC:CzF!uq1B_" variabletype="">inputPremium</field>
                  </block>
                </value>
                <value name="bigNumber2">
                  <block type="bignumberpercent" id="kV{C#6teo6M~%6JA[f3L">
                    <value name="bigNumber">
                      <block type="variables_get" id="f%KQN3CH|LHxq=pu=:LG">
                        <field name="VAR" id="O9yimM[5y(5!Z)cNMVeA" variabletype="">clientDiscountPercent</field>
                      </block>
                    </value>
                  </block>
                </value>
              </block>
            </value>
          </block>
        </next>
      </block>
    </statement>
  </block>
  <block type="variables_set" id="wyxDfl3-Q6ho%l/)o=p[" x="1013" y="187">
    <field name="VAR" id=")tp[ZI:#VC:CzF!uq1B_" variabletype="">inputPremium</field>
    <value name="VALUE">
      <block type="bignumber" id="eLMaF7-Hr6A6?q2m8:m_">
        <field name="number">9600</field>
      </block>
    </value>
    <next>
      <block type="variables_set" id="u#rQ6f*K/]+0/l^FoBSH">
        <field name="VAR" id="z#cmu]/h6b#a;^9,E9x]" variabletype="">clientDiscountPercentage</field>
        <value name="VALUE">
          <block type="bignumber" id="DW(Ah|=ZmJ@r/U.Kh/=X">
            <field name="number">5</field>
          </block>
        </value>
        <next>
          <block type="procedures_callnoreturn" id="kxuBx[9rjKA}aG,ivG#p">
            <mutation name="getClientDiscount">
              <arg name="inputPremium"></arg>
              <arg name="clientDiscountPercentage"></arg>
            </mutation>
            <value name="ARG0">
              <block type="variables_get" id="S{_.8y=c6;)9*6L*YwN)">
                <field name="VAR" id=")tp[ZI:#VC:CzF!uq1B_" variabletype="">inputPremium</field>
              </block>
            </value>
            <value name="ARG1">
              <block type="variables_get" id="0!DgmygpUz``Q;2+)*Yx">
                <field name="VAR" id="z#cmu]/h6b#a;^9,E9x]" variabletype="">clientDiscountPercentage</field>
              </block>
            </value>
            <next>
              <block type="variables_set" id="1vmeCdU3fO(a2Q?G}nwF">
                <field name="VAR" id="U|c!tX+*M`^p*Cg/G-AW" variabletype="">clientDiscountPremium</field>
                <value name="VALUE">
                  <block type="bignumbercalculation" id="$vh;!c}/gp]cWI[Z5btA">
                    <field name="operation">"minus"</field>
                    <value name="bigNumber1">
                      <block type="variables_get" id="ubRZt^+`8h^tM!P@w/ML">
                        <field name="VAR" id=")tp[ZI:#VC:CzF!uq1B_" variabletype="">inputPremium</field>
                      </block>
                    </value>
                    <value name="bigNumber2">
                      <block type="variables_get" id="q5DFOo3T^9_*MFsZ.pZg">
                        <field name="VAR" id="dt,-c4B-c-mPBQ{;IufE" variabletype="">clientDiscountAmount</field>
                      </block>
                    </value>
                  </block>
                </value>
              </block>
            </next>
          </block>
        </next>
      </block>
    </next>
  </block>
</xml>