<xml xmlns="http://www.w3.org/1999/xhtml">
  <variables>
    <variable type="" id="9f#xk+9TW)kv[sfYGeIF">inputPremium</variable>
    <variable type="" id="Jm0M.fUcBCOF(NL|#J30">insuredValue</variable>
    <variable type="" id="8rEb+-v.mrxCBW[3s=$E">includeSrcc</variable>
    <variable type="" id="!Y:U!ZH}xhit{]3*o9V?">thirdPartyOnlyPremium</variable>
    <variable type="" id="4o+zD[1[yD-)X$HT$7O$">thirdPartyPropertyDamageLimit</variable>
    <variable type="" id="14(O$0g#yjJfSubxg0Ml">lookupValue</variable>
    <variable type="" id="mrzb{rGGy]{2=DhQpr(i">srccLoadingAmount</variable>
    <variable type="" id="P]0@*wPyH}|Ci/FV6h=m">srccLoadingPercent</variable>
    <variable type="" id="G5JRkR-U$=S=m1`b^+L$">thridPartyPropertyDamageLimitPercentage</variable>
    <variable type="" id="/d.1%3Av+fG=5aF8dOk(">increasedThridPartyPropertyDamageAmount</variable>
    <variable type="" id="wI)Lvn+lV)K^4Ub9kQ(c">increasedThridPartyPropertyDamagePercent</variable>
    <variable type="" id="#;6.8Yf^g#ieJsay7(4P">additionalExtensionsBenefitAmount</variable>
    <variable type="" id="aocQwan5Y1qA`}38SG!Y">additionalExtensionsBenefitPremium</variable>
    <variable type="" id="$+h;[k98Ak8{3C~Xb=FQ">additionalExtensionsBenefitPercent</variable>
  </variables>
  <block type="procedures_defnoreturn" id="::?/{|aZTOqyDX8s$GD6" x="163" y="62">
    <mutation>
      <arg name="inputPremium" varid="9f#xk+9TW)kv[sfYGeIF"></arg>
      <arg name="insuredValue" varid="Jm0M.fUcBCOF(NL|#J30"></arg>
      <arg name="includeSrcc" varid="8rEb+-v.mrxCBW[3s=$E"></arg>
    </mutation>
    <field name="NAME">getSrccLoading</field>
    <comment pinned="false" h="80" w="160">Describe this function...</comment>
    <statement name="STACK">
      <block type="controls_if" id="^dmC_C2,$5Re#;{HjTLy">
        <mutation else="1"></mutation>
        <value name="IF0">
          <block type="variables_get" id="YH~(6|OV`4AbDh:OB5/Y">
            <field name="VAR" id="8rEb+-v.mrxCBW[3s=$E" variabletype="">includeSrcc</field>
          </block>
        </value>
        <statement name="DO0">
          <block type="variables_set" id="y),2QmwM0`eOo90pP[7G">
            <field name="VAR" id="mrzb{rGGy]{2=DhQpr(i" variabletype="">srccLoadingAmount</field>
            <value name="VALUE">
              <block type="bignumbercalculation" id="H3/(pTi@I0)9NFZIK8mP">
                <field name="operation">"dividedBy"</field>
                <value name="bigNumber1">
                  <block type="bignumbercalculation" id="6Gd=:m!hM~(DXI.._fU*">
                    <field name="operation">"times"</field>
                    <value name="bigNumber1">
                      <block type="variables_get" id="{M`9M3},}CDkn]}bW|fv">
                        <field name="VAR" id="Jm0M.fUcBCOF(NL|#J30" variabletype="">insuredValue</field>
                      </block>
                    </value>
                    <value name="bigNumber2">
                      <block type="bignumber" id="1y:,itq+tx;=g_!TU9r{">
                        <field name="number">0.5</field>
                      </block>
                    </value>
                  </block>
                </value>
                <value name="bigNumber2">
                  <block type="bignumber" id="`c-RUI(_FN`NH`O~!xm2">
                    <field name="number">100</field>
                  </block>
                </value>
              </block>
            </value>
          </block>
        </statement>
        <statement name="ELSE">
          <block type="variables_set" id="N5SuiM]*Soj]!sp|m*)L">
            <field name="VAR" id="mrzb{rGGy]{2=DhQpr(i" variabletype="">srccLoadingAmount</field>
            <value name="VALUE">
              <block type="bignumber" id="x0#)d`Pm=lc|:(T980{f">
                <field name="number">0</field>
              </block>
            </value>
          </block>
        </statement>
        <next>
          <block type="variables_set" id="s?~s$smYe:hAf_X6#Lf!">
            <field name="VAR" id="P]0@*wPyH}|Ci/FV6h=m" variabletype="">srccLoadingPercent</field>
            <value name="VALUE">
              <block type="bignumbercalculation" id="`)}RpQ-HYxD6+t_3/wR+">
                <field name="operation">"dividedBy"</field>
                <value name="bigNumber1">
                  <block type="bignumbercalculation" id="$MSzSJV7QU8;D/kBg.:+">
                    <field name="operation">"times"</field>
                    <value name="bigNumber1">
                      <block type="variables_get" id="6d%=X1foBfo~8$c=~+{,">
                        <field name="VAR" id="mrzb{rGGy]{2=DhQpr(i" variabletype="">srccLoadingAmount</field>
                      </block>
                    </value>
                    <value name="bigNumber2">
                      <block type="bignumber" id="K6}i_?J,mhQ+A(~6MV2*">
                        <field name="number">100</field>
                      </block>
                    </value>
                  </block>
                </value>
                <value name="bigNumber2">
                  <block type="variables_get" id="g`GST~(wp?iT9T|^roc5">
                    <field name="VAR" id="9f#xk+9TW)kv[sfYGeIF" variabletype="">inputPremium</field>
                  </block>
                </value>
              </block>
            </value>
          </block>
        </next>
      </block>
    </statement>
  </block>
  <block type="variables_set" id="yalw^Q~tb`00~[wlP?~K" x="1262" y="63">
    <field name="VAR" id="9f#xk+9TW)kv[sfYGeIF" variabletype="">inputPremium</field>
    <value name="VALUE">
      <block type="bignumber" id="LUZ%B(!.PqGwu1sVCS:%">
        <field name="number">9600</field>
      </block>
    </value>
    <next>
      <block type="variables_set" id="go6^JKf,|/34DLvtUcpc">
        <field name="VAR" id="Jm0M.fUcBCOF(NL|#J30" variabletype="">insuredValue</field>
        <value name="VALUE">
          <block type="bignumber" id="0|f0DPlbn#TBLKccdn`m">
            <field name="number">100000</field>
          </block>
        </value>
        <next>
          <block type="variables_set" id="xyM-/Q8LG~p0Daw0}G!r">
            <field name="VAR" id="!Y:U!ZH}xhit{]3*o9V?" variabletype="">thirdPartyOnlyPremium</field>
            <value name="VALUE">
              <block type="bignumber" id="u(b-V#lQGy~ev%VP-+S^">
                <field name="number">5000</field>
              </block>
            </value>
            <next>
              <block type="variables_set" id="qsrpAIL@1$z8`@7Mw:~d">
                <field name="VAR" id="4o+zD[1[yD-)X$HT$7O$" variabletype="">thirdPartyPropertyDamageLimit</field>
                <value name="VALUE">
                  <block type="bignumber" id="nB6+0~x.d2[TN8g++k_K">
                    <field name="number">10000</field>
                  </block>
                </value>
                <next>
                  <block type="procedures_callnoreturn" id="_)nK:!z8}K$dK.y2WM+O">
                    <mutation name="getSrccLoading">
                      <arg name="inputPremium"></arg>
                      <arg name="insuredValue"></arg>
                      <arg name="includeSrcc"></arg>
                    </mutation>
                    <value name="ARG0">
                      <block type="variables_get" id="Zx4=dgdpH_J{xD8rKu||">
                        <field name="VAR" id="9f#xk+9TW)kv[sfYGeIF" variabletype="">inputPremium</field>
                      </block>
                    </value>
                    <value name="ARG1">
                      <block type="variables_get" id="j/tZl~#|YPJ)*18XG:HO">
                        <field name="VAR" id="Jm0M.fUcBCOF(NL|#J30" variabletype="">insuredValue</field>
                      </block>
                    </value>
                    <value name="ARG2">
                      <block type="logic_boolean" id="5dO!)88w^D,~p36,SKDY">
                        <field name="BOOL">TRUE</field>
                      </block>
                    </value>
                    <next>
                      <block type="procedures_callnoreturn" id="ne{O^cW~vE(dY]PbQV.}">
                        <mutation name="getIncreasedThirdPartyPropertyDamage">
                          <arg name="inputPremium"></arg>
                          <arg name="thirdPartyOnlyPremium"></arg>
                          <arg name="thirdPartyPropertyDamageLimit"></arg>
                        </mutation>
                        <value name="ARG0">
                          <block type="variables_get" id="m7PU-,-2(V`E26l.{ghw">
                            <field name="VAR" id="9f#xk+9TW)kv[sfYGeIF" variabletype="">inputPremium</field>
                          </block>
                        </value>
                        <value name="ARG1">
                          <block type="variables_get" id="Pi:RAfgu-Cq)^:%a}T~F">
                            <field name="VAR" id="!Y:U!ZH}xhit{]3*o9V?" variabletype="">thirdPartyOnlyPremium</field>
                          </block>
                        </value>
                        <value name="ARG2">
                          <block type="variables_get" id="r{67$|ER:PqC[69Cr06B">
                            <field name="VAR" id="4o+zD[1[yD-)X$HT$7O$" variabletype="">thirdPartyPropertyDamageLimit</field>
                          </block>
                        </value>
                        <next>
                          <block type="variables_set" id="[Oi;}wejBOH,PTT|-X+X">
                            <field name="VAR" id="#;6.8Yf^g#ieJsay7(4P" variabletype="">additionalExtensionsBenefitAmount</field>
                            <value name="VALUE">
                              <block type="bignumberlistoperation" id="a?+F5nx1P?jy(HxTsy;P">
                                <field name="operation">"sum"</field>
                                <value name="bigNumberList">
                                  <block type="lists_create_with" id="Ex63d)^1|BzrtG!TDxnd">
                                    <mutation items="2"></mutation>
                                    <value name="ADD0">
                                      <block type="variables_get" id="K$R?@+q`acGV-qLJqCf@">
                                        <field name="VAR" id="mrzb{rGGy]{2=DhQpr(i" variabletype="">srccLoadingAmount</field>
                                      </block>
                                    </value>
                                    <value name="ADD1">
                                      <block type="variables_get" id="#4_2;d{*~-e0RuYp(Iag">
                                        <field name="VAR" id="/d.1%3Av+fG=5aF8dOk(" variabletype="">increasedThridPartyPropertyDamageAmount</field>
                                      </block>
                                    </value>
                                  </block>
                                </value>
                              </block>
                            </value>
                            <next>
                              <block type="variables_set" id="dPzbf`(^Ch~K2K=|`P=5">
                                <field name="VAR" id="aocQwan5Y1qA`}38SG!Y" variabletype="">additionalExtensionsBenefitPremium</field>
                                <value name="VALUE">
                                  <block type="bignumbercalculation" id=":J*,(Qa;w5HyWuhG{dNx">
                                    <field name="operation">"plus"</field>
                                    <value name="bigNumber1">
                                      <block type="variables_get" id="J=jnr5`lA``||lxcGZUi">
                                        <field name="VAR" id="#;6.8Yf^g#ieJsay7(4P" variabletype="">additionalExtensionsBenefitAmount</field>
                                      </block>
                                    </value>
                                    <value name="bigNumber2">
                                      <block type="variables_get" id="$+)FiRnUu#qmR]r.`nwF">
                                        <field name="VAR" id="9f#xk+9TW)kv[sfYGeIF" variabletype="">inputPremium</field>
                                      </block>
                                    </value>
                                  </block>
                                </value>
                                <next>
                                  <block type="variables_set" id="4UWoNvH0:!NfR7/s{O=Y">
                                    <field name="VAR" id="$+h;[k98Ak8{3C~Xb=FQ" variabletype="">additionalExtensionsBenefitPercent</field>
                                    <value name="VALUE">
                                      <block type="bignumbercalculation" id="tOz4;jcm2ul6!/s*sGe=">
                                        <field name="operation">"dividedBy"</field>
                                        <value name="bigNumber1">
                                          <block type="bignumbercalculation" id="!bGgUQ4#[`2o2Fz[)AF]">
                                            <field name="operation">"times"</field>
                                            <value name="bigNumber1">
                                              <block type="variables_get" id="m}`B(5-14+n+ieJsm?bG">
                                                <field name="VAR" id="#;6.8Yf^g#ieJsay7(4P" variabletype="">additionalExtensionsBenefitAmount</field>
                                              </block>
                                            </value>
                                            <value name="bigNumber2">
                                              <block type="bignumber" id="oy~W$8!;FX7xW~`bY-{6">
                                                <field name="number">100</field>
                                              </block>
                                            </value>
                                          </block>
                                        </value>
                                        <value name="bigNumber2">
                                          <block type="variables_get" id="J}vha8{6JRph8sHSN9:c">
                                            <field name="VAR" id="9f#xk+9TW)kv[sfYGeIF" variabletype="">inputPremium</field>
                                          </block>
                                        </value>
                                      </block>
                                    </value>
                                  </block>
                                </next>
                              </block>
                            </next>
                          </block>
                        </next>
                      </block>
                    </next>
                  </block>
                </next>
              </block>
            </next>
          </block>
        </next>
      </block>
    </next>
  </block>
  <block type="procedures_defnoreturn" id="6-X#@YFq6e?!KYKhj+XQ" x="163" y="388">
    <mutation>
      <arg name="inputPremium" varid="9f#xk+9TW)kv[sfYGeIF"></arg>
      <arg name="thirdPartyOnlyPremium" varid="!Y:U!ZH}xhit{]3*o9V?"></arg>
      <arg name="thirdPartyPropertyDamageLimit" varid="4o+zD[1[yD-)X$HT$7O$"></arg>
    </mutation>
    <field name="NAME">getIncreasedThirdPartyPropertyDamage</field>
    <comment pinned="false" h="80" w="160">Describe this function...</comment>
    <statement name="STACK">
      <block type="variables_set" id="JK7uXm$K}-e/8]OsG2kk">
        <field name="VAR" id="14(O$0g#yjJfSubxg0Ml" variabletype="">lookupValue</field>
        <value name="VALUE">
          <block type="dataquery" id="!lst^4D5y~;s-T~.5=W^">
            <value name="tableName">
              <block type="text" id="l]fYb_Ct*n;ei.x;V[g^">
                <field name="TEXT">hkMotorcycleVehicleThirdPartyPropertyDamageLimit</field>
              </block>
            </value>
            <value name="filterColumnNames">
              <block type="lists_create_with" id="W)I$)]@AGwbpktG@m~R/">
                <mutation items="1"></mutation>
                <value name="ADD0">
                  <block type="text" id="$z`]m}`4v+N`tf;MITrI">
                    <field name="TEXT">thirdPartyPropertyDamageLimit</field>
                  </block>
                </value>
              </block>
            </value>
            <value name="filterColumnValues">
              <block type="lists_create_with" id="eS4Omvr2:%mx2172}|JZ">
                <mutation items="1"></mutation>
                <value name="ADD0">
                  <block type="variables_get" id="W@b+[0G@T~fy(G@j?;`]">
                    <field name="VAR" id="4o+zD[1[yD-)X$HT$7O$" variabletype="">thirdPartyPropertyDamageLimit</field>
                  </block>
                </value>
              </block>
            </value>
            <value name="outputColumn">
              <block type="text" id="R!Jln0`@C{:~-EEga_v}">
                <field name="TEXT">loadingPercentage</field>
              </block>
            </value>
          </block>
        </value>
        <next>
          <block type="controls_if" id="1jw+!FxGrmgvNy!}~unc">
            <mutation else="1"></mutation>
            <value name="IF0">
              <block type="logic_compare" id="h}eV0lv[[p5,R0U;)q~f">
                <field name="OP">EQ</field>
                <value name="A">
                  <block type="variables_get" id=":DT5l(ViC)UEBCHKUz01">
                    <field name="VAR" id="14(O$0g#yjJfSubxg0Ml" variabletype="">lookupValue</field>
                  </block>
                </value>
                <value name="B">
                  <block type="logic_null" id="o!PCrAL@tg[n[tk/hU!K"></block>
                </value>
              </block>
            </value>
            <statement name="DO0">
              <block type="variables_set" id="||jP)dzMH;B2umL!2lr]">
                <field name="VAR" id="G5JRkR-U$=S=m1`b^+L$" variabletype="">thridPartyPropertyDamageLimitPercentage</field>
                <value name="VALUE">
                  <block type="bignumber" id="r?hO1rO@._SG)i1{E}SR">
                    <field name="number">0</field>
                  </block>
                </value>
              </block>
            </statement>
            <statement name="ELSE">
              <block type="variables_set" id="taM!fby3~El}C@v!SKq(">
                <field name="VAR" id="G5JRkR-U$=S=m1`b^+L$" variabletype="">thridPartyPropertyDamageLimitPercentage</field>
                <value name="VALUE">
                  <block type="bignumberfromstring" id="Q}Wfqb?4%BC.jD4d_i{B">
                    <value name="number">
                      <block type="variables_get" id="gNM,9}3H,qBiT-[}zsNX">
                        <field name="VAR" id="14(O$0g#yjJfSubxg0Ml" variabletype="">lookupValue</field>
                      </block>
                    </value>
                  </block>
                </value>
              </block>
            </statement>
            <next>
              <block type="variables_set" id="Omr-{3d9f6U$/*Q#dHXA">
                <field name="VAR" id="/d.1%3Av+fG=5aF8dOk(" variabletype="">increasedThridPartyPropertyDamageAmount</field>
                <value name="VALUE">
                  <block type="bignumbercalculation" id="~w8U!kTgYEDr*:U;^mD4">
                    <field name="operation">"times"</field>
                    <value name="bigNumber1">
                      <block type="variables_get" id="9!7,KbS=+ZK}0H./hTd6">
                        <field name="VAR" id="!Y:U!ZH}xhit{]3*o9V?" variabletype="">thirdPartyOnlyPremium</field>
                      </block>
                    </value>
                    <value name="bigNumber2">
                      <block type="bignumberpercent" id="QL2K$yxmQ%+LM|PH;Ytn">
                        <value name="bigNumber">
                          <block type="variables_get" id="u6ZS^_-k1K0K9!xErrTi">
                            <field name="VAR" id="G5JRkR-U$=S=m1`b^+L$" variabletype="">thridPartyPropertyDamageLimitPercentage</field>
                          </block>
                        </value>
                      </block>
                    </value>
                  </block>
                </value>
                <next>
                  <block type="variables_set" id="i$=/)[2)AZ~e%K[/=`Cf">
                    <field name="VAR" id="wI)Lvn+lV)K^4Ub9kQ(c" variabletype="">increasedThridPartyPropertyDamagePercent</field>
                    <value name="VALUE">
                      <block type="bignumbercalculation" id="DDF3$7h_,K}3uN]-r$xq">
                        <field name="operation">"dividedBy"</field>
                        <value name="bigNumber1">
                          <block type="bignumbercalculation" id="@f52_fM1a,6~l`!`iwxT">
                            <field name="operation">"times"</field>
                            <value name="bigNumber1">
                              <block type="variables_get" id="*%9w%+`AzKzgJb}9a7Le">
                                <field name="VAR" id="/d.1%3Av+fG=5aF8dOk(" variabletype="">increasedThridPartyPropertyDamageAmount</field>
                              </block>
                            </value>
                            <value name="bigNumber2">
                              <block type="bignumber" id="J,0NOuo%QqsW;]`]Qu+|">
                                <field name="number">100</field>
                              </block>
                            </value>
                          </block>
                        </value>
                        <value name="bigNumber2">
                          <block type="variables_get" id="pu$1RMWDVFS7#dK?ma~u">
                            <field name="VAR" id="9f#xk+9TW)kv[sfYGeIF" variabletype="">inputPremium</field>
                          </block>
                        </value>
                      </block>
                    </value>
                  </block>
                </next>
              </block>
            </next>
          </block>
        </next>
      </block>
    </statement>
  </block>
</xml>