<xml xmlns="http://www.w3.org/1999/xhtml">
  <variables>
    <variable type="" id="S+mWMDYDZc5c_Lxe11=F">coverType</variable>
    <variable type="" id="oP8swCAr7q,QUTx=Z@q]">insuredValue</variable>
    <variable type="" id="WuA(9LhK%.6QJZ%xAPje">basicTariffPremium</variable>
  </variables>
  <block type="procedures_defreturn" id="UcUFrjlps*WZQSKmA|zq" x="538" y="287">
    <mutation>
      <arg name="coverType" varid="S+mWMDYDZc5c_Lxe11=F"></arg>
      <arg name="insuredValue" varid="oP8swCAr7q,QUTx=Z@q]"></arg>
    </mutation>
    <field name="NAME">getBasicTariffPremium</field>
    <comment pinned="false" h="80" w="160">Describe this function...</comment>
    <statement name="STACK">
      <block type="controls_if" id="}AFg6|~cWy-Ew~gq~sU_">
        <mutation elseif="1"></mutation>
        <value name="IF0">
          <block type="logic_compare" id="(RNjo{=3?iuOqIiD_87d">
            <field name="OP">EQ</field>
            <value name="A">
              <block type="variables_get" id="-CWKbvX^BhuD+{E9(:C0">
                <field name="VAR" id="S+mWMDYDZc5c_Lxe11=F" variabletype="">coverType</field>
              </block>
            </value>
            <value name="B">
              <block type="text" id="P4/Fbb+WMHvo^Y$iSfs6">
                <field name="TEXT">comprehensive</field>
              </block>
            </value>
          </block>
        </value>
        <statement name="DO0">
          <block type="variables_set" id="X_N{zO1WLCK%aE2g$li#">
            <field name="VAR" id="WuA(9LhK%.6QJZ%xAPje" variabletype="">basicTariffPremium</field>
            <value name="VALUE">
              <block type="bignumbercalculation" id="K_j0zpRyXM|eN,)ZMQKG">
                <field name="operation">"plus"</field>
                <value name="bigNumber1">
                  <block type="bignumbercalculation" id="tK;I1!,BoTa33LK7P@r1">
                    <field name="operation">"times"</field>
                    <value name="bigNumber1">
                      <block type="variables_get" id="_IA(/{=*/nDN|37p#UWw">
                        <field name="VAR" id="oP8swCAr7q,QUTx=Z@q]" variabletype="">insuredValue</field>
                      </block>
                    </value>
                    <value name="bigNumber2">
                      <block type="bignumber" id="L!D_aMk0WB6^l[{xc{eN">
                        <field name="number">0.105</field>
                      </block>
                    </value>
                  </block>
                </value>
                <value name="bigNumber2">
                  <block type="bignumber" id="~S%$(}|)BZMOwEY`k.*Y">
                    <field name="number">6200</field>
                  </block>
                </value>
              </block>
            </value>
            <next>
              <block type="controls_if" id="WSep]GWO+SXR}:Mo-ahb">
                <value name="IF0">
                  <block type="numbercomparison" id="|ejPc~_X+r)u[}gqy8FV">
                    <field name="operation">"LT"</field>
                    <value name="bigNumber1">
                      <block type="variables_get" id="Qv~.5C[%~a@kyK@)!`vg">
                        <field name="VAR" id="WuA(9LhK%.6QJZ%xAPje" variabletype="">basicTariffPremium</field>
                      </block>
                    </value>
                    <value name="bigNumber2">
                      <block type="bignumber" id="Q@dd![bt9@g73QmPZEZl">
                        <field name="number">7700</field>
                      </block>
                    </value>
                  </block>
                </value>
                <statement name="DO0">
                  <block type="variables_set" id="b:h3-/A828Js~@)F`99I">
                    <field name="VAR" id="WuA(9LhK%.6QJZ%xAPje" variabletype="">basicTariffPremium</field>
                    <value name="VALUE">
                      <block type="bignumber" id=":ecD}Z@,}xf}T,kciKj-">
                        <field name="number">7700</field>
                      </block>
                    </value>
                  </block>
                </statement>
              </block>
            </next>
          </block>
        </statement>
        <value name="IF1">
          <block type="logic_compare" id="*a2W2z/g-b!R*$={MR`:">
            <field name="OP">EQ</field>
            <value name="A">
              <block type="variables_get" id="FvV`bS/8t8xat{_:U|zo">
                <field name="VAR" id="S+mWMDYDZc5c_Lxe11=F" variabletype="">coverType</field>
              </block>
            </value>
            <value name="B">
              <block type="text" id="v-PcJOGgu%)4(eP_v{cm">
                <field name="TEXT">third party only</field>
              </block>
            </value>
          </block>
        </value>
        <statement name="DO1">
          <block type="variables_set" id="KA62=Vx7aU$nc;MW.fP=">
            <field name="VAR" id="WuA(9LhK%.6QJZ%xAPje" variabletype="">basicTariffPremium</field>
            <value name="VALUE">
              <block type="bignumber" id="aCFXlXB8R-Iv2yQps]fB">
                <field name="number">3700</field>
              </block>
            </value>
          </block>
        </statement>
      </block>
    </statement>
    <value name="RETURN">
      <block type="variables_get" id="YBgfhOGCQZDD~:L40]T`">
        <field name="VAR" id="WuA(9LhK%.6QJZ%xAPje" variabletype="">basicTariffPremium</field>
      </block>
    </value>
  </block>
</xml>