<xml xmlns="http://www.w3.org/1999/xhtml">
  <variables>
    <variable type="" id="SDy+*)^{nxb?;m-Nf]}^">insuredValue</variable>
    <variable type="" id="bc44VQqPO!}@`dk;/m)#">coverType</variable>
    <variable type="" id=".n;9N`uk-yc2;H4NgUz)">theftPercentage</variable>
    <variable type="" id="lD;4lT`XBTIYzaT;.Qj@">tppdAmount</variable>
    <variable type="" id="syK^pF)VG~gz#-K^-u:l">theftExcess</variable>
    <variable type="" id="X)`1vsrbFhIJZQ=gE%g6">tppdYoungDriverAmount</variable>
    <variable type="" id="+hCq,xqPGY0OAtOHX$+.">tppdInexperienceDriverAmount</variable>
    <variable type="" id="z(e8{:1-xZ6;rG$l!$Il">ownDamageAmount</variable>
    <variable type="" id="X^Bqc4_l8iR(}YWhNdS[">theftAmount</variable>
    <variable type="" id="f)hPCdyVHr00ccQ:y4{7">youngDriverAmount</variable>
    <variable type="" id="+%ca})f!k.T13.O-z@|r">inexperiencedDriverAmount</variable>
  </variables>
  <block type="procedures_defnoreturn" id="XC%g5wBYEKI]1G8PoS]s" x="487" y="88">
    <mutation>
      <arg name="insuredValue" varid="SDy+*)^{nxb?;m-Nf]}^"></arg>
      <arg name="coverType" varid="bc44VQqPO!}@`dk;/m)#"></arg>
    </mutation>
    <field name="NAME">getExcesses</field>
    <comment pinned="false" h="80" w="160">Describe this function...</comment>
    <statement name="STACK">
      <block type="controls_if" id="qQMX@ahG~vQheC4SKQz(">
        <value name="IF0">
          <block type="logic_compare" id="{-Z/5ghyFsbM;hQw[lu=">
            <field name="OP">EQ</field>
            <value name="A">
              <block type="variables_get" id="3WM/n){APRQ@VpaIb{RM">
                <field name="VAR" id="bc44VQqPO!}@`dk;/m)#" variabletype="">coverType</field>
              </block>
            </value>
            <value name="B">
              <block type="text" id=")QRPx58t.cA.U)%vuGj!">
                <field name="TEXT">comprehensive</field>
              </block>
            </value>
          </block>
        </value>
        <statement name="DO0">
          <block type="variables_set" id="2O}#ccPw-mEl@wuSs}m5">
            <field name="VAR" id=".n;9N`uk-yc2;H4NgUz)" variabletype="">theftPercentage</field>
            <value name="VALUE">
              <block type="bignumber" id="=8}CLUf#?%L:m4kc#6[D">
                <field name="number">10</field>
              </block>
            </value>
            <next>
              <block type="variables_set" id="2,RVc]igPKY2D3BG|j}w">
                <field name="VAR" id="syK^pF)VG~gz#-K^-u:l" variabletype="">theftExcess</field>
                <value name="VALUE">
                  <block type="bignumbercalculation" id="Nr[OiAlS43t/,6[r6.$h">
                    <field name="operation">"times"</field>
                    <value name="bigNumber1">
                      <block type="variables_get" id="Scym,*%kIvF|7W(p$%,q">
                        <field name="VAR" id=".n;9N`uk-yc2;H4NgUz)" variabletype="">theftPercentage</field>
                      </block>
                    </value>
                    <value name="bigNumber2">
                      <block type="bignumbercalculation" id="}Edppj1-%{}b!8bK8m3A">
                        <field name="operation">"dividedBy"</field>
                        <value name="bigNumber1">
                          <block type="variables_get" id="Vk6)u:Y#UNL{^o$kJl/P">
                            <field name="VAR" id="SDy+*)^{nxb?;m-Nf]}^" variabletype="">insuredValue</field>
                          </block>
                        </value>
                        <value name="bigNumber2">
                          <block type="bignumber" id="an~S(c!45ysn?BI,#V_Z">
                            <field name="number">100</field>
                          </block>
                        </value>
                      </block>
                    </value>
                  </block>
                </value>
                <next>
                  <block type="controls_if" id="ITmNv^){jR.[fLf+24I?">
                    <value name="IF0">
                      <block type="logic_compare" id=")D?XA=G^g%^TT:Zhepdh">
                        <field name="OP">LT</field>
                        <value name="A">
                          <block type="variables_get" id="oPsP$J^utV7WH+vd2:Ox">
                            <field name="VAR" id="syK^pF)VG~gz#-K^-u:l" variabletype="">theftExcess</field>
                          </block>
                        </value>
                        <value name="B">
                          <block type="bignumber" id="{}u@?Oa?3Qtl(M(=SvVh">
                            <field name="number">10000</field>
                          </block>
                        </value>
                      </block>
                    </value>
                    <statement name="DO0">
                      <block type="variables_set" id="Y*Tp:1S{/ROb~vj=EH$D">
                        <field name="VAR" id="syK^pF)VG~gz#-K^-u:l" variabletype="">theftExcess</field>
                        <value name="VALUE">
                          <block type="bignumber" id="t}[OJ7rba2[PU+n4x)Dc">
                            <field name="number">10000</field>
                          </block>
                        </value>
                      </block>
                    </statement>
                    <next>
                      <block type="variables_set" id="KxR^Kam#]I[Gr)X|pJ-k">
                        <field name="VAR" id="z(e8{:1-xZ6;rG$l!$Il" variabletype="">ownDamageAmount</field>
                        <value name="VALUE">
                          <block type="bignumber" id="gip9raz8JH2E:Mh1:0;?">
                            <field name="number">5000</field>
                          </block>
                        </value>
                        <next>
                          <block type="variables_set" id="-b/rfROcwc31Z|(7X|9D">
                            <field name="VAR" id="X^Bqc4_l8iR(}YWhNdS[" variabletype="">theftAmount</field>
                            <value name="VALUE">
                              <block type="variables_get" id="djX?{`B6J~I~H#FZ$2D(">
                                <field name="VAR" id="syK^pF)VG~gz#-K^-u:l" variabletype="">theftExcess</field>
                              </block>
                            </value>
                            <next>
                              <block type="variables_set" id="?s$6EGc}jui$fpG4*Z8L">
                                <field name="VAR" id="f)hPCdyVHr00ccQ:y4{7" variabletype="">youngDriverAmount</field>
                                <value name="VALUE">
                                  <block type="bignumber" id="NL/ymqi=+IFryv}60H,Y">
                                    <field name="number">10000</field>
                                  </block>
                                </value>
                                <next>
                                  <block type="variables_set" id="c_Qqd8KQph;v_heNGA~`">
                                    <field name="VAR" id="+%ca})f!k.T13.O-z@|r" variabletype="">inexperiencedDriverAmount</field>
                                    <value name="VALUE">
                                      <block type="bignumber" id="/$JA|tmA~EvgjX4d_pL#">
                                        <field name="number">10000</field>
                                      </block>
                                    </value>
                                  </block>
                                </next>
                              </block>
                            </next>
                          </block>
                        </next>
                      </block>
                    </next>
                  </block>
                </next>
              </block>
            </next>
          </block>
        </statement>
        <next>
          <block type="variables_set" id="sakEr::l_(J]DuYf%pnA">
            <field name="VAR" id="lD;4lT`XBTIYzaT;.Qj@" variabletype="">tppdAmount</field>
            <value name="VALUE">
              <block type="bignumber" id="Zp!g8NwH09jFN#_tX/_E">
                <field name="number">5000</field>
              </block>
            </value>
            <next>
              <block type="variables_set" id="x*:)dwyr!G4qL}3CZWDH">
                <field name="VAR" id="X)`1vsrbFhIJZQ=gE%g6" variabletype="">tppdYoungDriverAmount</field>
                <value name="VALUE">
                  <block type="bignumber" id="UG9l|o9)@M^57O`2Na}t">
                    <field name="number">10000</field>
                  </block>
                </value>
                <next>
                  <block type="variables_set" id="R~@x%t(G8Ve{tO#o!_ma">
                    <field name="VAR" id="+hCq,xqPGY0OAtOHX$+." variabletype="">tppdInexperienceDriverAmount</field>
                    <value name="VALUE">
                      <block type="bignumber" id="OP!NXTgOYhT)e5c?oSnT">
                        <field name="number">10000</field>
                      </block>
                    </value>
                  </block>
                </next>
              </block>
            </next>
          </block>
        </next>
      </block>
    </statement>
  </block>
  <block type="variables_set" id="OG?05IM}}D`V7u-6w*~s" x="1213" y="237">
    <field name="VAR" id="SDy+*)^{nxb?;m-Nf]}^" variabletype="">insuredValue</field>
    <value name="VALUE">
      <block type="bignumber" id="^lG@)F|u%v4_ym!$gLo)">
        <field name="number">100000</field>
      </block>
    </value>
    <next>
      <block type="variables_set" id="fsTNCP9W#V(|c^h%xqa$">
        <field name="VAR" id="bc44VQqPO!}@`dk;/m)#" variabletype="">coverType</field>
        <value name="VALUE">
          <block type="text" id=".:!PKYFS+_W5H,0=+M~A">
            <field name="TEXT">comprehensive</field>
          </block>
        </value>
        <next>
          <block type="procedures_callnoreturn" id="8ig5|%DnE^*TChMvsmFk">
            <mutation name="getExcesses">
              <arg name="insuredValue"></arg>
              <arg name="coverType"></arg>
            </mutation>
            <value name="ARG0">
              <block type="variables_get" id="F=OW~)=dKhOz/tNv}BXm">
                <field name="VAR" id="SDy+*)^{nxb?;m-Nf]}^" variabletype="">insuredValue</field>
              </block>
            </value>
            <value name="ARG1">
              <block type="variables_get" id="c72[[o+X,G1~W-*BG55G">
                <field name="VAR" id="bc44VQqPO!}@`dk;/m)#" variabletype="">coverType</field>
              </block>
            </value>
          </block>
        </next>
      </block>
    </next>
  </block>
</xml>