<xml xmlns="http://www.w3.org/1999/xhtml">
  <variables>
    <variable type="" id="Jh(?|qdkY|nKgT@DDoaG">grossPremium</variable>
    <variable type="" id="@_nsI_MTzRNED5%QG/q3">inceptionDate</variable>
    <variable type="" id="nW`$3WSRz*jjSgnZ9V,b">mibDutyPercent</variable>
    <variable type="" id="w1$xD(E1]3?t!o-Wf.gW">mibDutyAmount</variable>
    <variable type="" id="nfme~Y(R;JzCA0m!W|1i">iaLevyPercent</variable>
    <variable type="" id="MRarH)|WX}erSQ4sXHq`">iaLevyAmount</variable>
    <variable type="" id="95JCPobDlo[E[V13]4E}">roundedMibDutyAmount</variable>
    <variable type="" id="={Ic;bwo2dE|t_oc7hLy">roundedIaLevyAmount</variable>
    <variable type="" id="T-wTTf8@yhVCVEy%`yMD">indexRoundedAmount</variable>
    <variable type="" id="c[QFv}PWKZ~@hvTWEzXv">indexRoundedPercent</variable>
    <variable type="" id="NE6BBsrUTDJ}j84_r/+-">indexRoundedPremium</variable>
    <variable type="" id="}?B%=oY!XZJF.=D%BEE_">indexAmount</variable>
    <variable type="" id="08?O|?5HMSJ_P5$Lv:C5">indexPercent</variable>
    <variable type="" id="9(V;obj]/594t$]1NP-s">indexPremium</variable>
  </variables>
  <block type="procedures_defnoreturn" id="m~j,k:l1oljgJ1fhlMK!" x="163" y="138">
    <mutation>
      <arg name="grossPremium" varid="Jh(?|qdkY|nKgT@DDoaG"></arg>
    </mutation>
    <field name="NAME">getMibDuty</field>
    <comment pinned="false" h="80" w="160">Describe this function...</comment>
    <statement name="STACK">
      <block type="variables_set" id="O^:EHI4AJi`s0vrYGc62">
        <field name="VAR" id="nW`$3WSRz*jjSgnZ9V,b" variabletype="">mibDutyPercent</field>
        <value name="VALUE">
          <block type="bignumber" id="qGEY#OX])J0T}q9x9(r|">
            <field name="number">3</field>
          </block>
        </value>
        <next>
          <block type="variables_set" id="`R*(!G7-P/@=M=k_H),[">
            <field name="VAR" id="w1$xD(E1]3?t!o-Wf.gW" variabletype="">mibDutyAmount</field>
            <value name="VALUE">
              <block type="bignumbercalculation" id="xd!LZ++KP$3_Z:{F|F|m">
                <field name="operation">"times"</field>
                <value name="bigNumber1">
                  <block type="bignumberpercent" id="y,4/hm3BJ!,##n05YWTw">
                    <value name="bigNumber">
                      <block type="variables_get" id="2AWN-FI]a9(JV:njC|0(">
                        <field name="VAR" id="nW`$3WSRz*jjSgnZ9V,b" variabletype="">mibDutyPercent</field>
                      </block>
                    </value>
                  </block>
                </value>
                <value name="bigNumber2">
                  <block type="variables_get" id="aTW]PS]mV(xBEg:[C$dU">
                    <field name="VAR" id="Jh(?|qdkY|nKgT@DDoaG" variabletype="">grossPremium</field>
                  </block>
                </value>
              </block>
            </value>
            <next>
              <block type="variables_set" id="n/m8@AuAD~F6H`^AITV=">
                <field name="VAR" id="95JCPobDlo[E[V13]4E}" variabletype="">roundedMibDutyAmount</field>
                <value name="VALUE">
                  <block type="bignumberrounding" id="5%Gmkq9fYYd690aqU6*a">
                    <field name="roundingMethod">"ROUND_HALF_UP"</field>
                    <field name="decimalPlaces">2</field>
                    <value name="number">
                      <block type="variables_get" id="Hk=*AAo`fPVOuhw5y[]f">
                        <field name="VAR" id="w1$xD(E1]3?t!o-Wf.gW" variabletype="">mibDutyAmount</field>
                      </block>
                    </value>
                  </block>
                </value>
              </block>
            </next>
          </block>
        </next>
      </block>
    </statement>
  </block>
  <block type="variables_set" id="v2b7zI,q~5Mr$;)w;NI@" x="1212" y="163">
    <field name="VAR" id="Jh(?|qdkY|nKgT@DDoaG" variabletype="">grossPremium</field>
    <value name="VALUE">
      <block type="bignumber" id="pSr]`%Z]DlOM(/SXW`-5">
        <field name="number">9600</field>
      </block>
    </value>
    <next>
      <block type="variables_set" id="[6tVIcqwPRlc(QWhiWhj">
        <field name="VAR" id="@_nsI_MTzRNED5%QG/q3" variabletype="">inceptionDate</field>
        <value name="VALUE">
          <block type="example_date" id="!snJFr[jL|a0o$QvgCSV">
            <field name="inputDate">2019-07-17</field>
          </block>
        </value>
        <next>
          <block type="procedures_callnoreturn" id="1@V5C6j@DqJv+ht`9#E-">
            <mutation name="getMibDuty">
              <arg name="grossPremium"></arg>
            </mutation>
            <value name="ARG0">
              <block type="variables_get" id="9otDRq%?!ljV$oS;4nFo">
                <field name="VAR" id="Jh(?|qdkY|nKgT@DDoaG" variabletype="">grossPremium</field>
              </block>
            </value>
            <next>
              <block type="procedures_callnoreturn" id="lE1+g0L#c3D89U^/~epw">
                <mutation name="getIaLevy">
                  <arg name="grossPremium"></arg>
                  <arg name="inceptionDate"></arg>
                </mutation>
                <value name="ARG0">
                  <block type="variables_get" id="JQUV~-Op;z_`-;qW@02L">
                    <field name="VAR" id="Jh(?|qdkY|nKgT@DDoaG" variabletype="">grossPremium</field>
                  </block>
                </value>
                <value name="ARG1">
                  <block type="variables_get" id=",4zqMOH}oUT~K-_(NZeL">
                    <field name="VAR" id="@_nsI_MTzRNED5%QG/q3" variabletype="">inceptionDate</field>
                  </block>
                </value>
                <next>
                  <block type="variables_set" id="Zi2IOCsY82I1/6A@0p0@">
                    <field name="VAR" id="T-wTTf8@yhVCVEy%`yMD" variabletype="">indexRoundedAmount</field>
                    <value name="VALUE">
                      <block type="bignumberlistoperation" id="ic|+2;4@ZMXbUPh-?.cY">
                        <field name="operation">"sum"</field>
                        <value name="bigNumberList">
                          <block type="lists_create_with" id="R?=DY6:}SJw7x{f+O@HQ">
                            <mutation items="2"></mutation>
                            <value name="ADD0">
                              <block type="variables_get" id="HNZjRhf[f/xis|oazp1p">
                                <field name="VAR" id="95JCPobDlo[E[V13]4E}" variabletype="">roundedMibDutyAmount</field>
                              </block>
                            </value>
                            <value name="ADD1">
                              <block type="variables_get" id="6UziZwsKH$bY@hcwuuZz">
                                <field name="VAR" id="={Ic;bwo2dE|t_oc7hLy" variabletype="">roundedIaLevyAmount</field>
                              </block>
                            </value>
                          </block>
                        </value>
                      </block>
                    </value>
                    <next>
                      <block type="variables_set" id="={UCajLy.5aQHVAyg3?c">
                        <field name="VAR" id="c[QFv}PWKZ~@hvTWEzXv" variabletype="">indexRoundedPercent</field>
                        <value name="VALUE">
                          <block type="bignumbercalculation" id="K{_^*|@5g)_$_oG{n:R~">
                            <field name="operation">"dividedBy"</field>
                            <value name="bigNumber1">
                              <block type="bignumbercalculation" id="?Q8!-$Av`j,7dVxC(s85">
                                <field name="operation">"times"</field>
                                <value name="bigNumber1">
                                  <block type="variables_get" id="1[yg%7P~K]k:9/MvzTj4">
                                    <field name="VAR" id="T-wTTf8@yhVCVEy%`yMD" variabletype="">indexRoundedAmount</field>
                                  </block>
                                </value>
                                <value name="bigNumber2">
                                  <block type="bignumber" id="7aF7CwQWN2x6%93zhT4#">
                                    <field name="number">100</field>
                                  </block>
                                </value>
                              </block>
                            </value>
                            <value name="bigNumber2">
                              <block type="variables_get" id="P8R@cCTy|cYVnN?%7;G;">
                                <field name="VAR" id="Jh(?|qdkY|nKgT@DDoaG" variabletype="">grossPremium</field>
                              </block>
                            </value>
                          </block>
                        </value>
                        <next>
                          <block type="variables_set" id="|h)Ve(C[^!w6)E{N^O4M">
                            <field name="VAR" id="NE6BBsrUTDJ}j84_r/+-" variabletype="">indexRoundedPremium</field>
                            <value name="VALUE">
                              <block type="bignumbercalculation" id="9-1OHkCDiDKaX)OCu5/u">
                                <field name="operation">"plus"</field>
                                <value name="bigNumber1">
                                  <block type="variables_get" id="dp:-|F~Z*BiGPJ-v1Bd|">
                                    <field name="VAR" id="T-wTTf8@yhVCVEy%`yMD" variabletype="">indexRoundedAmount</field>
                                  </block>
                                </value>
                                <value name="bigNumber2">
                                  <block type="variables_get" id="%])*nakbrA!)RQGM)I:[">
                                    <field name="VAR" id="Jh(?|qdkY|nKgT@DDoaG" variabletype="">grossPremium</field>
                                  </block>
                                </value>
                              </block>
                            </value>
                            <next>
                              <block type="variables_set" id="P3+J#$p?;9P9/T_iutAR">
                                <field name="VAR" id="}?B%=oY!XZJF.=D%BEE_" variabletype="">indexAmount</field>
                                <value name="VALUE">
                                  <block type="bignumberlistoperation" id="pi|BE;M|mO=n5ljO}Fd,">
                                    <field name="operation">"sum"</field>
                                    <value name="bigNumberList">
                                      <block type="lists_create_with" id="nBw,k[Hy_UHhj{YqJq=z">
                                        <mutation items="2"></mutation>
                                        <value name="ADD0">
                                          <block type="variables_get" id="CXLLT?EWN9[4H,wLWW0X">
                                            <field name="VAR" id="w1$xD(E1]3?t!o-Wf.gW" variabletype="">mibDutyAmount</field>
                                          </block>
                                        </value>
                                        <value name="ADD1">
                                          <block type="variables_get" id="]E$n9HIuj/Q`(e0C_rQE">
                                            <field name="VAR" id="MRarH)|WX}erSQ4sXHq`" variabletype="">iaLevyAmount</field>
                                          </block>
                                        </value>
                                      </block>
                                    </value>
                                  </block>
                                </value>
                                <next>
                                  <block type="variables_set" id="|q=!gbNR4!vFR}9n1t]`">
                                    <field name="VAR" id="08?O|?5HMSJ_P5$Lv:C5" variabletype="">indexPercent</field>
                                    <value name="VALUE">
                                      <block type="bignumbercalculation" id="e_8m}%(.wnx3EVwYHsEo">
                                        <field name="operation">"dividedBy"</field>
                                        <value name="bigNumber1">
                                          <block type="bignumbercalculation" id=":v,$QM4Y}U#mGn4L@u,t">
                                            <field name="operation">"times"</field>
                                            <value name="bigNumber1">
                                              <block type="variables_get" id="cCn_5ShsG#fQWEFJw=iL">
                                                <field name="VAR" id="}?B%=oY!XZJF.=D%BEE_" variabletype="">indexAmount</field>
                                              </block>
                                            </value>
                                            <value name="bigNumber2">
                                              <block type="bignumber" id=")SRg1lfI?E/Bs|]ci-{M">
                                                <field name="number">100</field>
                                              </block>
                                            </value>
                                          </block>
                                        </value>
                                        <value name="bigNumber2">
                                          <block type="variables_get" id="X3?tQDn#5pUvmYCwK)s)">
                                            <field name="VAR" id="Jh(?|qdkY|nKgT@DDoaG" variabletype="">grossPremium</field>
                                          </block>
                                        </value>
                                      </block>
                                    </value>
                                    <next>
                                      <block type="variables_set" id="Lta?E(x:1{2C+rWY0/01">
                                        <field name="VAR" id="9(V;obj]/594t$]1NP-s" variabletype="">indexPremium</field>
                                        <value name="VALUE">
                                          <block type="bignumbercalculation" id="B!rv2{8y1(q,X,+z[uv4">
                                            <field name="operation">"plus"</field>
                                            <value name="bigNumber1">
                                              <block type="variables_get" id="bN4?Gl3NG;rSy%JV!jqk">
                                                <field name="VAR" id="}?B%=oY!XZJF.=D%BEE_" variabletype="">indexAmount</field>
                                              </block>
                                            </value>
                                            <value name="bigNumber2">
                                              <block type="variables_get" id="yiz(6f7a;#[o,-,4TPpY">
                                                <field name="VAR" id="Jh(?|qdkY|nKgT@DDoaG" variabletype="">grossPremium</field>
                                              </block>
                                            </value>
                                          </block>
                                        </value>
                                      </block>
                                    </next>
                                  </block>
                                </next>
                              </block>
                            </next>
                          </block>
                        </next>
                      </block>
                    </next>
                  </block>
                </next>
              </block>
            </next>
          </block>
        </next>
      </block>
    </next>
  </block>
  <block type="procedures_defnoreturn" id="x`[^AbK?Ytwzwqg[J)T^" x="162" y="338">
    <mutation>
      <arg name="grossPremium" varid="Jh(?|qdkY|nKgT@DDoaG"></arg>
      <arg name="inceptionDate" varid="@_nsI_MTzRNED5%QG/q3"></arg>
    </mutation>
    <field name="NAME">getIaLevy</field>
    <comment pinned="false" h="80" w="160">Describe this function...</comment>
    <statement name="STACK">
      <block type="controls_if" id="s{[N,YILGhoBQDm.sofa">
        <mutation elseif="3" else="1"></mutation>
        <value name="IF0">
          <block type="logic_compare" id="HMJ6JDs]*_$vQ[{^xM:~">
            <field name="OP">LT</field>
            <value name="A">
              <block type="variables_get" id="-:#mEcqr23CZCB3i=$.k">
                <field name="VAR" id="@_nsI_MTzRNED5%QG/q3" variabletype="">inceptionDate</field>
              </block>
            </value>
            <value name="B">
              <block type="example_date" id="gO/u5Ti2K?4Iu]X*Ia9L">
                <field name="inputDate">2018-01-01</field>
              </block>
            </value>
          </block>
        </value>
        <statement name="DO0">
          <block type="variables_set" id="@1S)HQeZh1k!7JN|QlP%">
            <field name="VAR" id="nfme~Y(R;JzCA0m!W|1i" variabletype="">iaLevyPercent</field>
            <value name="VALUE">
              <block type="bignumber" id="]T7qHe(,ut_v5Xbz-Lah">
                <field name="number">0</field>
              </block>
            </value>
          </block>
        </statement>
        <value name="IF1">
          <block type="logic_operation" id="~Q4@7%u]WG(x*X~~79^Z">
            <field name="OP">AND</field>
            <value name="A">
              <block type="logic_compare" id="7G+=ou.VV}l[RyBv;`oX">
                <field name="OP">GTE</field>
                <value name="A">
                  <block type="variables_get" id="8V*3QZy(yr5dl*62I!=/">
                    <field name="VAR" id="@_nsI_MTzRNED5%QG/q3" variabletype="">inceptionDate</field>
                  </block>
                </value>
                <value name="B">
                  <block type="example_date" id="PfyYkA7-rf6vNyAbym+R">
                    <field name="inputDate">2018-01-01</field>
                  </block>
                </value>
              </block>
            </value>
            <value name="B">
              <block type="logic_compare" id="EBeBOQ5ZwvoyeHmQPE-5">
                <field name="OP">LTE</field>
                <value name="A">
                  <block type="variables_get" id="OvC8Bfi6D@m]TAhBg(+!">
                    <field name="VAR" id="@_nsI_MTzRNED5%QG/q3" variabletype="">inceptionDate</field>
                  </block>
                </value>
                <value name="B">
                  <block type="example_date" id="OkFPFg.F[magxAu1hlKZ">
                    <field name="inputDate">2019-03-31</field>
                  </block>
                </value>
              </block>
            </value>
          </block>
        </value>
        <statement name="DO1">
          <block type="variables_set" id="xKW%cjtOQgF-EIbJMh$u">
            <field name="VAR" id="nfme~Y(R;JzCA0m!W|1i" variabletype="">iaLevyPercent</field>
            <value name="VALUE">
              <block type="bignumber" id="GL`DRu)y;x5;1P68qCnA">
                <field name="number">0.04</field>
              </block>
            </value>
          </block>
        </statement>
        <value name="IF2">
          <block type="logic_operation" id="Keu[x8a)GOkXs8r`lMK-">
            <field name="OP">AND</field>
            <value name="A">
              <block type="logic_compare" id="qdXo!lZlY|/tO;[5Y`:+">
                <field name="OP">GTE</field>
                <value name="A">
                  <block type="variables_get" id="Ut(FCb8xE%zPwK:2{77?">
                    <field name="VAR" id="@_nsI_MTzRNED5%QG/q3" variabletype="">inceptionDate</field>
                  </block>
                </value>
                <value name="B">
                  <block type="example_date" id=".+hd=`xY`RB5HJ39,EE8">
                    <field name="inputDate">2019-04-01</field>
                  </block>
                </value>
              </block>
            </value>
            <value name="B">
              <block type="logic_compare" id="NOvFo?Oz|S=Ah9]x}`?y">
                <field name="OP">LTE</field>
                <value name="A">
                  <block type="variables_get" id="t/9AeGp{=g)uYUQ=PFV_">
                    <field name="VAR" id="@_nsI_MTzRNED5%QG/q3" variabletype="">inceptionDate</field>
                  </block>
                </value>
                <value name="B">
                  <block type="example_date" id="_*L7UPZDCt{w0U`=ODY+">
                    <field name="inputDate">2020-03-31</field>
                  </block>
                </value>
              </block>
            </value>
          </block>
        </value>
        <statement name="DO2">
          <block type="variables_set" id="=I(fidXC{DMcqTY*d2^V">
            <field name="VAR" id="nfme~Y(R;JzCA0m!W|1i" variabletype="">iaLevyPercent</field>
            <value name="VALUE">
              <block type="bignumber" id="HSYiDoq$`yLjRdO4JZD,">
                <field name="number">0.06</field>
              </block>
            </value>
          </block>
        </statement>
        <value name="IF3">
          <block type="logic_operation" id="rC)cWN.*k,$3A=D@^G=G">
            <field name="OP">AND</field>
            <value name="A">
              <block type="logic_compare" id="/gdrn-xtw,ll3R98~R,*">
                <field name="OP">GTE</field>
                <value name="A">
                  <block type="variables_get" id="V,,@;`.8*lVJ;hm{XKTS">
                    <field name="VAR" id="@_nsI_MTzRNED5%QG/q3" variabletype="">inceptionDate</field>
                  </block>
                </value>
                <value name="B">
                  <block type="example_date" id="jWlF;4E$rNX,L^*5M$Ld">
                    <field name="inputDate">2020-04-01</field>
                  </block>
                </value>
              </block>
            </value>
            <value name="B">
              <block type="logic_compare" id="4QPSB3TeAP6wQ+uckykX">
                <field name="OP">LTE</field>
                <value name="A">
                  <block type="variables_get" id="@[cZ}}zTfEGajH^ZcRDz">
                    <field name="VAR" id="@_nsI_MTzRNED5%QG/q3" variabletype="">inceptionDate</field>
                  </block>
                </value>
                <value name="B">
                  <block type="example_date" id="[/ZuC-D|_{ftwd#bFhl6">
                    <field name="inputDate">2021-03-31</field>
                  </block>
                </value>
              </block>
            </value>
          </block>
        </value>
        <statement name="DO3">
          <block type="variables_set" id="kPkh+7l@ijA?bacK.MOz">
            <field name="VAR" id="nfme~Y(R;JzCA0m!W|1i" variabletype="">iaLevyPercent</field>
            <value name="VALUE">
              <block type="bignumber" id="HW4!Y~y;;USV?KG:X!f`">
                <field name="number">0.085</field>
              </block>
            </value>
          </block>
        </statement>
        <statement name="ELSE">
          <block type="variables_set" id="FR(cH)PaWEgVK|xIYcVq">
            <field name="VAR" id="nfme~Y(R;JzCA0m!W|1i" variabletype="">iaLevyPercent</field>
            <value name="VALUE">
              <block type="bignumber" id="mjf18=E]^n)4Cqu$1wes">
                <field name="number">0.1</field>
              </block>
            </value>
          </block>
        </statement>
        <next>
          <block type="variables_set" id="mDnun7l$i?#THU5q]idl">
            <field name="VAR" id="MRarH)|WX}erSQ4sXHq`" variabletype="">iaLevyAmount</field>
            <value name="VALUE">
              <block type="bignumbercalculation" id="mF{j_3)2|jDQjM#mjrmC">
                <field name="operation">"times"</field>
                <value name="bigNumber1">
                  <block type="bignumberpercent" id="{5}msv7HpHj#j28^@F@#">
                    <value name="bigNumber">
                      <block type="variables_get" id="l7YnyIG_-_~.:|@y;gSU">
                        <field name="VAR" id="nfme~Y(R;JzCA0m!W|1i" variabletype="">iaLevyPercent</field>
                      </block>
                    </value>
                  </block>
                </value>
                <value name="bigNumber2">
                  <block type="variables_get" id="!+%[@2ghH2[%Vo$VufOt">
                    <field name="VAR" id="Jh(?|qdkY|nKgT@DDoaG" variabletype="">grossPremium</field>
                  </block>
                </value>
              </block>
            </value>
            <next>
              <block type="variables_set" id="Kbzh7-Xj(pfjI:}E1::[">
                <field name="VAR" id="={Ic;bwo2dE|t_oc7hLy" variabletype="">roundedIaLevyAmount</field>
                <value name="VALUE">
                  <block type="bignumberrounding" id="8Xpw)Nrf~D=;XYrCn{;.">
                    <field name="roundingMethod">"ROUND_HALF_UP"</field>
                    <field name="decimalPlaces">2</field>
                    <value name="number">
                      <block type="variables_get" id="FrQ~Cc:^P(apl=CI`O=,">
                        <field name="VAR" id="MRarH)|WX}erSQ4sXHq`" variabletype="">iaLevyAmount</field>
                      </block>
                    </value>
                  </block>
                </value>
              </block>
            </next>
          </block>
        </next>
      </block>
    </statement>
  </block>
</xml>