<xml xmlns="http://www.w3.org/1999/xhtml">
  <variables>
    <variable type="" id="L7a@Ss!4HV7k`FU{M:#{">inputPremium</variable>
    <variable type="" id="_Ri8CXiY(|EyO5KRe`!g">ownDamagePremium</variable>
    <variable type="" id=".pSy1Een9^OJ}ij8_HFy">includeChinaExtension</variable>
    <variable type="" id="qD{,.4BKC~EQIZ$WV{!C">coverType</variable>
    <variable type="" id="r(?OBT5wk[oAl*n~*ZHo">chinaExtensionsLoadingPercentage</variable>
    <variable type="" id=";edva+HK_P9[(w7e@M1e">chinaExtensionsLoadingAmount</variable>
    <variable type="" id="abz@h#nxU{@~:;rG({8y">chinaExtensionsLoadingPercent</variable>
    <variable type="" id="j2+E@S_8r)e_upcx~7Ky">chinaExtensionsLoadingPremium</variable>
  </variables>
  <block type="variables_set" id="HrbG|RFX,Z#IHOk?`.zr" x="1438" y="188">
    <field name="VAR" id="L7a@Ss!4HV7k`FU{M:#{" variabletype="">inputPremium</field>
    <value name="VALUE">
      <block type="bignumber" id="S*Zy3plj%/!}hZKl7k]F">
        <field name="number">9600</field>
      </block>
    </value>
    <next>
      <block type="variables_set" id="]Dt:)IHnw,H^_D{4KpX.">
        <field name="VAR" id="_Ri8CXiY(|EyO5KRe`!g" variabletype="">ownDamagePremium</field>
        <value name="VALUE">
          <block type="bignumber" id="UXDH({`V:D[lq?+mwp~;">
            <field name="number">5000</field>
          </block>
        </value>
        <next>
          <block type="variables_set" id="jG?NHa93i+^:u`X2#WLa">
            <field name="VAR" id="qD{,.4BKC~EQIZ$WV{!C" variabletype="">coverType</field>
            <value name="VALUE">
              <block type="text" id="Lrsks5+#}OnMZIrhfZF=">
                <field name="TEXT">third party and own damage</field>
              </block>
            </value>
            <next>
              <block type="procedures_callnoreturn" id="r]Y0i!9ByYA/DmYoSgh}">
                <mutation name="getChinaExtensionsLoading">
                  <arg name="inputPremium"></arg>
                  <arg name="ownDamagePremium"></arg>
                  <arg name="includeChinaExtension"></arg>
                  <arg name="coverType"></arg>
                </mutation>
                <value name="ARG0">
                  <block type="variables_get" id="gjWh@o}1$I1%io-Dymw_">
                    <field name="VAR" id="L7a@Ss!4HV7k`FU{M:#{" variabletype="">inputPremium</field>
                  </block>
                </value>
                <value name="ARG1">
                  <block type="variables_get" id="IA{F(l!dej4-;iDx^O6C">
                    <field name="VAR" id="_Ri8CXiY(|EyO5KRe`!g" variabletype="">ownDamagePremium</field>
                  </block>
                </value>
                <value name="ARG2">
                  <block type="logic_boolean" id="{(jeKfKomPUlVR0o1Go=">
                    <field name="BOOL">TRUE</field>
                  </block>
                </value>
                <value name="ARG3">
                  <block type="variables_get" id="}G~/Zym?C-TE}trrD5F(">
                    <field name="VAR" id="qD{,.4BKC~EQIZ$WV{!C" variabletype="">coverType</field>
                  </block>
                </value>
                <next>
                  <block type="variables_set" id="o8fbVc.JKVh!.zs4ZcQf">
                    <field name="VAR" id="abz@h#nxU{@~:;rG({8y" variabletype="">chinaExtensionsLoadingPercent</field>
                    <value name="VALUE">
                      <block type="bignumbercalculation" id="zcu^U|PyP+G(1]bWudJH">
                        <field name="operation">"dividedBy"</field>
                        <value name="bigNumber1">
                          <block type="bignumbercalculation" id="$8uzcK*:,/@v{O:Fz24m">
                            <field name="operation">"times"</field>
                            <value name="bigNumber1">
                              <block type="variables_get" id="hqe1~YpEB4*cG$tYfkKB">
                                <field name="VAR" id=";edva+HK_P9[(w7e@M1e" variabletype="">chinaExtensionsLoadingAmount</field>
                              </block>
                            </value>
                            <value name="bigNumber2">
                              <block type="bignumber" id="0tRC9L.jP!3Oe8`BLx=U">
                                <field name="number">100</field>
                              </block>
                            </value>
                          </block>
                        </value>
                        <value name="bigNumber2">
                          <block type="variables_get" id="_Xj[fLjKq`b`yKrp!8dL">
                            <field name="VAR" id="L7a@Ss!4HV7k`FU{M:#{" variabletype="">inputPremium</field>
                          </block>
                        </value>
                      </block>
                    </value>
                    <next>
                      <block type="variables_set" id="/Gw~ww7szJf(T/.9Hz`+">
                        <field name="VAR" id="j2+E@S_8r)e_upcx~7Ky" variabletype="">chinaExtensionsLoadingPremium</field>
                        <value name="VALUE">
                          <block type="bignumbercalculation" id="Idru=*Wk3{+-L4nJ-QGE">
                            <field name="operation">"plus"</field>
                            <value name="bigNumber1">
                              <block type="variables_get" id="+5yEXdNHV)TYI)M3QM8D">
                                <field name="VAR" id="L7a@Ss!4HV7k`FU{M:#{" variabletype="">inputPremium</field>
                              </block>
                            </value>
                            <value name="bigNumber2">
                              <block type="variables_get" id="SMs4}UKHgwft)!r+}$2-">
                                <field name="VAR" id=";edva+HK_P9[(w7e@M1e" variabletype="">chinaExtensionsLoadingAmount</field>
                              </block>
                            </value>
                          </block>
                        </value>
                      </block>
                    </next>
                  </block>
                </next>
              </block>
            </next>
          </block>
        </next>
      </block>
    </next>
  </block>
  <block type="procedures_defnoreturn" id="p(uEeP%f^ljg}PJEe9Dz" x="313" y="287">
    <mutation>
      <arg name="inputPremium" varid="L7a@Ss!4HV7k`FU{M:#{"></arg>
      <arg name="ownDamagePremium" varid="_Ri8CXiY(|EyO5KRe`!g"></arg>
      <arg name="includeChinaExtension" varid=".pSy1Een9^OJ}ij8_HFy"></arg>
      <arg name="coverType" varid="qD{,.4BKC~EQIZ$WV{!C"></arg>
    </mutation>
    <field name="NAME">getChinaExtensionsLoading</field>
    <comment pinned="false" h="80" w="160">Describe this function...</comment>
    <statement name="STACK">
      <block type="controls_if" id="PX5~|B*pL[4IM(Ts)0U?">
        <mutation else="1"></mutation>
        <value name="IF0">
          <block type="variables_get" id="S;t7Pr~t4Yq7Ib3b@1`.">
            <field name="VAR" id=".pSy1Een9^OJ}ij8_HFy" variabletype="">includeChinaExtension</field>
          </block>
        </value>
        <statement name="DO0">
          <block type="variables_set" id="o$q~D8NKYb-P+$IlvuXE">
            <field name="VAR" id="r(?OBT5wk[oAl*n~*ZHo" variabletype="">chinaExtensionsLoadingPercentage</field>
            <value name="VALUE">
              <block type="bignumber" id="KYC8_5R!O=Za_pT]]5q2">
                <field name="number">15</field>
              </block>
            </value>
          </block>
        </statement>
        <statement name="ELSE">
          <block type="variables_set" id="|osxGf)aLq:F4[8vM%EP">
            <field name="VAR" id="r(?OBT5wk[oAl*n~*ZHo" variabletype="">chinaExtensionsLoadingPercentage</field>
            <value name="VALUE">
              <block type="bignumber" id="U%#JuAIzUyzPN+]0AM.h">
                <field name="number">0</field>
              </block>
            </value>
          </block>
        </statement>
        <next>
          <block type="controls_if" id="3w7p`e^NB6(7%3i9|v|z">
            <mutation else="1"></mutation>
            <value name="IF0">
              <block type="logic_compare" id="(`zh~2pGc|k,!s8`]=hz">
                <field name="OP">EQ</field>
                <value name="A">
                  <block type="variables_get" id="Q~ogKg3q^gUEE8~1*g]^">
                    <field name="VAR" id="qD{,.4BKC~EQIZ$WV{!C" variabletype="">coverType</field>
                  </block>
                </value>
                <value name="B">
                  <block type="text" id="[6*`JY+UeiRT3o4jKd2P">
                    <field name="TEXT">third party and own damage</field>
                  </block>
                </value>
              </block>
            </value>
            <statement name="DO0">
              <block type="variables_set" id="I-jaRXTo5neP~.`=y86F">
                <field name="VAR" id=";edva+HK_P9[(w7e@M1e" variabletype="">chinaExtensionsLoadingAmount</field>
                <value name="VALUE">
                  <block type="bignumbercalculation" id="sC5CNTZ_@2:`GUJhscQk">
                    <field name="operation">"times"</field>
                    <value name="bigNumber1">
                      <block type="bignumberpercent" id="5]W%tfiWmk/LF-.fS5y8">
                        <value name="bigNumber">
                          <block type="variables_get" id="M]W~Q{JuRikXsqc[GzC]">
                            <field name="VAR" id="r(?OBT5wk[oAl*n~*ZHo" variabletype="">chinaExtensionsLoadingPercentage</field>
                          </block>
                        </value>
                      </block>
                    </value>
                    <value name="bigNumber2">
                      <block type="variables_get" id="MD{wfZ0mML-fj3[E5cL[">
                        <field name="VAR" id="_Ri8CXiY(|EyO5KRe`!g" variabletype="">ownDamagePremium</field>
                      </block>
                    </value>
                  </block>
                </value>
                <next>
                  <block type="variables_set" id="J7eXet8|P}dE]W~s4g.,">
                    <field name="VAR" id="abz@h#nxU{@~:;rG({8y" variabletype="">chinaExtensionsLoadingPercent</field>
                    <value name="VALUE">
                      <block type="bignumbercalculation" id="X`4b^QcL7F^B(x],L_CX">
                        <field name="operation">"dividedBy"</field>
                        <value name="bigNumber1">
                          <block type="bignumbercalculation" id="]CU1+ZZ@$`Aav~x4lUYC">
                            <field name="operation">"times"</field>
                            <value name="bigNumber1">
                              <block type="variables_get" id="R=ZT%O(xi|~`?/E|(+}R">
                                <field name="VAR" id=";edva+HK_P9[(w7e@M1e" variabletype="">chinaExtensionsLoadingAmount</field>
                              </block>
                            </value>
                            <value name="bigNumber2">
                              <block type="bignumber" id="~x7hd9t1.(Ubl%j|G]#9">
                                <field name="number">100</field>
                              </block>
                            </value>
                          </block>
                        </value>
                        <value name="bigNumber2">
                          <block type="variables_get" id="+Ddnh/E;}TwtEWI9/F{F">
                            <field name="VAR" id="L7a@Ss!4HV7k`FU{M:#{" variabletype="">inputPremium</field>
                          </block>
                        </value>
                      </block>
                    </value>
                  </block>
                </next>
              </block>
            </statement>
            <statement name="ELSE">
              <block type="variables_set" id="U6wTkpz,sZXCeh.u}$uE">
                <field name="VAR" id=";edva+HK_P9[(w7e@M1e" variabletype="">chinaExtensionsLoadingAmount</field>
                <value name="VALUE">
                  <block type="bignumber" id="sb#OM;vKhV:;qa-:xZ!)">
                    <field name="number">0</field>
                  </block>
                </value>
                <next>
                  <block type="variables_set" id="O)F1_nvI~KDH:bwVB51E">
                    <field name="VAR" id="abz@h#nxU{@~:;rG({8y" variabletype="">chinaExtensionsLoadingPercent</field>
                    <value name="VALUE">
                      <block type="bignumber" id="(nD_v7GV]SFLrf+@)2Sh">
                        <field name="number">0</field>
                      </block>
                    </value>
                  </block>
                </next>
              </block>
            </statement>
          </block>
        </next>
      </block>
    </statement>
  </block>
</xml>