<xml xmlns="http://www.w3.org/1999/xhtml">
  <variables>
    <variable type="" id="-OLPt~abLWaZTq}J^~u2">inputPremium</variable>
    <variable type="" id="ENULRM4hR;Pm3*KqG8;L">insuredValue</variable>
    <variable type="" id="LX_0;{a+V7`R4f=lGw)V">coverType</variable>
    <variable type="" id="NG44ji_m_~kDu$I][SgC">ownDamageAmount</variable>
    <variable type="" id="QA@10pw}kL2lAdW{V7}y">ownDamagePercent</variable>
    <variable type="" id="B1gsYcb%rPlYmmgpl]=!">ownDamagePremium</variable>
  </variables>
  <block type="procedures_defnoreturn" id="`r:ZQ=y)wC(W]TRTua@F" x="-162" y="188">
    <mutation>
      <arg name="inputPremium" varid="-OLPt~abLWaZTq}J^~u2"></arg>
      <arg name="insuredValue" varid="ENULRM4hR;Pm3*KqG8;L"></arg>
      <arg name="coverType" varid="LX_0;{a+V7`R4f=lGw)V"></arg>
    </mutation>
    <field name="NAME">getOwnDamage</field>
    <comment pinned="false" h="80" w="160">Describe this function...</comment>
    <statement name="STACK">
      <block type="controls_if" id="u?:K@Lb_=fh`kgF8_*(N">
        <mutation else="1"></mutation>
        <value name="IF0">
          <block type="logic_compare" id="gv}wuA9I2hzVVkS#fg{%">
            <field name="OP">EQ</field>
            <value name="A">
              <block type="variables_get" id="ejrK~N(b~S2Y!ZED}:mo">
                <field name="VAR" id="LX_0;{a+V7`R4f=lGw)V" variabletype="">coverType</field>
              </block>
            </value>
            <value name="B">
              <block type="text" id="g]/bT.VwK`J=0hgrd}Em">
                <field name="TEXT">third party and own damage</field>
              </block>
            </value>
          </block>
        </value>
        <statement name="DO0">
          <block type="variables_set" id="!w2j3o!G1S{Ry).Xg_fz">
            <field name="VAR" id="NG44ji_m_~kDu$I][SgC" variabletype="">ownDamageAmount</field>
            <value name="VALUE">
              <block type="bignumbercalculation" id="F!F.=IdB+$3cUh_|LfCp">
                <field name="operation">"times"</field>
                <value name="bigNumber1">
                  <block type="bignumberpercent" id="xc1SmVzp!bcb,6l5|YIt">
                    <value name="bigNumber">
                      <block type="bignumber" id="djznGa=Xh)NuU8*[r/yq">
                        <field name="number">2</field>
                      </block>
                    </value>
                  </block>
                </value>
                <value name="bigNumber2">
                  <block type="variables_get" id="o=4Vk)K0)aU={pvcw7#H">
                    <field name="VAR" id="ENULRM4hR;Pm3*KqG8;L" variabletype="">insuredValue</field>
                  </block>
                </value>
              </block>
            </value>
            <next>
              <block type="variables_set" id="y%d/!JyZtbvHCyhQ/F.e">
                <field name="VAR" id="QA@10pw}kL2lAdW{V7}y" variabletype="">ownDamagePercent</field>
                <value name="VALUE">
                  <block type="bignumbercalculation" id="Bb.MvweXg|R{tH6)!6qP">
                    <field name="operation">"dividedBy"</field>
                    <value name="bigNumber1">
                      <block type="bignumbercalculation" id="NJo5st4tTmcy,!R:StGf">
                        <field name="operation">"times"</field>
                        <value name="bigNumber1">
                          <block type="variables_get" id="-POiFpwe*fgeGiMY++^W">
                            <field name="VAR" id="NG44ji_m_~kDu$I][SgC" variabletype="">ownDamageAmount</field>
                          </block>
                        </value>
                        <value name="bigNumber2">
                          <block type="bignumber" id="`zD|sO1~RIxwfNg*;Px$">
                            <field name="number">100</field>
                          </block>
                        </value>
                      </block>
                    </value>
                    <value name="bigNumber2">
                      <block type="variables_get" id="j*@nvIG*3v)(chfXdHAT">
                        <field name="VAR" id="-OLPt~abLWaZTq}J^~u2" variabletype="">inputPremium</field>
                      </block>
                    </value>
                  </block>
                </value>
              </block>
            </next>
          </block>
        </statement>
        <statement name="ELSE">
          <block type="variables_set" id="b7vXs!7Zxn5{#by5bcl0">
            <field name="VAR" id="NG44ji_m_~kDu$I][SgC" variabletype="">ownDamageAmount</field>
            <value name="VALUE">
              <block type="bignumber" id="M5De9OO^9|YU+C]?Pt[p">
                <field name="number">0</field>
              </block>
            </value>
            <next>
              <block type="variables_set" id="HH_gHb[gi[)hTAYL?*`7">
                <field name="VAR" id="QA@10pw}kL2lAdW{V7}y" variabletype="">ownDamagePercent</field>
                <value name="VALUE">
                  <block type="bignumber" id="t5qAL4-P1*/P7p_r*h%[">
                    <field name="number">0</field>
                  </block>
                </value>
              </block>
            </next>
          </block>
        </statement>
      </block>
    </statement>
  </block>
  <block type="variables_set" id="do6o*29EDhid1LU2j[~W" x="713" y="162">
    <field name="VAR" id="-OLPt~abLWaZTq}J^~u2" variabletype="">inputPremium</field>
    <value name="VALUE">
      <block type="bignumber" id="r4TN)=`@4hI[vVpa@gDK">
        <field name="number">9600</field>
      </block>
    </value>
    <next>
      <block type="variables_set" id=")NOH:fD8aYxQ#uSH{oZT">
        <field name="VAR" id="ENULRM4hR;Pm3*KqG8;L" variabletype="">insuredValue</field>
        <value name="VALUE">
          <block type="bignumber" id="TW!|Y()1T:}?q%gH7Px_">
            <field name="number">100000</field>
          </block>
        </value>
        <next>
          <block type="variables_set" id="BgL4A!,r9tFtXiofuT}?">
            <field name="VAR" id="LX_0;{a+V7`R4f=lGw)V" variabletype="">coverType</field>
            <value name="VALUE">
              <block type="text" id="O4S,:Zy6hSvoz+.z;Wj4">
                <field name="TEXT">third party and own damage</field>
              </block>
            </value>
            <next>
              <block type="procedures_callnoreturn" id="4|i]8)yyKOiqRzb8_UbE">
                <mutation name="getOwnDamage">
                  <arg name="inputPremium"></arg>
                  <arg name="insuredValue"></arg>
                  <arg name="coverType"></arg>
                </mutation>
                <value name="ARG0">
                  <block type="variables_get" id="2VqbteSreS/37}HVK}+;">
                    <field name="VAR" id="-OLPt~abLWaZTq}J^~u2" variabletype="">inputPremium</field>
                  </block>
                </value>
                <value name="ARG1">
                  <block type="variables_get" id="kFPq@-wxC/xl9WehXtuQ">
                    <field name="VAR" id="ENULRM4hR;Pm3*KqG8;L" variabletype="">insuredValue</field>
                  </block>
                </value>
                <value name="ARG2">
                  <block type="variables_get" id="#JzJ]0dxkZ2VH*!}S0PF">
                    <field name="VAR" id="LX_0;{a+V7`R4f=lGw)V" variabletype="">coverType</field>
                  </block>
                </value>
                <next>
                  <block type="variables_set" id="sKKEktZnTq+=[j60fbVI">
                    <field name="VAR" id="QA@10pw}kL2lAdW{V7}y" variabletype="">ownDamagePercent</field>
                    <value name="VALUE">
                      <block type="bignumbercalculation" id="FFHLPYL]pRg!J=vL~a=+">
                        <field name="operation">"dividedBy"</field>
                        <value name="bigNumber1">
                          <block type="bignumbercalculation" id="G|S%N@+S:0L(!GX6RPms">
                            <field name="operation">"times"</field>
                            <value name="bigNumber1">
                              <block type="variables_get" id="RKjwrPCS.Eh~]$(DKLy*">
                                <field name="VAR" id="NG44ji_m_~kDu$I][SgC" variabletype="">ownDamageAmount</field>
                              </block>
                            </value>
                            <value name="bigNumber2">
                              <block type="bignumber" id="W2x#ONU8?}0,.eEKY(D9">
                                <field name="number">100</field>
                              </block>
                            </value>
                          </block>
                        </value>
                        <value name="bigNumber2">
                          <block type="variables_get" id="5rC,Ny1O`WLnqm)d)XMR">
                            <field name="VAR" id="-OLPt~abLWaZTq}J^~u2" variabletype="">inputPremium</field>
                          </block>
                        </value>
                      </block>
                    </value>
                    <next>
                      <block type="variables_set" id="]Gg9mGgmzOup)WWli2yq">
                        <field name="VAR" id="B1gsYcb%rPlYmmgpl]=!" variabletype="">ownDamagePremium</field>
                        <value name="VALUE">
                          <block type="bignumbercalculation" id="hhV4IUe!K`4,zR%26=^q">
                            <field name="operation">"plus"</field>
                            <value name="bigNumber1">
                              <block type="variables_get" id="rzfZ~AF5[B:Iy;(d{;(Z">
                                <field name="VAR" id="NG44ji_m_~kDu$I][SgC" variabletype="">ownDamageAmount</field>
                              </block>
                            </value>
                            <value name="bigNumber2">
                              <block type="variables_get" id=";..AV*)whSF0M){`GzV@">
                                <field name="VAR" id="-OLPt~abLWaZTq}J^~u2" variabletype="">inputPremium</field>
                              </block>
                            </value>
                          </block>
                        </value>
                      </block>
                    </next>
                  </block>
                </next>
              </block>
            </next>
          </block>
        </next>
      </block>
    </next>
  </block>
</xml>