<xml xmlns="http://www.w3.org/1999/xhtml">
  <variables>
    <variable type="" id="aa{U?]UDb,NZ2:iBLoql">inputPremium</variable>
    <variable type="" id="k9f8ASoFP)/l1A%f[;uK">fleetRatingDiscountPercentage</variable>
    <variable type="" id="vHsRjntTuke]h+iK%sWs">fleetRatingDiscountPercent</variable>
    <variable type="" id="@LQHwq_5~sqB`S2-:fD7">fleetRatingDiscountAmount</variable>
    <variable type="" id="D=L6+~MYe?{yjuwV6k0c">fleetRatingDiscountPremium</variable>
  </variables>
  <block type="procedures_defnoreturn" id="?BgoCq^01{Y_/}jAV4/!" x="338" y="188">
    <mutation>
      <arg name="inputPremium" varid="aa{U?]UDb,NZ2:iBLoql"></arg>
      <arg name="fleetRatingDiscountPercentage" varid="k9f8ASoFP)/l1A%f[;uK"></arg>
    </mutation>
    <field name="NAME">getFleetRatingDiscount</field>
    <comment pinned="false" h="80" w="160">Describe this function...</comment>
    <statement name="STACK">
      <block type="variables_set" id="$E|}zT,3+]J?17]^Bqta">
        <field name="VAR" id="vHsRjntTuke]h+iK%sWs" variabletype="">fleetRatingDiscountPercent</field>
        <value name="VALUE">
          <block type="variables_get" id="z4=Y,Z{FQ1Gs0PYk,Qub">
            <field name="VAR" id="k9f8ASoFP)/l1A%f[;uK" variabletype="">fleetRatingDiscountPercentage</field>
          </block>
        </value>
        <next>
          <block type="variables_set" id="}W}ve5SgEii~7^;lRyua">
            <field name="VAR" id="@LQHwq_5~sqB`S2-:fD7" variabletype="">fleetRatingDiscountAmount</field>
            <value name="VALUE">
              <block type="bignumbercalculation" id="hRJrxPB?k]2w`62:j=I0">
                <field name="operation">"times"</field>
                <value name="bigNumber1">
                  <block type="bignumberpercent" id="QDBZ7?FItcw!kzcLr~T2">
                    <value name="bigNumber">
                      <block type="variables_get" id="lzy)q$$o}lsbQH2A4l@p">
                        <field name="VAR" id="vHsRjntTuke]h+iK%sWs" variabletype="">fleetRatingDiscountPercent</field>
                      </block>
                    </value>
                  </block>
                </value>
                <value name="bigNumber2">
                  <block type="variables_get" id="JA`$jJSmbduJ56-L[9HM">
                    <field name="VAR" id="aa{U?]UDb,NZ2:iBLoql" variabletype="">inputPremium</field>
                  </block>
                </value>
              </block>
            </value>
          </block>
        </next>
      </block>
    </statement>
  </block>
  <block type="variables_set" id="*mZLF@H2pxZ^/762$yb{" x="1212" y="163">
    <field name="VAR" id="aa{U?]UDb,NZ2:iBLoql" variabletype="">inputPremium</field>
    <value name="VALUE">
      <block type="bignumber" id=";@rTnbK0XmajH_TTaUK`">
        <field name="number">100000</field>
      </block>
    </value>
    <next>
      <block type="variables_set" id="r5EcLgI7+Nn-3XVpEd[u">
        <field name="VAR" id="k9f8ASoFP)/l1A%f[;uK" variabletype="">fleetRatingDiscountPercentage</field>
        <value name="VALUE">
          <block type="bignumber" id="Vl7Z-/de/@5j^i.zb(e+">
            <field name="number">5</field>
          </block>
        </value>
        <next>
          <block type="procedures_callnoreturn" id="W]%X.d:]^:tBEEZ1A8L4">
            <mutation name="getFleetRatingDiscount">
              <arg name="inputPremium"></arg>
              <arg name="fleetRatingDiscountPercentage"></arg>
            </mutation>
            <value name="ARG0">
              <block type="variables_get" id="if!g1lx]tIAenSsX?)CP">
                <field name="VAR" id="aa{U?]UDb,NZ2:iBLoql" variabletype="">inputPremium</field>
              </block>
            </value>
            <value name="ARG1">
              <block type="variables_get" id="VOc0;Jlo:h0H!](q:3R.">
                <field name="VAR" id="k9f8ASoFP)/l1A%f[;uK" variabletype="">fleetRatingDiscountPercentage</field>
              </block>
            </value>
            <next>
              <block type="variables_set" id="s*SlB1l=fY#]a2Y]X(f|">
                <field name="VAR" id="@LQHwq_5~sqB`S2-:fD7" variabletype="">fleetRatingDiscountAmount</field>
                <value name="VALUE">
                  <block type="bignumbercalculation" id="8hp.DlCW=G5Vud^8oSV}">
                    <field name="operation">"times"</field>
                    <value name="bigNumber1">
                      <block type="bignumberpercent" id="YQ9T(WT9|HZd{cu[ELGs">
                        <value name="bigNumber">
                          <block type="variables_get" id="Fl/l!YT_YnfQwCUa,L3@">
                            <field name="VAR" id="vHsRjntTuke]h+iK%sWs" variabletype="">fleetRatingDiscountPercent</field>
                          </block>
                        </value>
                      </block>
                    </value>
                    <value name="bigNumber2">
                      <block type="variables_get" id="-lmTgc*P.(|`O:q9Z$YG">
                        <field name="VAR" id="aa{U?]UDb,NZ2:iBLoql" variabletype="">inputPremium</field>
                      </block>
                    </value>
                  </block>
                </value>
                <next>
                  <block type="variables_set" id="pQGXfv;O{z.zZ8[3Zgpx">
                    <field name="VAR" id="D=L6+~MYe?{yjuwV6k0c" variabletype="">fleetRatingDiscountPremium</field>
                    <value name="VALUE">
                      <block type="bignumbercalculation" id="5PkN(^^qr=$dyGP0@:,6">
                        <field name="operation">"minus"</field>
                        <value name="bigNumber1">
                          <block type="variables_get" id="=4BQwoBhMLIVF]GIe#[C">
                            <field name="VAR" id="aa{U?]UDb,NZ2:iBLoql" variabletype="">inputPremium</field>
                          </block>
                        </value>
                        <value name="bigNumber2">
                          <block type="variables_get" id="z}hAjCu9IrW8Q%UsoZdz">
                            <field name="VAR" id="@LQHwq_5~sqB`S2-:fD7" variabletype="">fleetRatingDiscountAmount</field>
                          </block>
                        </value>
                      </block>
                    </value>
                  </block>
                </next>
              </block>
            </next>
          </block>
        </next>
      </block>
    </next>
  </block>
</xml>