<xml xmlns="http://www.w3.org/1999/xhtml">
  <variables>
    <variable type="" id="FrssKg9Zvt+x-@e}npX*">insuredValue</variable>
    <variable type="" id="ezmL*lrbvX{R:Y3.F4tB">withUnnamedDriverExcess</variable>
    <variable type="" id="[`Xqd+j]X)B{%o44dXV3">coverType</variable>
    <variable type="" id="i*p9PtfWRQqo~]9dRXpG">ownDamagePartialLossAmount</variable>
    <variable type="" id="~Hsa,-^5_z|.l:pL-6qB">tppdAmount</variable>
    <variable type="" id="9Jge:].cTwus!z+Po6oi">ownDamageTotalLossAmount</variable>
    <variable type="" id="$%[FW$JIo55DXVG#0~$[">tppdYoungDriverAmount</variable>
    <variable type="" id="hPrUt$*rr~kJ1?RB,JYm">tppdInexperienceDriverAmount</variable>
    <variable type="" id="`:(W$Gzt8/gbTlU~i5.O">tppdUnnamedDriverAmount</variable>
  </variables>
  <block type="procedures_defnoreturn" id="WJ1z_vtD^!}29?x9}=^r" x="363" y="162">
    <mutation>
      <arg name="insuredValue" varid="FrssKg9Zvt+x-@e}npX*"></arg>
      <arg name="withUnnamedDriverExcess" varid="ezmL*lrbvX{R:Y3.F4tB"></arg>
      <arg name="coverType" varid="[`Xqd+j]X)B{%o44dXV3"></arg>
    </mutation>
    <field name="NAME">getExcesses</field>
    <comment pinned="false" h="80" w="160">Describe this function...</comment>
    <statement name="STACK">
      <block type="controls_if" id="b9%MS]|s{#/EnD[=4ckd">
        <value name="IF0">
          <block type="logic_compare" id="~@`;O(Ee:vHB3RKr0f3x">
            <field name="OP">EQ</field>
            <value name="A">
              <block type="variables_get" id="+^PW;XxVl2;RQdDC{ba_">
                <field name="VAR" id="[`Xqd+j]X)B{%o44dXV3" variabletype="">coverType</field>
              </block>
            </value>
            <value name="B">
              <block type="text" id="g4wjDLX3_MMdn%`+U1vQ">
                <field name="TEXT">third party and own damage</field>
              </block>
            </value>
          </block>
        </value>
        <statement name="DO0">
          <block type="variables_set" id="eC`aXSnn/9cuw}FA7Jgw">
            <field name="VAR" id="i*p9PtfWRQqo~]9dRXpG" variabletype="">ownDamagePartialLossAmount</field>
            <value name="VALUE">
              <block type="bignumbercalculation" id="phRpQy*{2B.4Kv,n116?">
                <field name="operation">"dividedBy"</field>
                <value name="bigNumber1">
                  <block type="bignumbercalculation" id="P-y=3{Zz(pq}RWu;Xo/c">
                    <field name="operation">"times"</field>
                    <value name="bigNumber1">
                      <block type="bignumber" id="ld0kbKOEzc(E6^+w|,U#">
                        <field name="number">3</field>
                      </block>
                    </value>
                    <value name="bigNumber2">
                      <block type="variables_get" id="]xMTW8.#qS34tG)3.N|s">
                        <field name="VAR" id="FrssKg9Zvt+x-@e}npX*" variabletype="">insuredValue</field>
                      </block>
                    </value>
                  </block>
                </value>
                <value name="bigNumber2">
                  <block type="bignumber" id="?2Iqk,y0uH+cZ{xp5B^?">
                    <field name="number">100</field>
                  </block>
                </value>
              </block>
            </value>
            <next>
              <block type="variables_set" id="lwsmG4aX2yq,mV@3cQ8`">
                <field name="VAR" id="9Jge:].cTwus!z+Po6oi" variabletype="">ownDamageTotalLossAmount</field>
                <value name="VALUE">
                  <block type="bignumbercalculation" id="zD[CR9qjUG+Hmio2GB/T">
                    <field name="operation">"dividedBy"</field>
                    <value name="bigNumber1">
                      <block type="bignumbercalculation" id=";;q{M.)@d|IXcF~yx4GH">
                        <field name="operation">"times"</field>
                        <value name="bigNumber1">
                          <block type="bignumber" id="MD]Q(]lU$94wcdt;iZBF">
                            <field name="number">10</field>
                          </block>
                        </value>
                        <value name="bigNumber2">
                          <block type="variables_get" id="H$^EWm_JmEQm[QC3%wfi">
                            <field name="VAR" id="FrssKg9Zvt+x-@e}npX*" variabletype="">insuredValue</field>
                          </block>
                        </value>
                      </block>
                    </value>
                    <value name="bigNumber2">
                      <block type="bignumber" id="ZO]ais{Q2`Z|`|7!~erY">
                        <field name="number">100</field>
                      </block>
                    </value>
                  </block>
                </value>
              </block>
            </next>
          </block>
        </statement>
        <next>
          <block type="variables_set" id="lD(l=Xo{B_Ol@7X:L=GW">
            <field name="VAR" id="~Hsa,-^5_z|.l:pL-6qB" variabletype="">tppdAmount</field>
            <value name="VALUE">
              <block type="bignumber" id="KJoSX6hjvPT@cbjv/(^+">
                <field name="number">1000</field>
              </block>
            </value>
            <next>
              <block type="variables_set" id="QA@RUL=Io#)*eEe][gH~">
                <field name="VAR" id="$%[FW$JIo55DXVG#0~$[" variabletype="">tppdYoungDriverAmount</field>
                <value name="VALUE">
                  <block type="bignumber" id="URa9By(4SlFcfre6euJ7">
                    <field name="number">2000</field>
                  </block>
                </value>
                <next>
                  <block type="variables_set" id="+;.@4:Qqf$O_ItV_NtZZ">
                    <field name="VAR" id="hPrUt$*rr~kJ1?RB,JYm" variabletype="">tppdInexperienceDriverAmount</field>
                    <value name="VALUE">
                      <block type="bignumber" id="@*j~`BA85YHpfYo)X.?1">
                        <field name="number">2000</field>
                      </block>
                    </value>
                    <next>
                      <block type="controls_if" id="j^bsS*,(2Vn5d%ZuN-al">
                        <value name="IF0">
                          <block type="variables_get" id="xekrT4/*%RP@w)%V3_-3">
                            <field name="VAR" id="ezmL*lrbvX{R:Y3.F4tB" variabletype="">withUnnamedDriverExcess</field>
                          </block>
                        </value>
                        <statement name="DO0">
                          <block type="variables_set" id="JcU[;Qn8kQ=UJH|uYg2N">
                            <field name="VAR" id="`:(W$Gzt8/gbTlU~i5.O" variabletype="">tppdUnnamedDriverAmount</field>
                            <value name="VALUE">
                              <block type="bignumber" id="WwZd|EVWu4npPC-uH?L^">
                                <field name="number">2000</field>
                              </block>
                            </value>
                          </block>
                        </statement>
                      </block>
                    </next>
                  </block>
                </next>
              </block>
            </next>
          </block>
        </next>
      </block>
    </statement>
  </block>
</xml>