<xml xmlns="http://www.w3.org/1999/xhtml">
  <variables>
    <variable type="" id="WN$ReI3^@57EGDrYBTGO">vehicleCategoryCode</variable>
    <variable type="" id="@.cq:sdvfB@htXI/~^nJ">vehicleCategoryDescriptionEng</variable>
  </variables>
  <block type="procedures_defnoreturn" id="%Q_3,}VAi1X?@4VInk2B" x="763" y="663">
    <field name="NAME">getVehicleCategory</field>
    <comment pinned="false" h="80" w="160">Describe this function...</comment>
    <statement name="STACK">
      <block type="variables_set" id="l%l.e|Dbk#F#Y%u|`q!?">
        <field name="VAR" id="WN$ReI3^@57EGDrYBTGO" variabletype="">vehicleCategoryCode</field>
        <value name="VALUE">
          <block type="bignumber" id=".j*}~~(l35wMBkV]w6um">
            <field name="number">1</field>
          </block>
        </value>
        <next>
          <block type="variables_set" id="kTIu_#@h)o5!k?BJpm4o">
            <field name="VAR" id="@.cq:sdvfB@htXI/~^nJ" variabletype="">vehicleCategoryDescriptionEng</field>
            <value name="VALUE">
              <block type="dataquery" id="wnrlQ@f;8=p[5}~5wK4,">
                <value name="tableName">
                  <block type="text" id="lTZ]@}?=]Q@#zQp5Nf8^">
                    <field name="TEXT">macauVehicleCategory</field>
                  </block>
                </value>
                <value name="filterColumnNames">
                  <block type="lists_create_with" id="aS}X^DCL*=y%iZUu*LuV">
                    <mutation items="1"></mutation>
                    <value name="ADD0">
                      <block type="text" id="aqh=*shjdAEkUca5/@lQ">
                        <field name="TEXT">vehicleCategoryCode</field>
                      </block>
                    </value>
                  </block>
                </value>
                <value name="filterColumnValues">
                  <block type="lists_create_with" id=".K:;$u=anmY@DbFDg{Da">
                    <mutation items="1"></mutation>
                    <value name="ADD0">
                      <block type="variables_get" id=")Mxkf#lIO)pbCU9{kIjl">
                        <field name="VAR" id="WN$ReI3^@57EGDrYBTGO" variabletype="">vehicleCategoryCode</field>
                      </block>
                    </value>
                  </block>
                </value>
                <value name="outputColumn">
                  <block type="text" id="~jRxYvnAk}AmwhrB2%dE">
                    <field name="TEXT">descriptionEng</field>
                  </block>
                </value>
              </block>
            </value>
          </block>
        </next>
      </block>
    </statement>
  </block>
</xml>