<xml xmlns="http://www.w3.org/1999/xhtml">
  <variables>
    <variable type="" id="aa{U?]UDb,NZ2:iBLoql">inputPremium</variable>
    <variable type="" id="A}HHe:koLm:MXY#Xx[z@">coverType</variable>
    <variable type="" id="AOvE+roj4g,sO7lPb_LY">includeVehicleAssistanceService</variable>
    <variable type="" id="@LQHwq_5~sqB`S2-:fD7">vehicleAssistanceServiceAmount</variable>
    <variable type="" id="vHsRjntTuke]h+iK%sWs">vehicleAssistanceServicePercent</variable>
    <variable type="" id="D=L6+~MYe?{yjuwV6k0c">vehicleAssistanceServicePremium</variable>
  </variables>
  <block type="procedures_defnoreturn" id="?BgoCq^01{Y_/}jAV4/!" x="37" y="-38">
    <mutation>
      <arg name="inputPremium" varid="aa{U?]UDb,NZ2:iBLoql"></arg>
      <arg name="coverType" varid="A}HHe:koLm:MXY#Xx[z@"></arg>
      <arg name="includeVehicleAssistanceService" varid="AOvE+roj4g,sO7lPb_LY"></arg>
    </mutation>
    <field name="NAME">getVehicleAssistanceService</field>
    <comment pinned="false" h="80" w="160">Describe this function...</comment>
    <statement name="STACK">
      <block type="controls_if" id="*~pL.gT^SFHz-xW6$E^K">
        <mutation else="1"></mutation>
        <value name="IF0">
          <block type="logic_operation" id="QwG)W$WZcjs-c0|CkNx]">
            <field name="OP">AND</field>
            <value name="A">
              <block type="logic_compare" id="8mJFvwQDD(nJQt#6Rs#{">
                <field name="OP">EQ</field>
                <value name="A">
                  <block type="variables_get" id="Pp@_]N4o~{6]N9=_mIKu">
                    <field name="VAR" id="AOvE+roj4g,sO7lPb_LY" variabletype="">includeVehicleAssistanceService</field>
                  </block>
                </value>
                <value name="B">
                  <block type="logic_boolean" id="@Ltfc/,$p5q^nK;x7KME">
                    <field name="BOOL">TRUE</field>
                  </block>
                </value>
              </block>
            </value>
            <value name="B">
              <block type="logic_compare" id="N,:E%5(@5s)5:q$5Fd:,">
                <field name="OP">EQ</field>
                <value name="A">
                  <block type="variables_get" id="M[8}aumf+p|R5mMB{R%K">
                    <field name="VAR" id="A}HHe:koLm:MXY#Xx[z@" variabletype="">coverType</field>
                  </block>
                </value>
                <value name="B">
                  <block type="text" id="K6s@D4CR+;a3-H1;Ay.6">
                    <field name="TEXT">third party and own damage</field>
                  </block>
                </value>
              </block>
            </value>
          </block>
        </value>
        <statement name="DO0">
          <block type="variables_set" id="XQIfqbnxdN?c}EP]D:s!">
            <field name="VAR" id="@LQHwq_5~sqB`S2-:fD7" variabletype="">vehicleAssistanceServiceAmount</field>
            <value name="VALUE">
              <block type="bignumber" id="fN0u^AjQB4De;FDY2baa">
                <field name="number">175.6</field>
              </block>
            </value>
          </block>
        </statement>
        <statement name="ELSE">
          <block type="variables_set" id="_Hz2xUnNGbWEb9_Y=$Kj">
            <field name="VAR" id="@LQHwq_5~sqB`S2-:fD7" variabletype="">vehicleAssistanceServiceAmount</field>
            <value name="VALUE">
              <block type="bignumber" id="6Lm-{]x1O-Z+}N10[l0V">
                <field name="number">0</field>
              </block>
            </value>
          </block>
        </statement>
        <next>
          <block type="variables_set" id="$E|}zT,3+]J?17]^Bqta">
            <field name="VAR" id="vHsRjntTuke]h+iK%sWs" variabletype="">vehicleAssistanceServicePercent</field>
            <value name="VALUE">
              <block type="bignumbercalculation" id="sWx@BeQJReU1}k-uDF*a">
                <field name="operation">"dividedBy"</field>
                <value name="bigNumber1">
                  <block type="bignumbercalculation" id="q9T*Fi4WgI~l.?zMIQM)">
                    <field name="operation">"times"</field>
                    <value name="bigNumber1">
                      <block type="variables_get" id="):11:^KNUW,h|AD~_oys">
                        <field name="VAR" id="@LQHwq_5~sqB`S2-:fD7" variabletype="">vehicleAssistanceServiceAmount</field>
                      </block>
                    </value>
                    <value name="bigNumber2">
                      <block type="bignumber" id=".iBfpHO+pk16g}ytmgq{">
                        <field name="number">100</field>
                      </block>
                    </value>
                  </block>
                </value>
                <value name="bigNumber2">
                  <block type="variables_get" id=")6XvOn)Ps_6GWiZ`s*o}">
                    <field name="VAR" id="aa{U?]UDb,NZ2:iBLoql" variabletype="">inputPremium</field>
                  </block>
                </value>
              </block>
            </value>
          </block>
        </next>
      </block>
    </statement>
  </block>
  <block type="variables_set" id="*mZLF@H2pxZ^/762$yb{" x="1212" y="138">
    <field name="VAR" id="aa{U?]UDb,NZ2:iBLoql" variabletype="">inputPremium</field>
    <value name="VALUE">
      <block type="bignumber" id=";@rTnbK0XmajH_TTaUK`">
        <field name="number">100000</field>
      </block>
    </value>
    <next>
      <block type="variables_set" id="Nyn;*h,2zb_E%nIektYb">
        <field name="VAR" id="A}HHe:koLm:MXY#Xx[z@" variabletype="">coverType</field>
        <value name="VALUE">
          <block type="text" id="v4W_9j$M,MCaYl%;kQsE">
            <field name="TEXT">third party and own damage</field>
          </block>
        </value>
        <next>
          <block type="procedures_callnoreturn" id="W]%X.d:]^:tBEEZ1A8L4">
            <mutation name="getVehicleAssistanceService">
              <arg name="inputPremium"></arg>
              <arg name="coverType"></arg>
              <arg name="includeVehicleAssistanceService"></arg>
            </mutation>
            <value name="ARG0">
              <block type="variables_get" id="if!g1lx]tIAenSsX?)CP">
                <field name="VAR" id="aa{U?]UDb,NZ2:iBLoql" variabletype="">inputPremium</field>
              </block>
            </value>
            <value name="ARG1">
              <block type="variables_get" id=":R7|q:HT]lh~C2z9*OYe">
                <field name="VAR" id="A}HHe:koLm:MXY#Xx[z@" variabletype="">coverType</field>
              </block>
            </value>
            <value name="ARG2">
              <block type="variables_get" id="6N/l?xJrx|f[v[aQ_6cP">
                <field name="VAR" id="AOvE+roj4g,sO7lPb_LY" variabletype="">includeVehicleAssistanceService</field>
              </block>
            </value>
            <next>
              <block type="variables_set" id="SI,n=Zv2HV?8rBW%M=Z[">
                <field name="VAR" id="vHsRjntTuke]h+iK%sWs" variabletype="">vehicleAssistanceServicePercent</field>
                <value name="VALUE">
                  <block type="bignumbercalculation" id="H@lDsG((+5tCc-2f)Fjm">
                    <field name="operation">"dividedBy"</field>
                    <value name="bigNumber1">
                      <block type="bignumbercalculation" id="1i^u*dt!.PLNJn_9cLMH">
                        <field name="operation">"times"</field>
                        <value name="bigNumber1">
                          <block type="variables_get" id="fM#$korPwi~`i`%X1]l1">
                            <field name="VAR" id="@LQHwq_5~sqB`S2-:fD7" variabletype="">vehicleAssistanceServiceAmount</field>
                          </block>
                        </value>
                        <value name="bigNumber2">
                          <block type="bignumber" id="_y2r(SD;g5C:b?IHN]v*">
                            <field name="number">100</field>
                          </block>
                        </value>
                      </block>
                    </value>
                    <value name="bigNumber2">
                      <block type="variables_get" id="{jW~aUs$kQo)(r{,Aim|">
                        <field name="VAR" id="aa{U?]UDb,NZ2:iBLoql" variabletype="">inputPremium</field>
                      </block>
                    </value>
                  </block>
                </value>
                <next>
                  <block type="variables_set" id="pQGXfv;O{z.zZ8[3Zgpx">
                    <field name="VAR" id="D=L6+~MYe?{yjuwV6k0c" variabletype="">vehicleAssistanceServicePremium</field>
                    <value name="VALUE">
                      <block type="bignumbercalculation" id="5PkN(^^qr=$dyGP0@:,6">
                        <field name="operation">"plus"</field>
                        <value name="bigNumber1">
                          <block type="variables_get" id="=4BQwoBhMLIVF]GIe#[C">
                            <field name="VAR" id="aa{U?]UDb,NZ2:iBLoql" variabletype="">inputPremium</field>
                          </block>
                        </value>
                        <value name="bigNumber2">
                          <block type="variables_get" id="z}hAjCu9IrW8Q%UsoZdz">
                            <field name="VAR" id="@LQHwq_5~sqB`S2-:fD7" variabletype="">vehicleAssistanceServiceAmount</field>
                          </block>
                        </value>
                      </block>
                    </value>
                  </block>
                </next>
              </block>
            </next>
          </block>
        </next>
      </block>
    </next>
  </block>
</xml>