<xml xmlns="http://www.w3.org/1999/xhtml">
  <variables>
    <variable type="" id="@q(Ka1ETcW/,TM[y]);j">youngestNamedDriverAge</variable>
    <variable type="" id="Sw~d|.Ev-Uk8F:kQoq!_">inputPremium</variable>
    <variable type="" id="k{usw4Bz[)4z-mxxF.}=">drivingExperience</variable>
    <variable type="" id="kOyEgwScYtIg#E^a[/OS">manufactureYear</variable>
    <variable type="" id="?WI%Y.JCeB4Q,1`F1D2[">vehicleAge</variable>
    <variable type="" id="#qmMYws}_2rt+ZST,%pU">motorcycleYoungestNamedDriverAgeLoadingPercent</variable>
    <variable type="" id="UkexH!d`LvuZ=i5^A(3^">motorcycleYoungestNamedDriverAgeLoadingAmount</variable>
    <variable type="" id="vE=A*jwd~7=$^ac`ppcO">motorcycleInexperiencedDriverLoadingPercent</variable>
    <variable type="" id="CpQumG(]LaV,/[kZUX/I">motorcycleInexperiencedDriverLoadingAmount</variable>
    <variable type="" id="EN~;n4py1`(_SvKgw)NH">motorcycleOldAgeVehicleLoadingPercent</variable>
    <variable type="" id="g1jIX8r2d:GOR*:z8mW^">motorcycleOldAgeVehicleLoadingAmount</variable>
    <variable type="" id="`dr1d_S(0Ej]2)ULA%(T">motorcycleLoadingPercent</variable>
    <variable type="" id="KD/Q!,vo)vt8skjs`GiD">motorcycleLoadingAmount</variable>
    <variable type="" id="ub-9E}:)@:|R^K*C$$FW">motorcycleLoadingPremium</variable>
  </variables>
  <block type="procedures_defnoreturn" id="TzY{1:e.P.-:)2Nhc8Gc" x="-1337" y="-1188">
    <mutation>
      <arg name="youngestNamedDriverAge" varid="@q(Ka1ETcW/,TM[y]);j"></arg>
      <arg name="inputPremium" varid="Sw~d|.Ev-Uk8F:kQoq!_"></arg>
    </mutation>
    <field name="NAME">getMotorcycleYoungestNamedDriverAgeLoading</field>
    <comment pinned="false" h="80" w="160">Describe this function...</comment>
    <statement name="STACK">
      <block type="controls_if" id="^{6Dn-_!G%!ZS$WUs4Fh">
        <mutation else="1"></mutation>
        <value name="IF0">
          <block type="logic_compare" id="Rpve)618}A^w4Mt8XK%M">
            <field name="OP">LT</field>
            <value name="A">
              <block type="variables_get" id="sU[Ci?U2B_3Ju(jEWNTX">
                <field name="VAR" id="@q(Ka1ETcW/,TM[y]);j" variabletype="">youngestNamedDriverAge</field>
              </block>
            </value>
            <value name="B">
              <block type="bignumber" id="D*whSyUPPH+a}H3BSqZo">
                <field name="number">25</field>
              </block>
            </value>
          </block>
        </value>
        <statement name="DO0">
          <block type="variables_set" id="E)G)Zg9J,AOuuJ6TRN_M">
            <field name="VAR" id="#qmMYws}_2rt+ZST,%pU" variabletype="">motorcycleYoungestNamedDriverAgeLoadingPercent</field>
            <value name="VALUE">
              <block type="bignumber" id="x2,mG5nT%qC.4Vzn0#]7">
                <field name="number">20</field>
              </block>
            </value>
          </block>
        </statement>
        <statement name="ELSE">
          <block type="variables_set" id="Y,{,P6/8;}8B*{}B#A(?">
            <field name="VAR" id="#qmMYws}_2rt+ZST,%pU" variabletype="">motorcycleYoungestNamedDriverAgeLoadingPercent</field>
            <value name="VALUE">
              <block type="bignumber" id="|fAC}%)34K3KRlZ.0+ow">
                <field name="number">0</field>
              </block>
            </value>
          </block>
        </statement>
        <next>
          <block type="variables_set" id="RJMThgN;lb,64QzF?+^D">
            <field name="VAR" id="UkexH!d`LvuZ=i5^A(3^" variabletype="">motorcycleYoungestNamedDriverAgeLoadingAmount</field>
            <value name="VALUE">
              <block type="bignumbercalculation" id="Ob|cD^e}0a([u,h8[lVC">
                <field name="operation">"times"</field>
                <value name="bigNumber1">
                  <block type="variables_get" id=")ykM:v;7QmF~]Ld67t5q">
                    <field name="VAR" id="Sw~d|.Ev-Uk8F:kQoq!_" variabletype="">inputPremium</field>
                  </block>
                </value>
                <value name="bigNumber2">
                  <block type="bignumberpercent" id="_Bj/KcaQB;GS./#SdS7P">
                    <value name="bigNumber">
                      <block type="variables_get" id="E5ahMCF50QTUA|+1@uVy">
                        <field name="VAR" id="#qmMYws}_2rt+ZST,%pU" variabletype="">motorcycleYoungestNamedDriverAgeLoadingPercent</field>
                      </block>
                    </value>
                  </block>
                </value>
              </block>
            </value>
          </block>
        </next>
      </block>
    </statement>
  </block>
  <block type="variables_set" id="Eue~Zlx+ar3|us~=^O}S" x="-163" y="-1088">
    <field name="VAR" id="Sw~d|.Ev-Uk8F:kQoq!_" variabletype="">inputPremium</field>
    <value name="VALUE">
      <block type="bignumber" id="G5+B[=CxX4O{R0^0|~q9">
        <field name="number">9600</field>
      </block>
    </value>
    <next>
      <block type="procedures_callnoreturn" id="C,cyCN|ZeQ)N,$7viY`b">
        <mutation name="getMotorcycleYoungestNamedDriverAgeLoading">
          <arg name="youngestNamedDriverAge"></arg>
          <arg name="inputPremium"></arg>
        </mutation>
        <value name="ARG0">
          <block type="bignumber" id="$f8g$DN_i@vXL-ZKoUBh">
            <field name="number">18</field>
          </block>
        </value>
        <value name="ARG1">
          <block type="variables_get" id="9wCy{sRE*xSMF1kcGq8,">
            <field name="VAR" id="Sw~d|.Ev-Uk8F:kQoq!_" variabletype="">inputPremium</field>
          </block>
        </value>
        <next>
          <block type="procedures_callnoreturn" id="4TP:T=GijRkNxSOC2Hih">
            <mutation name="getMotorcycleInexperiencedDriverLoading">
              <arg name="drivingExperience"></arg>
              <arg name="inputPremium"></arg>
            </mutation>
            <value name="ARG0">
              <block type="bignumber" id="V#d|JY+o*Q(Rt_LddH2o">
                <field name="number">20</field>
              </block>
            </value>
            <value name="ARG1">
              <block type="variables_get" id="%WPw7|U{,j+Fjd{T{Pv]">
                <field name="VAR" id="Sw~d|.Ev-Uk8F:kQoq!_" variabletype="">inputPremium</field>
              </block>
            </value>
            <next>
              <block type="procedures_callnoreturn" id="a.|@]P^6|psk7uqA{mH7">
                <mutation name="getMotorcycleOldAgeVehicleLoading">
                  <arg name="manufactureYear"></arg>
                  <arg name="inputPremium"></arg>
                </mutation>
                <value name="ARG0">
                  <block type="bignumber" id="H_)s@pxL+{30u7pKV2Gj">
                    <field name="number">2015</field>
                  </block>
                </value>
                <value name="ARG1">
                  <block type="variables_get" id="5*j[HUol.O@N|DCl#5JS">
                    <field name="VAR" id="Sw~d|.Ev-Uk8F:kQoq!_" variabletype="">inputPremium</field>
                  </block>
                </value>
                <next>
                  <block type="variables_set" id="Q%7kG(}9;_[MB|i@M(O[">
                    <field name="VAR" id="`dr1d_S(0Ej]2)ULA%(T" variabletype="">motorcycleLoadingPercent</field>
                    <value name="VALUE">
                      <block type="bignumberlistoperation" id="|:1`Dz+(m-X/9Pjw$l-K">
                        <field name="operation">"sum"</field>
                        <value name="bigNumberList">
                          <block type="lists_create_with" id="=SFD1NeEc]uFIh.8kmgE">
                            <mutation items="3"></mutation>
                            <value name="ADD0">
                              <block type="variables_get" id="{Rnw8khSjQvN[1dB4+ht">
                                <field name="VAR" id="#qmMYws}_2rt+ZST,%pU" variabletype="">motorcycleYoungestNamedDriverAgeLoadingPercent</field>
                              </block>
                            </value>
                            <value name="ADD1">
                              <block type="variables_get" id="SI709(EUx8M[l_`Ni]HR">
                                <field name="VAR" id="vE=A*jwd~7=$^ac`ppcO" variabletype="">motorcycleInexperiencedDriverLoadingPercent</field>
                              </block>
                            </value>
                            <value name="ADD2">
                              <block type="variables_get" id="Gvh?=2=z%q#oKi[Ki=Ok">
                                <field name="VAR" id="EN~;n4py1`(_SvKgw)NH" variabletype="">motorcycleOldAgeVehicleLoadingPercent</field>
                              </block>
                            </value>
                          </block>
                        </value>
                      </block>
                    </value>
                    <next>
                      <block type="variables_set" id="dRdVn$vdGx|m5|x?2c~A">
                        <field name="VAR" id="KD/Q!,vo)vt8skjs`GiD" variabletype="">motorcycleLoadingAmount</field>
                        <value name="VALUE">
                          <block type="bignumbercalculation" id="#w,80wV#X^.GTe6f#H^:">
                            <field name="operation">"times"</field>
                            <value name="bigNumber1">
                              <block type="bignumberpercent" id="$g5iNWe)k2p_h~_U=%i;">
                                <value name="bigNumber">
                                  <block type="variables_get" id="t3Z^T+B9V4Tt!i0S)qjG">
                                    <field name="VAR" id="`dr1d_S(0Ej]2)ULA%(T" variabletype="">motorcycleLoadingPercent</field>
                                  </block>
                                </value>
                              </block>
                            </value>
                            <value name="bigNumber2">
                              <block type="variables_get" id="InYUdky(}~nFqPG1!q9n">
                                <field name="VAR" id="Sw~d|.Ev-Uk8F:kQoq!_" variabletype="">inputPremium</field>
                              </block>
                            </value>
                          </block>
                        </value>
                        <next>
                          <block type="variables_set" id="[|zD)y0M~*0z_Q!eYbqs">
                            <field name="VAR" id="ub-9E}:)@:|R^K*C$$FW" variabletype="">motorcycleLoadingPremium</field>
                            <value name="VALUE">
                              <block type="bignumbercalculation" id="g~[aVG_KfqvFr11ikDTH">
                                <field name="operation">"plus"</field>
                                <value name="bigNumber1">
                                  <block type="variables_get" id="tg7!1UnBQ$OX9oB+wk,Q">
                                    <field name="VAR" id="Sw~d|.Ev-Uk8F:kQoq!_" variabletype="">inputPremium</field>
                                  </block>
                                </value>
                                <value name="bigNumber2">
                                  <block type="variables_get" id="I*5r!?+a5KA#aM16?cDK">
                                    <field name="VAR" id="KD/Q!,vo)vt8skjs`GiD" variabletype="">motorcycleLoadingAmount</field>
                                  </block>
                                </value>
                              </block>
                            </value>
                          </block>
                        </next>
                      </block>
                    </next>
                  </block>
                </next>
              </block>
            </next>
          </block>
        </next>
      </block>
    </next>
  </block>
  <block type="procedures_defnoreturn" id="4JtRZ:Q,;n94fe~[p;.q" x="-1338" y="-963">
    <mutation>
      <arg name="drivingExperience" varid="k{usw4Bz[)4z-mxxF.}="></arg>
      <arg name="inputPremium" varid="Sw~d|.Ev-Uk8F:kQoq!_"></arg>
    </mutation>
    <field name="NAME">getMotorcycleInexperiencedDriverLoading</field>
    <comment pinned="false" h="80" w="160">Describe this function...</comment>
    <statement name="STACK">
      <block type="controls_if" id="o)TG0aqIRi9?h,COeHjN">
        <mutation else="1"></mutation>
        <value name="IF0">
          <block type="logic_compare" id="kNE9^dZY!NU6X[BtTfQ@">
            <field name="OP">LT</field>
            <value name="A">
              <block type="variables_get" id="CP]}1.Y~`jxq,adSMrPl">
                <field name="VAR" id="k{usw4Bz[)4z-mxxF.}=" variabletype="">drivingExperience</field>
              </block>
            </value>
            <value name="B">
              <block type="bignumber" id="TV)0}mAYKcbYHhOTLa3D">
                <field name="number">24</field>
              </block>
            </value>
          </block>
        </value>
        <statement name="DO0">
          <block type="variables_set" id="X%d.-PyhEb[P61(#vA6;">
            <field name="VAR" id="vE=A*jwd~7=$^ac`ppcO" variabletype="">motorcycleInexperiencedDriverLoadingPercent</field>
            <value name="VALUE">
              <block type="bignumber" id="Ji%4r}t6.a-U*t3%8Js0">
                <field name="number">20</field>
              </block>
            </value>
          </block>
        </statement>
        <statement name="ELSE">
          <block type="variables_set" id="d?stw7f(vg}bT#;ssD4^">
            <field name="VAR" id="vE=A*jwd~7=$^ac`ppcO" variabletype="">motorcycleInexperiencedDriverLoadingPercent</field>
            <value name="VALUE">
              <block type="bignumber" id="r4=W.}Hb=AFbvLwiqAQR">
                <field name="number">0</field>
              </block>
            </value>
          </block>
        </statement>
        <next>
          <block type="variables_set" id="J1sK4mJ?C[2%+[i6AT^c">
            <field name="VAR" id="CpQumG(]LaV,/[kZUX/I" variabletype="">motorcycleInexperiencedDriverLoadingAmount</field>
            <value name="VALUE">
              <block type="bignumbercalculation" id="A,L5Goge+R{eV}uhg7{w">
                <field name="operation">"times"</field>
                <value name="bigNumber1">
                  <block type="variables_get" id="9e.(r.mAFPL-3uw35|ks">
                    <field name="VAR" id="Sw~d|.Ev-Uk8F:kQoq!_" variabletype="">inputPremium</field>
                  </block>
                </value>
                <value name="bigNumber2">
                  <block type="bignumberpercent" id="7C#[9*}7@j},DiO?ho*(">
                    <value name="bigNumber">
                      <block type="variables_get" id="a.g9`!qiI`}1[1zO)v3w">
                        <field name="VAR" id="vE=A*jwd~7=$^ac`ppcO" variabletype="">motorcycleInexperiencedDriverLoadingPercent</field>
                      </block>
                    </value>
                  </block>
                </value>
              </block>
            </value>
          </block>
        </next>
      </block>
    </statement>
  </block>
  <block type="text" id="3+It1FIn{i:o?+t*Y8t@" x="174" y="-796">
    <field name="TEXT">comprehensive</field>
  </block>
  <block type="procedures_defnoreturn" id="+?oYHYlb5=tuLR8nU~#1" x="-1338" y="-712">
    <mutation>
      <arg name="manufactureYear" varid="kOyEgwScYtIg#E^a[/OS"></arg>
      <arg name="inputPremium" varid="Sw~d|.Ev-Uk8F:kQoq!_"></arg>
    </mutation>
    <field name="NAME">getMotorcycleOldAgeVehicleLoading</field>
    <comment pinned="false" h="80" w="160">Describe this function...</comment>
    <statement name="STACK">
      <block type="variables_set" id="zV.b8LFu~2oo2)gDh4~^">
        <field name="VAR" id="?WI%Y.JCeB4Q,1`F1D2[" variabletype="">vehicleAge</field>
        <value name="VALUE">
          <block type="bignumbercalculation" id="?ybXDS!T_m5K1VesV2Fx">
            <field name="operation">"minus"</field>
            <value name="bigNumber1">
              <block type="bignumberfromstring" id="8oR.bLQ-i2=S_mEY9-jV">
                <value name="number">
                  <block type="currentyear" id="G3nb5Ki~Tbb$zxz,+9G)"></block>
                </value>
              </block>
            </value>
            <value name="bigNumber2">
              <block type="variables_get" id="%MJ{egbFdb9q.DFM_aR!">
                <field name="VAR" id="kOyEgwScYtIg#E^a[/OS" variabletype="">manufactureYear</field>
              </block>
            </value>
          </block>
        </value>
        <next>
          <block type="controls_if" id="kG(Zi8IIr_#XKT`?,O~0">
            <mutation elseif="1" else="1"></mutation>
            <value name="IF0">
              <block type="logic_operation" id="%2/CrH)R7/UVor|[FA%.">
                <field name="OP">AND</field>
                <value name="A">
                  <block type="logic_compare" id="Yt?K|PNnW-6GTJP8GmGJ">
                    <field name="OP">GTE</field>
                    <value name="A">
                      <block type="variables_get" id="j(W=w;LrEB9$R{prX7D,">
                        <field name="VAR" id="?WI%Y.JCeB4Q,1`F1D2[" variabletype="">vehicleAge</field>
                      </block>
                    </value>
                    <value name="B">
                      <block type="bignumber" id="|3Bv*ThO8`VkDPR4fnnT">
                        <field name="number">8</field>
                      </block>
                    </value>
                  </block>
                </value>
                <value name="B">
                  <block type="logic_compare" id="}S*,pQE}j3`!zleZ4x8~">
                    <field name="OP">LTE</field>
                    <value name="A">
                      <block type="variables_get" id="g%r74*/^T9poEC8_o;U#">
                        <field name="VAR" id="?WI%Y.JCeB4Q,1`F1D2[" variabletype="">vehicleAge</field>
                      </block>
                    </value>
                    <value name="B">
                      <block type="bignumber" id="~s#^=9R)V4(O)JGKd|1?">
                        <field name="number">9</field>
                      </block>
                    </value>
                  </block>
                </value>
              </block>
            </value>
            <statement name="DO0">
              <block type="variables_set" id="VToTn+/uY8gQ`!]x^cPM">
                <field name="VAR" id="EN~;n4py1`(_SvKgw)NH" variabletype="">motorcycleOldAgeVehicleLoadingPercent</field>
                <value name="VALUE">
                  <block type="bignumber" id="no!L)53|3=t3O{T~f8,v">
                    <field name="number">30</field>
                  </block>
                </value>
              </block>
            </statement>
            <value name="IF1">
              <block type="logic_operation" id="QweyZX]|u30kfgvQ}cP6">
                <field name="OP">AND</field>
                <value name="A">
                  <block type="logic_compare" id="h-kU_1+0=kn/cj7v#e4`">
                    <field name="OP">GTE</field>
                    <value name="A">
                      <block type="variables_get" id="zZZ8$4clcUx6erPdL):$">
                        <field name="VAR" id="?WI%Y.JCeB4Q,1`F1D2[" variabletype="">vehicleAge</field>
                      </block>
                    </value>
                    <value name="B">
                      <block type="bignumber" id="VGRR@K(zOaFh2=fS/+nc">
                        <field name="number">10</field>
                      </block>
                    </value>
                  </block>
                </value>
                <value name="B">
                  <block type="logic_compare" id="Zzv(+J/P(^||R9cU#|/n">
                    <field name="OP">LTE</field>
                    <value name="A">
                      <block type="variables_get" id="DxRq|fM)LvS|/QVPDvku">
                        <field name="VAR" id="?WI%Y.JCeB4Q,1`F1D2[" variabletype="">vehicleAge</field>
                      </block>
                    </value>
                    <value name="B">
                      <block type="bignumber" id="DX_VG~NBSWY]SX!U|Bx)">
                        <field name="number">19</field>
                      </block>
                    </value>
                  </block>
                </value>
              </block>
            </value>
            <statement name="DO1">
              <block type="variables_set" id="MXc2_i|JLqW_JoHXaE8.">
                <field name="VAR" id="EN~;n4py1`(_SvKgw)NH" variabletype="">motorcycleOldAgeVehicleLoadingPercent</field>
                <value name="VALUE">
                  <block type="bignumber" id="NqvS?k0N?0Ufkd/l[;Jh">
                    <field name="number">100</field>
                  </block>
                </value>
              </block>
            </statement>
            <statement name="ELSE">
              <block type="variables_set" id="QPHLbaYrJUjGH?FI#HdC">
                <field name="VAR" id="EN~;n4py1`(_SvKgw)NH" variabletype="">motorcycleOldAgeVehicleLoadingPercent</field>
                <value name="VALUE">
                  <block type="bignumber" id="R+fr[30Ak^f/h13[ft/+">
                    <field name="number">0</field>
                  </block>
                </value>
              </block>
            </statement>
            <next>
              <block type="variables_set" id="2PZ#o0@)=5PVxpNk0;K-">
                <field name="VAR" id="g1jIX8r2d:GOR*:z8mW^" variabletype="">motorcycleOldAgeVehicleLoadingAmount</field>
                <value name="VALUE">
                  <block type="bignumbercalculation" id="Thp,J=+TW8Ji`Y{/wBqB">
                    <field name="operation">"times"</field>
                    <value name="bigNumber1">
                      <block type="variables_get" id="mgbP1n`AZ_NLWi1{Ke=}">
                        <field name="VAR" id="Sw~d|.Ev-Uk8F:kQoq!_" variabletype="">inputPremium</field>
                      </block>
                    </value>
                    <value name="bigNumber2">
                      <block type="bignumberpercent" id="{Dh{_o9C~jXBA49pv7Z1">
                        <value name="bigNumber">
                          <block type="variables_get" id="SxEXm(AV?toz_6+L;;a%">
                            <field name="VAR" id="EN~;n4py1`(_SvKgw)NH" variabletype="">motorcycleOldAgeVehicleLoadingPercent</field>
                          </block>
                        </value>
                      </block>
                    </value>
                  </block>
                </value>
              </block>
            </next>
          </block>
        </next>
      </block>
    </statement>
  </block>
</xml>