<xml xmlns="http://www.w3.org/1999/xhtml">
  <variables>
    <variable type="" id="06h-66xx;C@xEEP5-7gk">inputPremium</variable>
    <variable type="" id="U*f0QqA;Vh-Xy;aHU?I[">clientDiscountPercentage</variable>
    <variable type="" id="TvdEsSSm{]9ifdtl$E#H">clientDiscountPercent</variable>
    <variable type="" id="Uo;_Y)s+Nf:@c]Fnha=A">clientDiscountAmount</variable>
    <variable type="" id="o0r[@z-~ov$74YV|=99/">clientDiscountPremium</variable>
  </variables>
  <block type="procedures_defnoreturn" id="lV8{SL!Sf#xNmZ*8YwC4" x="113" y="113">
    <mutation>
      <arg name="inputPremium" varid="06h-66xx;C@xEEP5-7gk"></arg>
      <arg name="clientDiscountPercentage" varid="U*f0QqA;Vh-Xy;aHU?I["></arg>
    </mutation>
    <field name="NAME">getClientDiscount</field>
    <comment pinned="false" h="80" w="160">Describe this function...</comment>
    <statement name="STACK">
      <block type="variables_set" id="UoPv_A5*~S-;gr4Lr(7m">
        <field name="VAR" id="TvdEsSSm{]9ifdtl$E#H" variabletype="">clientDiscountPercent</field>
        <value name="VALUE">
          <block type="variables_get" id="X]?a6jk%d%Z0*yk$5^~J">
            <field name="VAR" id="U*f0QqA;Vh-Xy;aHU?I[" variabletype="">clientDiscountPercentage</field>
          </block>
        </value>
        <next>
          <block type="variables_set" id="i!]NCxHf9|j;;o]%6+hp">
            <field name="VAR" id="Uo;_Y)s+Nf:@c]Fnha=A" variabletype="">clientDiscountAmount</field>
            <value name="VALUE">
              <block type="bignumbercalculation" id="51OXZ5[Mm{L:Dw]T0%H;">
                <field name="operation">"times"</field>
                <value name="bigNumber1">
                  <block type="bignumberpercent" id="09uo~~ZcNwYtpg^!Fvs3">
                    <value name="bigNumber">
                      <block type="variables_get" id="X!gqckQ0D]~lzqO:`[Kh">
                        <field name="VAR" id="TvdEsSSm{]9ifdtl$E#H" variabletype="">clientDiscountPercent</field>
                      </block>
                    </value>
                  </block>
                </value>
                <value name="bigNumber2">
                  <block type="variables_get" id="o4q{Ec$VE:6hmr*t)rGE">
                    <field name="VAR" id="06h-66xx;C@xEEP5-7gk" variabletype="">inputPremium</field>
                  </block>
                </value>
              </block>
            </value>
          </block>
        </next>
      </block>
    </statement>
  </block>
  <block type="variables_set" id=",-En(SM0{2dm*H*pSlIe" x="838" y="113">
    <field name="VAR" id="06h-66xx;C@xEEP5-7gk" variabletype="">inputPremium</field>
    <value name="VALUE">
      <block type="bignumber" id="^x#_QaiaDmxj#?k(}tHn">
        <field name="number">9600</field>
      </block>
    </value>
    <next>
      <block type="variables_set" id=")AiuTm#NjZ[zbd=lxV9D">
        <field name="VAR" id="U*f0QqA;Vh-Xy;aHU?I[" variabletype="">clientDiscountPercentage</field>
        <value name="VALUE">
          <block type="bignumber" id="2emt]AB|Ls.Rto0iV-[S">
            <field name="number">5</field>
          </block>
        </value>
        <next>
          <block type="procedures_callnoreturn" id="$8dw)XLK/(8uc[t6PziP">
            <mutation name="getClientDiscount">
              <arg name="inputPremium"></arg>
              <arg name="clientDiscountPercentage"></arg>
            </mutation>
            <value name="ARG0">
              <block type="variables_get" id="=FrK#YU$Sqf7cT,%Jt)$">
                <field name="VAR" id="06h-66xx;C@xEEP5-7gk" variabletype="">inputPremium</field>
              </block>
            </value>
            <value name="ARG1">
              <block type="variables_get" id="P)}]X.*;Po$#S0k6RNdH">
                <field name="VAR" id="U*f0QqA;Vh-Xy;aHU?I[" variabletype="">clientDiscountPercentage</field>
              </block>
            </value>
            <next>
              <block type="variables_set" id="Z|TDDX5q.4%.e;g[AN}3">
                <field name="VAR" id="Uo;_Y)s+Nf:@c]Fnha=A" variabletype="">clientDiscountAmount</field>
                <value name="VALUE">
                  <block type="bignumbercalculation" id="yrDxfGT5{-+{v^l?RL#R">
                    <field name="operation">"times"</field>
                    <value name="bigNumber1">
                      <block type="bignumberpercent" id=":d@Y30=3TbV6,(4[gS)i">
                        <value name="bigNumber">
                          <block type="variables_get" id="=1++@mo=8c:Q4O51+fsH">
                            <field name="VAR" id="TvdEsSSm{]9ifdtl$E#H" variabletype="">clientDiscountPercent</field>
                          </block>
                        </value>
                      </block>
                    </value>
                    <value name="bigNumber2">
                      <block type="variables_get" id="~X=!q]V-jj9Sh,Y)X,@D">
                        <field name="VAR" id="06h-66xx;C@xEEP5-7gk" variabletype="">inputPremium</field>
                      </block>
                    </value>
                  </block>
                </value>
                <next>
                  <block type="variables_set" id="CN!xvAy=X(Zp0b[}Owsl">
                    <field name="VAR" id="o0r[@z-~ov$74YV|=99/" variabletype="">clientDiscountPremium</field>
                    <value name="VALUE">
                      <block type="bignumbercalculation" id="1/(I@JDnHTdC$!S)1y31">
                        <field name="operation">"minus"</field>
                        <value name="bigNumber1">
                          <block type="variables_get" id="N1MNKBnI#;8LDs_)E5P-">
                            <field name="VAR" id="06h-66xx;C@xEEP5-7gk" variabletype="">inputPremium</field>
                          </block>
                        </value>
                        <value name="bigNumber2">
                          <block type="variables_get" id=",n+U4*X*|=h_)d#k[7@q">
                            <field name="VAR" id="Uo;_Y)s+Nf:@c]Fnha=A" variabletype="">clientDiscountAmount</field>
                          </block>
                        </value>
                      </block>
                    </value>
                  </block>
                </next>
              </block>
            </next>
          </block>
        </next>
      </block>
    </next>
  </block>
</xml>