<xml xmlns="http://www.w3.org/1999/xhtml">
  <variables>
    <variable type="" id="*mBuH/%%w$s/J,YU7B(4">engineCapacity</variable>
    <variable type="" id=".A%Rt5)^xP%*u8QoLw2F">limitOfLiability</variable>
    <variable type="" id="kA9`4jTM*-/m/d=jZcaO">outputString</variable>
    <variable type="" id="#K:o~9`C)HbMIek9PFdv">basicTariffPremium</variable>
    <variable type="" id="S=p30mL*~apBV~Ol9]yV">engineCapacityDesc</variable>
    <variable type="" id="Y-P.~}5/S_Wvy}%lnzES">lookupPremium</variable>
  </variables>
  <block type="procedures_defreturn" id="/`p9cs0RO]~o1(i@m-7-" x="138" y="188">
    <mutation>
      <arg name="engineCapacity" varid="*mBuH/%%w$s/J,YU7B(4"></arg>
    </mutation>
    <field name="NAME">getEngineCapacityDesc</field>
    <comment pinned="false" h="80" w="160">Describe this function...</comment>
    <statement name="STACK">
      <block type="controls_if" id="P|YGz;o~.]g^;3*:YBgv">
        <mutation else="1"></mutation>
        <value name="IF0">
          <block type="logic_compare" id="oO)4[%I|vJRO`3J]4=w_">
            <field name="OP">LTE</field>
            <value name="A">
              <block type="variables_get" id="4H[O8pB5{PsO^Hd[)2v%">
                <field name="VAR" id="*mBuH/%%w$s/J,YU7B(4" variabletype="">engineCapacity</field>
              </block>
            </value>
            <value name="B">
              <block type="bignumber" id="q#jGE6aZeS~*-(l%Xi7-">
                <field name="number">250</field>
              </block>
            </value>
          </block>
        </value>
        <statement name="DO0">
          <block type="variables_set" id="46DII@Cp?gOrms8[2e_0">
            <field name="VAR" id="kA9`4jTM*-/m/d=jZcaO" variabletype="">outputString</field>
            <value name="VALUE">
              <block type="text" id="4h?[[3fdUKFMcPjGxh5c">
                <field name="TEXT">&lt;=250</field>
              </block>
            </value>
          </block>
        </statement>
        <statement name="ELSE">
          <block type="variables_set" id="fM]Q2-w:F3S~T|jTj;{F">
            <field name="VAR" id="kA9`4jTM*-/m/d=jZcaO" variabletype="">outputString</field>
            <value name="VALUE">
              <block type="text" id="U6s+WaaE^L5weTqK+=p0">
                <field name="TEXT">&gt;250</field>
              </block>
            </value>
          </block>
        </statement>
      </block>
    </statement>
    <value name="RETURN">
      <block type="variables_get" id="jh)[EBSFbabWH4=qU1dn">
        <field name="VAR" id="kA9`4jTM*-/m/d=jZcaO" variabletype="">outputString</field>
      </block>
    </value>
  </block>
  <block type="variables_set" id="JW$BGB%[cA|vv/HU8{/B" x="838" y="238">
    <field name="VAR" id=".A%Rt5)^xP%*u8QoLw2F" variabletype="">limitOfLiability</field>
    <value name="VALUE">
      <block type="bignumber" id="V_+HTSbrE_jQ#(.i~UZL">
        <field name="number">3000000</field>
      </block>
    </value>
    <next>
      <block type="variables_set" id="IzO|8a9pBid^_{*@`1S9">
        <field name="VAR" id="*mBuH/%%w$s/J,YU7B(4" variabletype="">engineCapacity</field>
        <value name="VALUE">
          <block type="bignumber" id="5R{{[_30uH.}kw@Bdk=t">
            <field name="number">2000</field>
          </block>
        </value>
        <next>
          <block type="variables_set" id="mG9q$]~,7HpR{SUfs@5b">
            <field name="VAR" id="#K:o~9`C)HbMIek9PFdv" variabletype="">basicTariffPremium</field>
            <value name="VALUE">
              <block type="procedures_callreturn" id="j#uNJs{O@Jza2M2^@jJE">
                <mutation name="getBasicTariffPremium">
                  <arg name="engineCapacity"></arg>
                  <arg name="limitOfLiability"></arg>
                </mutation>
                <value name="ARG0">
                  <block type="variables_get" id="?nCRLhtM=0y|b0MGBezW">
                    <field name="VAR" id="*mBuH/%%w$s/J,YU7B(4" variabletype="">engineCapacity</field>
                  </block>
                </value>
                <value name="ARG1">
                  <block type="variables_get" id="n~yQY0P4:3#b$PPeGG#x">
                    <field name="VAR" id=".A%Rt5)^xP%*u8QoLw2F" variabletype="">limitOfLiability</field>
                  </block>
                </value>
              </block>
            </value>
          </block>
        </next>
      </block>
    </next>
  </block>
  <block type="procedures_defreturn" id="DFh)I-p4zEXnzHUB/GUM" x="112" y="412">
    <mutation>
      <arg name="engineCapacity" varid="*mBuH/%%w$s/J,YU7B(4"></arg>
      <arg name="limitOfLiability" varid=".A%Rt5)^xP%*u8QoLw2F"></arg>
    </mutation>
    <field name="NAME">getBasicTariffPremium</field>
    <comment pinned="false" h="80" w="160">Describe this function...</comment>
    <statement name="STACK">
      <block type="variables_set" id="*Z1gK)T#^xv*Fht-9Q)s">
        <field name="VAR" id="#K:o~9`C)HbMIek9PFdv" variabletype="">basicTariffPremium</field>
        <value name="VALUE">
          <block type="bignumber" id="SR:a8wOUW!TOOANSKjCI">
            <field name="number">0</field>
          </block>
        </value>
        <next>
          <block type="variables_set" id=".7x^xp7bKeRJ)OrB%(K6">
            <field name="VAR" id="S=p30mL*~apBV~Ol9]yV" variabletype="">engineCapacityDesc</field>
            <value name="VALUE">
              <block type="procedures_callreturn" id="bvL88.%ug)z~KcZd@Gi:">
                <mutation name="getEngineCapacityDesc">
                  <arg name="engineCapacity"></arg>
                </mutation>
                <value name="ARG0">
                  <block type="variables_get" id="=^wzG;u?P#e#]P4!4S[p">
                    <field name="VAR" id="*mBuH/%%w$s/J,YU7B(4" variabletype="">engineCapacity</field>
                  </block>
                </value>
              </block>
            </value>
            <next>
              <block type="variables_set" id="i=MBF#(Wa~*k/ZsZbOV!">
                <field name="VAR" id="Y-P.~}5/S_Wvy}%lnzES" variabletype="">lookupPremium</field>
                <value name="VALUE">
                  <block type="dataquery" id="B@-d=s3VoF0?%M?!g}3Q">
                    <value name="tableName">
                      <block type="text" id="E`13y2Ie#+3I20U!E,Jy">
                        <field name="TEXT">macauBasicPremium</field>
                      </block>
                    </value>
                    <value name="filterColumnNames">
                      <block type="lists_create_with" id="O7RK7i?R19+Vj[*f]c4q">
                        <mutation items="3"></mutation>
                        <value name="ADD0">
                          <block type="text" id="r+OmNi5xTBl}bU0ltWuw">
                            <field name="TEXT">vehicleTypeCode</field>
                          </block>
                        </value>
                        <value name="ADD1">
                          <block type="text" id="KU,f_U),H/6EQ2vx}E1S">
                            <field name="TEXT">cc</field>
                          </block>
                        </value>
                        <value name="ADD2">
                          <block type="text" id="*G[fQ!I[95r},W|(!mSP">
                            <field name="TEXT">limitOfLiability</field>
                          </block>
                        </value>
                      </block>
                    </value>
                    <value name="filterColumnValues">
                      <block type="lists_create_with" id="!h+#Ugv^(K*^#Poi;?+J">
                        <mutation items="3"></mutation>
                        <value name="ADD0">
                          <block type="bignumber" id="lcvj~p2*rWG@I`y|PXAO">
                            <field name="number">12</field>
                          </block>
                        </value>
                        <value name="ADD1">
                          <block type="variables_get" id="0tX5@O.3gW_2cvky0og|">
                            <field name="VAR" id="S=p30mL*~apBV~Ol9]yV" variabletype="">engineCapacityDesc</field>
                          </block>
                        </value>
                        <value name="ADD2">
                          <block type="variables_get" id=".m!bp|;GoF*$)Upc;mE|">
                            <field name="VAR" id=".A%Rt5)^xP%*u8QoLw2F" variabletype="">limitOfLiability</field>
                          </block>
                        </value>
                      </block>
                    </value>
                    <value name="outputColumn">
                      <block type="text" id="Q^piLD~?@2E4cZ)]yi(J">
                        <field name="TEXT">premium</field>
                      </block>
                    </value>
                  </block>
                </value>
                <next>
                  <block type="variables_set" id="}0ls^W$A.H16m=yN:OZ^">
                    <field name="VAR" id="#K:o~9`C)HbMIek9PFdv" variabletype="">basicTariffPremium</field>
                    <value name="VALUE">
                      <block type="bignumberfromstring" id=",_;w;VSM~HDLnW)hZPif">
                        <value name="number">
                          <block type="variables_get" id=":K|lxhJ@i-2-w@nB1-8R">
                            <field name="VAR" id="Y-P.~}5/S_Wvy}%lnzES" variabletype="">lookupPremium</field>
                          </block>
                        </value>
                      </block>
                    </value>
                  </block>
                </next>
              </block>
            </next>
          </block>
        </next>
      </block>
    </statement>
    <value name="RETURN">
      <block type="variables_get" id="5Yh3#W7:3!^y6S~fT}Eh">
        <field name="VAR" id="#K:o~9`C)HbMIek9PFdv" variabletype="">basicTariffPremium</field>
      </block>
    </value>
  </block>
</xml>