<xml xmlns="http://www.w3.org/1999/xhtml">
  <variables>
    <variable type="" id="@q(Ka1ETcW/,TM[y]);j">youngestNamedDriverAge</variable>
    <variable type="" id="Sw~d|.Ev-Uk8F:kQoq!_">inputPremium</variable>
    <variable type="" id="k{usw4Bz[)4z-mxxF.}=">drivingExperience</variable>
    <variable type="" id="S+zAElBox(/5|WoEH[$N">vehicleMake</variable>
    <variable type="" id="QPBh[c]yrXnjNXq=QX#a">vehicleModel</variable>
    <variable type="" id="))rI[A0J#b;HY0_n1O{m">coverType</variable>
    <variable type="" id="jW$=tNAKlwEHgp;P7pm)">poorClaimRecordLoadingPercentage</variable>
    <variable type="" id="i6[(d4(miV=9YQ,6IJ2G">allNamedDriverOccupations</variable>
    <variable type="" id="kOyEgwScYtIg#E^a[/OS">manufactureYear</variable>
    <variable type="" id="QIjA)o~I;Z[[Rzc]eeSQ">businessCategory</variable>
    <variable type="" id="C1o:YcJc~,k6QRC#_F|^">privateMotorPoorClaimRecordLoadingPercent</variable>
    <variable type="" id="gtFzZTZx6!d9j=o8%R02">occupationIndex</variable>
    <variable type="" id="#qmMYws}_2rt+ZST,%pU">privateMotorYoungestNamedDriverAgeLoadingPercent</variable>
    <variable type="" id="UkexH!d`LvuZ=i5^A(3^">privateMotorYoungestNamedDriverAgeLoadingAmount</variable>
    <variable type="" id="vE=A*jwd~7=$^ac`ppcO">privateMotorDrivingExperienceLoadingPercent</variable>
    <variable type="" id="CpQumG(]LaV,/[kZUX/I">privateMotorDrivingExperienceLoadingAmount</variable>
    <variable type="" id="`kS6@10pTISdB0LSjbn?">lookupValue</variable>
    <variable type="" id="9;8|D1N6Qkk/2cKM44IW">privateMotorMakeModelLoadingAmount</variable>
    <variable type="" id="a5U9d{mHmOL`2AS_,`11">privateMotorPoorClaimRecordLoadingAmount</variable>
    <variable type="" id="0o)LGb?#v2AhvY.4G_T_">occupation</variable>
    <variable type="" id="EN~;n4py1`(_SvKgw)NH">privateMotorOldAgeVehicleLoadingPercent</variable>
    <variable type="" id="g1jIX8r2d:GOR*:z8mW^">privateMotorOldAgeVehicleLoadingAmount</variable>
    <variable type="" id="N8lH#d)Kl=pCfII]Ivxa">unpreferredBusinessCategoryLoadingAmount</variable>
    <variable type="" id="kc=1`V|Jr4P%@c#sD^v%">unpreferredBusinessCategoryLoadingPercent</variable>
    <variable type="" id="z^}cmMX~#H_kL+:yBRCz">comprehensiveMinimumLoadingPercentage</variable>
    <variable type="" id="K/Q-(GCVAY8c;{]I:^kM">thirdPartyMinimumLoadingPercentage</variable>
    <variable type="" id="VWo~NdVcXmE[vS6Q}64Q">privateMotorMakeModelMinimumLoadingPercent</variable>
    <variable type="" id="ljWM}nrC8^f2eyZ#@Cuf">unpreferredOccupationLoadingAmount</variable>
    <variable type="" id=";8[H{!L_Fbtx)V6kFxRH">unpreferredOccupationLoadingPercent</variable>
    <variable type="" id="`dr1d_S(0Ej]2)ULA%(T">privateMotorLoadingPercent</variable>
    <variable type="" id="KD/Q!,vo)vt8skjs`GiD">privateMotorLoadingAmount</variable>
    <variable type="" id="ub-9E}:)@:|R^K*C$$FW">privateMotorLoadingPremium</variable>
  </variables>
  <block type="procedures_defnoreturn" id="TzY{1:e.P.-:)2Nhc8Gc" x="-1337" y="-1188">
    <mutation>
      <arg name="youngestNamedDriverAge" varid="@q(Ka1ETcW/,TM[y]);j"></arg>
      <arg name="inputPremium" varid="Sw~d|.Ev-Uk8F:kQoq!_"></arg>
    </mutation>
    <field name="NAME">getPrivateMotorYoungestNamedDriverAgeLoading</field>
    <comment pinned="false" h="80" w="160">Describe this function...</comment>
    <statement name="STACK">
      <block type="controls_if" id="^{6Dn-_!G%!ZS$WUs4Fh">
        <mutation else="1"></mutation>
        <value name="IF0">
          <block type="logic_compare" id="Rpve)618}A^w4Mt8XK%M">
            <field name="OP">LT</field>
            <value name="A">
              <block type="variables_get" id="sU[Ci?U2B_3Ju(jEWNTX">
                <field name="VAR" id="@q(Ka1ETcW/,TM[y]);j" variabletype="">youngestNamedDriverAge</field>
              </block>
            </value>
            <value name="B">
              <block type="bignumber" id="D*whSyUPPH+a}H3BSqZo">
                <field name="number">25</field>
              </block>
            </value>
          </block>
        </value>
        <statement name="DO0">
          <block type="variables_set" id="E)G)Zg9J,AOuuJ6TRN_M">
            <field name="VAR" id="#qmMYws}_2rt+ZST,%pU" variabletype="">privateMotorYoungestNamedDriverAgeLoadingPercent</field>
            <value name="VALUE">
              <block type="bignumber" id="x2,mG5nT%qC.4Vzn0#]7">
                <field name="number">25</field>
              </block>
            </value>
          </block>
        </statement>
        <statement name="ELSE">
          <block type="variables_set" id="Y,{,P6/8;}8B*{}B#A(?">
            <field name="VAR" id="#qmMYws}_2rt+ZST,%pU" variabletype="">privateMotorYoungestNamedDriverAgeLoadingPercent</field>
            <value name="VALUE">
              <block type="bignumber" id="|fAC}%)34K3KRlZ.0+ow">
                <field name="number">0</field>
              </block>
            </value>
          </block>
        </statement>
        <next>
          <block type="variables_set" id="RJMThgN;lb,64QzF?+^D">
            <field name="VAR" id="UkexH!d`LvuZ=i5^A(3^" variabletype="">privateMotorYoungestNamedDriverAgeLoadingAmount</field>
            <value name="VALUE">
              <block type="bignumbercalculation" id="Ob|cD^e}0a([u,h8[lVC">
                <field name="operation">"times"</field>
                <value name="bigNumber1">
                  <block type="variables_get" id=")ykM:v;7QmF~]Ld67t5q">
                    <field name="VAR" id="Sw~d|.Ev-Uk8F:kQoq!_" variabletype="">inputPremium</field>
                  </block>
                </value>
                <value name="bigNumber2">
                  <block type="bignumberpercent" id="_Bj/KcaQB;GS./#SdS7P">
                    <value name="bigNumber">
                      <block type="variables_get" id="E5ahMCF50QTUA|+1@uVy">
                        <field name="VAR" id="#qmMYws}_2rt+ZST,%pU" variabletype="">privateMotorYoungestNamedDriverAgeLoadingPercent</field>
                      </block>
                    </value>
                  </block>
                </value>
              </block>
            </value>
          </block>
        </next>
      </block>
    </statement>
  </block>
  <block type="variables_set" id="Eue~Zlx+ar3|us~=^O}S" x="-37" y="-1212">
    <field name="VAR" id="Sw~d|.Ev-Uk8F:kQoq!_" variabletype="">inputPremium</field>
    <value name="VALUE">
      <block type="bignumber" id="G5+B[=CxX4O{R0^0|~q9">
        <field name="number">9600</field>
      </block>
    </value>
    <next>
      <block type="procedures_callnoreturn" id="C,cyCN|ZeQ)N,$7viY`b">
        <mutation name="getPrivateMotorYoungestNamedDriverAgeLoading">
          <arg name="youngestNamedDriverAge"></arg>
          <arg name="inputPremium"></arg>
        </mutation>
        <value name="ARG0">
          <block type="bignumber" id="$f8g$DN_i@vXL-ZKoUBh">
            <field name="number">18</field>
          </block>
        </value>
        <value name="ARG1">
          <block type="variables_get" id="9wCy{sRE*xSMF1kcGq8,">
            <field name="VAR" id="Sw~d|.Ev-Uk8F:kQoq!_" variabletype="">inputPremium</field>
          </block>
        </value>
        <next>
          <block type="procedures_callnoreturn" id="4TP:T=GijRkNxSOC2Hih">
            <mutation name="getPrivateMotorInexperiencedDriverLoading">
              <arg name="drivingExperience"></arg>
              <arg name="inputPremium"></arg>
            </mutation>
            <value name="ARG0">
              <block type="bignumber" id="V#d|JY+o*Q(Rt_LddH2o">
                <field name="number">20</field>
              </block>
            </value>
            <value name="ARG1">
              <block type="variables_get" id="%WPw7|U{,j+Fjd{T{Pv]">
                <field name="VAR" id="Sw~d|.Ev-Uk8F:kQoq!_" variabletype="">inputPremium</field>
              </block>
            </value>
            <next>
              <block type="procedures_callnoreturn" id="+-wrea5SyO]74J,!SaDn">
                <mutation name="getPrivateMotorVehicleModelLoading">
                  <arg name="vehicleMake"></arg>
                  <arg name="vehicleModel"></arg>
                  <arg name="coverType"></arg>
                  <arg name="inputPremium"></arg>
                </mutation>
                <value name="ARG0">
                  <block type="text" id="L-Ibtk_;yVws]qnrfl?T">
                    <field name="TEXT">HONDA</field>
                  </block>
                </value>
                <value name="ARG1">
                  <block type="text" id=";OAiWq3SIc)j#J=dwzjS">
                    <field name="TEXT">CIVIC 1.8</field>
                  </block>
                </value>
                <value name="ARG2">
                  <block type="text" id="1)0!/.ITWg+6k(CW]X32">
                    <field name="TEXT">comprehensive</field>
                  </block>
                </value>
                <value name="ARG3">
                  <block type="variables_get" id="j3_PzW[(7y3@J+`-H}JJ">
                    <field name="VAR" id="Sw~d|.Ev-Uk8F:kQoq!_" variabletype="">inputPremium</field>
                  </block>
                </value>
                <next>
                  <block type="procedures_callnoreturn" id=",KIUCWz#mI:0bm;)rZvx">
                    <mutation name="getPrivateMotorPoorClaimRecordLoading">
                      <arg name="poorClaimRecordLoadingPercentage"></arg>
                      <arg name="inputPremium"></arg>
                    </mutation>
                    <value name="ARG0">
                      <block type="bignumber" id="ixOP:|QTF$ij|1$jGItB">
                        <field name="number">15</field>
                      </block>
                    </value>
                    <value name="ARG1">
                      <block type="variables_get" id="4|f,H2YcT$~j?G0.3R6V">
                        <field name="VAR" id="Sw~d|.Ev-Uk8F:kQoq!_" variabletype="">inputPremium</field>
                      </block>
                    </value>
                    <next>
                      <block type="procedures_callnoreturn" id="2Y-!4NL[lHPBo?e:6B/T">
                        <mutation name="getPrivateMotorUnpreferredOccupationLoading">
                          <arg name="coverType"></arg>
                          <arg name="allNamedDriverOccupations"></arg>
                          <arg name="inputPremium"></arg>
                        </mutation>
                        <value name="ARG0">
                          <block type="text" id="cXRm!ouB-_6Qy#Rpe8!Q">
                            <field name="TEXT">comprehensive</field>
                          </block>
                        </value>
                        <next>
                          <block type="procedures_callnoreturn" id="a.|@]P^6|psk7uqA{mH7">
                            <mutation name="getPrivateMotorOldAgeVehicleLoading">
                              <arg name="coverType"></arg>
                              <arg name="manufactureYear"></arg>
                              <arg name="inputPremium"></arg>
                            </mutation>
                            <value name="ARG0">
                              <block type="text" id="3+It1FIn{i:o?+t*Y8t@">
                                <field name="TEXT">comprehensive</field>
                              </block>
                            </value>
                            <value name="ARG1">
                              <block type="bignumber" id="H_)s@pxL+{30u7pKV2Gj">
                                <field name="number">2015</field>
                              </block>
                            </value>
                            <value name="ARG2">
                              <block type="variables_get" id="5*j[HUol.O@N|DCl#5JS">
                                <field name="VAR" id="Sw~d|.Ev-Uk8F:kQoq!_" variabletype="">inputPremium</field>
                              </block>
                            </value>
                            <next>
                              <block type="procedures_callnoreturn" id="76It?7=fAS9s*M|-1;yr">
                                <mutation name="getPrivateMotorUnpreferredBusinessCategoryLoading">
                                  <arg name="inputPremium"></arg>
                                  <arg name="coverType"></arg>
                                  <arg name="businessCategory"></arg>
                                </mutation>
                                <value name="ARG0">
                                  <block type="variables_get" id="2hL0ug@wH=uc:,j9GH_e">
                                    <field name="VAR" id="Sw~d|.Ev-Uk8F:kQoq!_" variabletype="">inputPremium</field>
                                  </block>
                                </value>
                                <value name="ARG1">
                                  <block type="text" id="n`ON9MZ{|yt(1mO[{]#H">
                                    <field name="TEXT">comprehensive</field>
                                  </block>
                                </value>
                                <next>
                                  <block type="variables_set" id="Q%7kG(}9;_[MB|i@M(O[">
                                    <field name="VAR" id="`dr1d_S(0Ej]2)ULA%(T" variabletype="">privateMotorLoadingPercent</field>
                                    <value name="VALUE">
                                      <block type="bignumberlistoperation" id="|:1`Dz+(m-X/9Pjw$l-K">
                                        <field name="operation">"sum"</field>
                                        <value name="bigNumberList">
                                          <block type="lists_create_with" id="=SFD1NeEc]uFIh.8kmgE">
                                            <mutation items="7"></mutation>
                                            <value name="ADD0">
                                              <block type="variables_get" id="{Rnw8khSjQvN[1dB4+ht">
                                                <field name="VAR" id="#qmMYws}_2rt+ZST,%pU" variabletype="">privateMotorYoungestNamedDriverAgeLoadingPercent</field>
                                              </block>
                                            </value>
                                            <value name="ADD1">
                                              <block type="variables_get" id="SI709(EUx8M[l_`Ni]HR">
                                                <field name="VAR" id="vE=A*jwd~7=$^ac`ppcO" variabletype="">privateMotorDrivingExperienceLoadingPercent</field>
                                              </block>
                                            </value>
                                            <value name="ADD2">
                                              <block type="variables_get" id="(V^e1rPt{%:cO7?7c.Jm">
                                                <field name="VAR" id="VWo~NdVcXmE[vS6Q}64Q" variabletype="">privateMotorMakeModelMinimumLoadingPercent</field>
                                              </block>
                                            </value>
                                            <value name="ADD3">
                                              <block type="variables_get" id="V$.%02vBMDP4hTIHYQsl">
                                                <field name="VAR" id="C1o:YcJc~,k6QRC#_F|^" variabletype="">privateMotorPoorClaimRecordLoadingPercent</field>
                                              </block>
                                            </value>
                                            <value name="ADD4">
                                              <block type="variables_get" id="Gvh?=2=z%q#oKi[Ki=Ok">
                                                <field name="VAR" id="EN~;n4py1`(_SvKgw)NH" variabletype="">privateMotorOldAgeVehicleLoadingPercent</field>
                                              </block>
                                            </value>
                                            <value name="ADD5">
                                              <block type="variables_get" id="3n`RS|/c)w2~r|e7qa-D">
                                                <field name="VAR" id=";8[H{!L_Fbtx)V6kFxRH" variabletype="">unpreferredOccupationLoadingPercent</field>
                                              </block>
                                            </value>
                                            <value name="ADD6">
                                              <block type="variables_get" id="Po[A~Y{{Md0k8ZfT0sG/">
                                                <field name="VAR" id="kc=1`V|Jr4P%@c#sD^v%" variabletype="">unpreferredBusinessCategoryLoadingPercent</field>
                                              </block>
                                            </value>
                                          </block>
                                        </value>
                                      </block>
                                    </value>
                                    <next>
                                      <block type="variables_set" id="dRdVn$vdGx|m5|x?2c~A">
                                        <field name="VAR" id="KD/Q!,vo)vt8skjs`GiD" variabletype="">privateMotorLoadingAmount</field>
                                        <value name="VALUE">
                                          <block type="bignumbercalculation" id="#w,80wV#X^.GTe6f#H^:">
                                            <field name="operation">"times"</field>
                                            <value name="bigNumber1">
                                              <block type="variables_get" id="InYUdky(}~nFqPG1!q9n">
                                                <field name="VAR" id="Sw~d|.Ev-Uk8F:kQoq!_" variabletype="">inputPremium</field>
                                              </block>
                                            </value>
                                            <value name="bigNumber2">
                                              <block type="bignumberpercent" id="$g5iNWe)k2p_h~_U=%i;">
                                                <value name="bigNumber">
                                                  <block type="variables_get" id="t3Z^T+B9V4Tt!i0S)qjG">
                                                    <field name="VAR" id="`dr1d_S(0Ej]2)ULA%(T" variabletype="">privateMotorLoadingPercent</field>
                                                  </block>
                                                </value>
                                              </block>
                                            </value>
                                          </block>
                                        </value>
                                        <next>
                                          <block type="variables_set" id="[|zD)y0M~*0z_Q!eYbqs">
                                            <field name="VAR" id="ub-9E}:)@:|R^K*C$$FW" variabletype="">privateMotorLoadingPremium</field>
                                            <value name="VALUE">
                                              <block type="bignumbercalculation" id="g~[aVG_KfqvFr11ikDTH">
                                                <field name="operation">"plus"</field>
                                                <value name="bigNumber1">
                                                  <block type="variables_get" id="tg7!1UnBQ$OX9oB+wk,Q">
                                                    <field name="VAR" id="Sw~d|.Ev-Uk8F:kQoq!_" variabletype="">inputPremium</field>
                                                  </block>
                                                </value>
                                                <value name="bigNumber2">
                                                  <block type="variables_get" id="I*5r!?+a5KA#aM16?cDK">
                                                    <field name="VAR" id="KD/Q!,vo)vt8skjs`GiD" variabletype="">privateMotorLoadingAmount</field>
                                                  </block>
                                                </value>
                                              </block>
                                            </value>
                                          </block>
                                        </next>
                                      </block>
                                    </next>
                                  </block>
                                </next>
                              </block>
                            </next>
                          </block>
                        </next>
                      </block>
                    </next>
                  </block>
                </next>
              </block>
            </next>
          </block>
        </next>
      </block>
    </next>
  </block>
  <block type="procedures_defnoreturn" id="4JtRZ:Q,;n94fe~[p;.q" x="-1338" y="-937">
    <mutation>
      <arg name="drivingExperience" varid="k{usw4Bz[)4z-mxxF.}="></arg>
      <arg name="inputPremium" varid="Sw~d|.Ev-Uk8F:kQoq!_"></arg>
    </mutation>
    <field name="NAME">getPrivateMotorInexperiencedDriverLoading</field>
    <comment pinned="false" h="80" w="160">Describe this function...</comment>
    <statement name="STACK">
      <block type="controls_if" id="o)TG0aqIRi9?h,COeHjN">
        <mutation else="1"></mutation>
        <value name="IF0">
          <block type="logic_compare" id="kNE9^dZY!NU6X[BtTfQ@">
            <field name="OP">LT</field>
            <value name="A">
              <block type="variables_get" id="CP]}1.Y~`jxq,adSMrPl">
                <field name="VAR" id="k{usw4Bz[)4z-mxxF.}=" variabletype="">drivingExperience</field>
              </block>
            </value>
            <value name="B">
              <block type="bignumber" id="TV)0}mAYKcbYHhOTLa3D">
                <field name="number">24</field>
              </block>
            </value>
          </block>
        </value>
        <statement name="DO0">
          <block type="variables_set" id="X%d.-PyhEb[P61(#vA6;">
            <field name="VAR" id="vE=A*jwd~7=$^ac`ppcO" variabletype="">privateMotorDrivingExperienceLoadingPercent</field>
            <value name="VALUE">
              <block type="bignumber" id="Ji%4r}t6.a-U*t3%8Js0">
                <field name="number">25</field>
              </block>
            </value>
          </block>
        </statement>
        <statement name="ELSE">
          <block type="variables_set" id="d?stw7f(vg}bT#;ssD4^">
            <field name="VAR" id="vE=A*jwd~7=$^ac`ppcO" variabletype="">privateMotorDrivingExperienceLoadingPercent</field>
            <value name="VALUE">
              <block type="bignumber" id="r4=W.}Hb=AFbvLwiqAQR">
                <field name="number">0</field>
              </block>
            </value>
          </block>
        </statement>
        <next>
          <block type="variables_set" id="J1sK4mJ?C[2%+[i6AT^c">
            <field name="VAR" id="CpQumG(]LaV,/[kZUX/I" variabletype="">privateMotorDrivingExperienceLoadingAmount</field>
            <value name="VALUE">
              <block type="bignumbercalculation" id="A,L5Goge+R{eV}uhg7{w">
                <field name="operation">"times"</field>
                <value name="bigNumber1">
                  <block type="variables_get" id="9e.(r.mAFPL-3uw35|ks">
                    <field name="VAR" id="Sw~d|.Ev-Uk8F:kQoq!_" variabletype="">inputPremium</field>
                  </block>
                </value>
                <value name="bigNumber2">
                  <block type="bignumberpercent" id="7C#[9*}7@j},DiO?ho*(">
                    <value name="bigNumber">
                      <block type="variables_get" id="a.g9`!qiI`}1[1zO)v3w">
                        <field name="VAR" id="vE=A*jwd~7=$^ac`ppcO" variabletype="">privateMotorDrivingExperienceLoadingPercent</field>
                      </block>
                    </value>
                  </block>
                </value>
              </block>
            </value>
          </block>
        </next>
      </block>
    </statement>
  </block>
  <block type="procedures_defnoreturn" id="Rdw/q$voeCSp[%!03TG]" x="-1337" y="-688">
    <mutation>
      <arg name="vehicleMake" varid="S+zAElBox(/5|WoEH[$N"></arg>
      <arg name="vehicleModel" varid="QPBh[c]yrXnjNXq=QX#a"></arg>
      <arg name="coverType" varid="))rI[A0J#b;HY0_n1O{m"></arg>
      <arg name="inputPremium" varid="Sw~d|.Ev-Uk8F:kQoq!_"></arg>
    </mutation>
    <field name="NAME">getPrivateMotorVehicleModelLoading</field>
    <comment pinned="false" h="80" w="160">Describe this function...</comment>
    <statement name="STACK">
      <block type="controls_if" id="Mhh{fl)kfJrSQun8U/gR">
        <mutation elseif="2"></mutation>
        <value name="IF0">
          <block type="logic_compare" id="0iQsUJo:mPhGFd$6=mz_">
            <field name="OP">EQ</field>
            <value name="A">
              <block type="variables_get" id="q:E==Q?9%mnsWO[lpE//">
                <field name="VAR" id="))rI[A0J#b;HY0_n1O{m" variabletype="">coverType</field>
              </block>
            </value>
            <value name="B">
              <block type="text" id="cz;iFFJn)!Zi4-szjdXM">
                <field name="TEXT">comprehensive</field>
              </block>
            </value>
          </block>
        </value>
        <statement name="DO0">
          <block type="variables_set" id="AJx2IAYC#:myLPAKbbfj">
            <field name="VAR" id="`kS6@10pTISdB0LSjbn?" variabletype="">lookupValue</field>
            <value name="VALUE">
              <block type="dataquery" id="@04:^lI6JI%nA7#*L%nr">
                <value name="tableName">
                  <block type="text" id="/SSY+,asqS(o~@*jMwYV">
                    <field name="TEXT">hkPrivateMotorVehicle</field>
                  </block>
                </value>
                <value name="filterColumnNames">
                  <block type="lists_create_with" id="HRF$hd]`#B@gy,UwR3VT">
                    <mutation items="2"></mutation>
                    <value name="ADD0">
                      <block type="text" id="n5R@]gy^M`z8hxfiX6LC">
                        <field name="TEXT">make</field>
                      </block>
                    </value>
                    <value name="ADD1">
                      <block type="text" id="(v[kf0G8@oF!6ymDM2%?">
                        <field name="TEXT">model</field>
                      </block>
                    </value>
                  </block>
                </value>
                <value name="filterColumnValues">
                  <block type="lists_create_with" id="trpH.h.1ML1@v#Z]+dO-">
                    <mutation items="2"></mutation>
                    <value name="ADD0">
                      <block type="variables_get" id="h2vte}?z%9Q]%JZ;n@]i">
                        <field name="VAR" id="S+zAElBox(/5|WoEH[$N" variabletype="">vehicleMake</field>
                      </block>
                    </value>
                    <value name="ADD1">
                      <block type="variables_get" id="?kkg?yfe%3l1e@@SdWs5">
                        <field name="VAR" id="QPBh[c]yrXnjNXq=QX#a" variabletype="">vehicleModel</field>
                      </block>
                    </value>
                  </block>
                </value>
                <value name="outputColumn">
                  <block type="text" id="2%1Y}3Iylo`5oFqRsNv+">
                    <field name="TEXT">thirdPartyMinimumLoading</field>
                  </block>
                </value>
              </block>
            </value>
            <next>
              <block type="controls_if" id="(k|P%X[18OWxz3`qjAw~">
                <mutation else="1"></mutation>
                <value name="IF0">
                  <block type="logic_compare" id="]-NXTE_Wk?CUa@%Bqd#^">
                    <field name="OP">EQ</field>
                    <value name="A">
                      <block type="variables_get" id="As?4g|j4)C:uJTxHAOeJ">
                        <field name="VAR" id="`kS6@10pTISdB0LSjbn?" variabletype="">lookupValue</field>
                      </block>
                    </value>
                    <value name="B">
                      <block type="logic_null" id="clt}#DU%wh-wO}w-;=rt"></block>
                    </value>
                  </block>
                </value>
                <statement name="DO0">
                  <block type="variables_set" id="D(}vCC`hZkcCp:Bt]Fm8">
                    <field name="VAR" id="VWo~NdVcXmE[vS6Q}64Q" variabletype="">privateMotorMakeModelMinimumLoadingPercent</field>
                    <value name="VALUE">
                      <block type="bignumber" id="Nt#%Ti#$0N`5W,%@.dPE">
                        <field name="number">0</field>
                      </block>
                    </value>
                  </block>
                </statement>
                <statement name="ELSE">
                  <block type="variables_set" id="R75}-}?r5LCKRTrFoRo!">
                    <field name="VAR" id="VWo~NdVcXmE[vS6Q}64Q" variabletype="">privateMotorMakeModelMinimumLoadingPercent</field>
                    <value name="VALUE">
                      <block type="bignumberfromstring" id="r~5W?N/5Tz3V.1W!Bhh{">
                        <value name="number">
                          <block type="variables_get" id="WT%Y4S8An.)+-Pv`sSY+">
                            <field name="VAR" id="`kS6@10pTISdB0LSjbn?" variabletype="">lookupValue</field>
                          </block>
                        </value>
                      </block>
                    </value>
                  </block>
                </statement>
              </block>
            </next>
          </block>
        </statement>
        <value name="IF1">
          <block type="logic_compare" id="TYn-M)(pECi,qo1QRb9q">
            <field name="OP">EQ</field>
            <value name="A">
              <block type="variables_get" id="2jAa4jr6yfoaHCjYp:hE">
                <field name="VAR" id="))rI[A0J#b;HY0_n1O{m" variabletype="">coverType</field>
              </block>
            </value>
            <value name="B">
              <block type="text" id="4_}{_1nPv`Y^d{`tYq%u">
                <field name="TEXT">third party only</field>
              </block>
            </value>
          </block>
        </value>
        <statement name="DO1">
          <block type="variables_set" id="*1Llxd[*ER@S:xo*2,3o">
            <field name="VAR" id="`kS6@10pTISdB0LSjbn?" variabletype="">lookupValue</field>
            <value name="VALUE">
              <block type="dataquery" id="lj(kperRZu/0/qvK8#wZ">
                <value name="tableName">
                  <block type="text" id="V{R^`6=wUkDZ=Kd`+K2/">
                    <field name="TEXT">hkPrivateMotorVehicle</field>
                  </block>
                </value>
                <value name="filterColumnNames">
                  <block type="lists_create_with" id="rrKH.*dHL^sHtRAStZ`$">
                    <mutation items="2"></mutation>
                    <value name="ADD0">
                      <block type="text" id="Ie?xLU#jO)6uGSTJ@2mz">
                        <field name="TEXT">make</field>
                      </block>
                    </value>
                    <value name="ADD1">
                      <block type="text" id="x$#7vcppjPfYN`5k~%5,">
                        <field name="TEXT">model</field>
                      </block>
                    </value>
                  </block>
                </value>
                <value name="filterColumnValues">
                  <block type="lists_create_with" id="#UT{?![ZRHu33K_}#}=0">
                    <mutation items="2"></mutation>
                    <value name="ADD0">
                      <block type="variables_get" id="#f?~{xj:vE!jHB0FjP:$">
                        <field name="VAR" id="S+zAElBox(/5|WoEH[$N" variabletype="">vehicleMake</field>
                      </block>
                    </value>
                    <value name="ADD1">
                      <block type="variables_get" id="#3c6ye8bN`p`X?8=c@w_">
                        <field name="VAR" id="QPBh[c]yrXnjNXq=QX#a" variabletype="">vehicleModel</field>
                      </block>
                    </value>
                  </block>
                </value>
                <value name="outputColumn">
                  <block type="text" id=":mD%z-@?t@l+WZ*2t(%d">
                    <field name="TEXT">thirdPartyMinimumLoading</field>
                  </block>
                </value>
              </block>
            </value>
            <next>
              <block type="controls_if" id="d=q9B:nrZv_f7Wr+msCV">
                <mutation else="1"></mutation>
                <value name="IF0">
                  <block type="logic_compare" id="9uQ#n2l8JKJ?6x*plS(2">
                    <field name="OP">EQ</field>
                    <value name="A">
                      <block type="variables_get" id="/[ZeJ9YF%7hw0$y!x`g{">
                        <field name="VAR" id="`kS6@10pTISdB0LSjbn?" variabletype="">lookupValue</field>
                      </block>
                    </value>
                    <value name="B">
                      <block type="logic_null" id="-19EUpjQ7FeVm+1Rz)$b"></block>
                    </value>
                  </block>
                </value>
                <statement name="DO0">
                  <block type="variables_set" id="E[1IpudAc#c,Pn|aJ8{x">
                    <field name="VAR" id="VWo~NdVcXmE[vS6Q}64Q" variabletype="">privateMotorMakeModelMinimumLoadingPercent</field>
                    <value name="VALUE">
                      <block type="bignumber" id="[(b?-@NFukpm[eEf=m/P">
                        <field name="number">0</field>
                      </block>
                    </value>
                  </block>
                </statement>
                <statement name="ELSE">
                  <block type="variables_set" id="l)~-N@)f+LR$PZ@[_u`:">
                    <field name="VAR" id="VWo~NdVcXmE[vS6Q}64Q" variabletype="">privateMotorMakeModelMinimumLoadingPercent</field>
                    <value name="VALUE">
                      <block type="bignumberfromstring" id="}@,3R%N/FCzk|hBK;?IL">
                        <value name="number">
                          <block type="variables_get" id="(LK~~]#s:uhNe*$i[WM[">
                            <field name="VAR" id="`kS6@10pTISdB0LSjbn?" variabletype="">lookupValue</field>
                          </block>
                        </value>
                      </block>
                    </value>
                  </block>
                </statement>
              </block>
            </next>
          </block>
        </statement>
        <value name="IF2">
          <block type="logic_compare" id=":HA0u,C;1QLm/;V1EE2d">
            <field name="OP">EQ</field>
            <value name="A">
              <block type="variables_get" id="@NkD;cfrO`@)7qh{W!vn">
                <field name="VAR" id="))rI[A0J#b;HY0_n1O{m" variabletype="">coverType</field>
              </block>
            </value>
            <value name="B">
              <block type="text" id=";7b/K?msMe$79~hL8bxP">
                <field name="TEXT">third party fire and theft</field>
              </block>
            </value>
          </block>
        </value>
        <statement name="DO2">
          <block type="variables_set" id="FJWyog`DI:8Whl78OmpH">
            <field name="VAR" id="`kS6@10pTISdB0LSjbn?" variabletype="">lookupValue</field>
            <value name="VALUE">
              <block type="dataquery" id="(,/n%J{L=t[^c6h:4tXz">
                <value name="tableName">
                  <block type="text" id="xX*l=sFPy^{?(zv_%Gp9">
                    <field name="TEXT">hkPrivateMotorVehicle</field>
                  </block>
                </value>
                <value name="filterColumnNames">
                  <block type="lists_create_with" id="GlJj+u$Ez:]3@1qGkj}v">
                    <mutation items="2"></mutation>
                    <value name="ADD0">
                      <block type="text" id="WNU%Z*sSS=W92YBU@OuG">
                        <field name="TEXT">make</field>
                      </block>
                    </value>
                    <value name="ADD1">
                      <block type="text" id="L5YKk-i]k4QdH`_;had7">
                        <field name="TEXT">model</field>
                      </block>
                    </value>
                  </block>
                </value>
                <value name="filterColumnValues">
                  <block type="lists_create_with" id="WPUpfaMTBIJ3gF1?/;-W">
                    <mutation items="2"></mutation>
                    <value name="ADD0">
                      <block type="variables_get" id="Xs7GbeU^72KX~k9Mtb~o">
                        <field name="VAR" id="S+zAElBox(/5|WoEH[$N" variabletype="">vehicleMake</field>
                      </block>
                    </value>
                    <value name="ADD1">
                      <block type="variables_get" id="2:PoAL#.QxtB{BWG6DC4">
                        <field name="VAR" id="QPBh[c]yrXnjNXq=QX#a" variabletype="">vehicleModel</field>
                      </block>
                    </value>
                  </block>
                </value>
                <value name="outputColumn">
                  <block type="text" id="YZ?MGS7J8-r#JwkM:xlS">
                    <field name="TEXT">thirdPartyFireAndTheftMinimumLoading</field>
                  </block>
                </value>
              </block>
            </value>
            <next>
              <block type="controls_if" id="j6PtPCzW,?h3[nmV=(#U">
                <mutation else="1"></mutation>
                <value name="IF0">
                  <block type="logic_compare" id="u3I4*b{DcdOPWvP`/@fh">
                    <field name="OP">EQ</field>
                    <value name="A">
                      <block type="variables_get" id="Zt,zQ)%$@M_4`MCk7oC!">
                        <field name="VAR" id="`kS6@10pTISdB0LSjbn?" variabletype="">lookupValue</field>
                      </block>
                    </value>
                    <value name="B">
                      <block type="logic_null" id="|ESSI_0R6fBFFlio2#DK"></block>
                    </value>
                  </block>
                </value>
                <statement name="DO0">
                  <block type="variables_set" id="VlA+)Id1?2EaJl0PH:c!">
                    <field name="VAR" id="VWo~NdVcXmE[vS6Q}64Q" variabletype="">privateMotorMakeModelMinimumLoadingPercent</field>
                    <value name="VALUE">
                      <block type="bignumber" id="w-W]F646VjmOg.Vz%j[h">
                        <field name="number">0</field>
                      </block>
                    </value>
                  </block>
                </statement>
                <statement name="ELSE">
                  <block type="variables_set" id="w}:L$lAT+eXVM~Xe%7@#">
                    <field name="VAR" id="VWo~NdVcXmE[vS6Q}64Q" variabletype="">privateMotorMakeModelMinimumLoadingPercent</field>
                    <value name="VALUE">
                      <block type="bignumberfromstring" id="UHz37p;RRKfHUZ|ylv1B">
                        <value name="number">
                          <block type="variables_get" id="#q;]b%|5)~?v!*7n?K5u">
                            <field name="VAR" id="`kS6@10pTISdB0LSjbn?" variabletype="">lookupValue</field>
                          </block>
                        </value>
                      </block>
                    </value>
                  </block>
                </statement>
              </block>
            </next>
          </block>
        </statement>
        <next>
          <block type="variables_set" id="ppOUUKEmc2k963td!?H{">
            <field name="VAR" id="9;8|D1N6Qkk/2cKM44IW" variabletype="">privateMotorMakeModelLoadingAmount</field>
            <value name="VALUE">
              <block type="bignumbercalculation" id="BcW.t7llZU.$g6%ku+WS">
                <field name="operation">"times"</field>
                <value name="bigNumber1">
                  <block type="variables_get" id="f3PwFOfxR@x@dC$9x1{)">
                    <field name="VAR" id="Sw~d|.Ev-Uk8F:kQoq!_" variabletype="">inputPremium</field>
                  </block>
                </value>
                <value name="bigNumber2">
                  <block type="bignumberpercent" id="9*}#wg.9cA_+jJ{[Di5d">
                    <value name="bigNumber">
                      <block type="variables_get" id="_:Xbg;/~j,}zXDOLz]aQ">
                        <field name="VAR" id="VWo~NdVcXmE[vS6Q}64Q" variabletype="">privateMotorMakeModelMinimumLoadingPercent</field>
                      </block>
                    </value>
                  </block>
                </value>
              </block>
            </value>
          </block>
        </next>
      </block>
    </statement>
  </block>
  <block type="variables_get" id="b@@Oa,Uw;Sey!Dv]W/}H" x="368" y="-716">
    <field name="VAR" id="Sw~d|.Ev-Uk8F:kQoq!_" variabletype="">inputPremium</field>
  </block>
  <block type="text" id="L`bFXhio-LY/4QRz`Efz" x="376" y="-713">
    <field name="TEXT">Jockey</field>
  </block>
  <block type="procedures_defnoreturn" id="Q#$mTrPMKx^P(3i0xIm3" x="-1337" y="412">
    <mutation>
      <arg name="poorClaimRecordLoadingPercentage" varid="jW$=tNAKlwEHgp;P7pm)"></arg>
      <arg name="inputPremium" varid="Sw~d|.Ev-Uk8F:kQoq!_"></arg>
    </mutation>
    <field name="NAME">getPrivateMotorPoorClaimRecordLoading</field>
    <comment pinned="false" h="80" w="160">Describe this function...</comment>
    <statement name="STACK">
      <block type="variables_set" id="wZ0Hm0k|NI5`rBj,zi65">
        <field name="VAR" id="C1o:YcJc~,k6QRC#_F|^" variabletype="">privateMotorPoorClaimRecordLoadingPercent</field>
        <value name="VALUE">
          <block type="variables_get" id="8DxwBDAe=ArUA$uZzc6P">
            <field name="VAR" id="jW$=tNAKlwEHgp;P7pm)" variabletype="">poorClaimRecordLoadingPercentage</field>
          </block>
        </value>
        <next>
          <block type="variables_set" id="u4k$u~:U6{n#u*kKCVc9">
            <field name="VAR" id="a5U9d{mHmOL`2AS_,`11" variabletype="">privateMotorPoorClaimRecordLoadingAmount</field>
            <value name="VALUE">
              <block type="bignumbercalculation" id=".Q8HOS1T$`#cC;h4//)n">
                <field name="operation">"times"</field>
                <value name="bigNumber1">
                  <block type="variables_get" id="oQTo:(vyQY{=)k86qW`v">
                    <field name="VAR" id="Sw~d|.Ev-Uk8F:kQoq!_" variabletype="">inputPremium</field>
                  </block>
                </value>
                <value name="bigNumber2">
                  <block type="bignumberpercent" id="$i*GURQa[e@XpOl(HhnP">
                    <value name="bigNumber">
                      <block type="variables_get" id="cz_Oze(VpDfL-Ha[#Qs!">
                        <field name="VAR" id="C1o:YcJc~,k6QRC#_F|^" variabletype="">privateMotorPoorClaimRecordLoadingPercent</field>
                      </block>
                    </value>
                  </block>
                </value>
              </block>
            </value>
          </block>
        </next>
      </block>
    </statement>
  </block>
  <block type="procedures_defnoreturn" id="Bvt2HEY;zaaLFmtp|_Ap" x="-1338" y="563">
    <mutation>
      <arg name="coverType" varid="))rI[A0J#b;HY0_n1O{m"></arg>
      <arg name="allNamedDriverOccupations" varid="i6[(d4(miV=9YQ,6IJ2G"></arg>
      <arg name="inputPremium" varid="Sw~d|.Ev-Uk8F:kQoq!_"></arg>
    </mutation>
    <field name="NAME">getPrivateMotorUnpreferredOccupationLoading</field>
    <comment pinned="false" h="80" w="160">Describe this function...</comment>
    <statement name="STACK">
      <block type="controls_forEach" id="@ef-I+g##{G:|,}3Vc)0">
        <field name="VAR" id="gtFzZTZx6!d9j=o8%R02" variabletype="">occupationIndex</field>
        <value name="LIST">
          <block type="variables_get" id="_Q:nOx+%!^@]RJ|H=aL5">
            <field name="VAR" id="i6[(d4(miV=9YQ,6IJ2G" variabletype="">allNamedDriverOccupations</field>
          </block>
        </value>
        <statement name="DO">
          <block type="variables_set" id="L[#fPi63ocGT}=?G_#JH">
            <field name="VAR" id="0o)LGb?#v2AhvY.4G_T_" variabletype="">occupation</field>
            <value name="VALUE">
              <block type="variables_get" id="9B+!!VJ`RStxc;:9P!3=">
                <field name="VAR" id="gtFzZTZx6!d9j=o8%R02" variabletype="">occupationIndex</field>
              </block>
            </value>
            <next>
              <block type="controls_if" id="E?4Z{Rr6~SvRV@|p^ua8">
                <mutation elseif="1"></mutation>
                <value name="IF0">
                  <block type="logic_compare" id="(U@0?gwT5oXeGo~`w*FN">
                    <field name="OP">EQ</field>
                    <value name="A">
                      <block type="variables_get" id="2$V2P,]#bWy[bAPNZD].">
                        <field name="VAR" id="))rI[A0J#b;HY0_n1O{m" variabletype="">coverType</field>
                      </block>
                    </value>
                    <value name="B">
                      <block type="text" id="ZS`E19jpjLQt!H*;!LUx">
                        <field name="TEXT">comprehensive</field>
                      </block>
                    </value>
                  </block>
                </value>
                <statement name="DO0">
                  <block type="variables_set" id="~xOFZ06ikx3|mV2%{R4L">
                    <field name="VAR" id="z^}cmMX~#H_kL+:yBRCz" variabletype="">comprehensiveMinimumLoadingPercentage</field>
                    <value name="VALUE">
                      <block type="dataquery" id="!D!dHEhD%OpoQNw@W@6V">
                        <value name="tableName">
                          <block type="text" id="i*@#/_)+.i)MA`#edSb0">
                            <field name="TEXT">hkOccupation</field>
                          </block>
                        </value>
                        <value name="filterColumnNames">
                          <block type="lists_create_with" id="|;uf,kUd5Z`9G}lacVHA">
                            <mutation items="1"></mutation>
                            <value name="ADD0">
                              <block type="text" id="|,EyFF%a7HPy%5ic?VCE">
                                <field name="TEXT">occupation</field>
                              </block>
                            </value>
                          </block>
                        </value>
                        <value name="filterColumnValues">
                          <block type="lists_create_with" id="_(ZCNkkc.I4~ye3Z=ldH">
                            <mutation items="1"></mutation>
                            <value name="ADD0">
                              <block type="variables_get" id="u6o#?YlSl/k38Pw,Lttm">
                                <field name="VAR" id="0o)LGb?#v2AhvY.4G_T_" variabletype="">occupation</field>
                              </block>
                            </value>
                          </block>
                        </value>
                        <value name="outputColumn">
                          <block type="text" id="#g%hV8t[[KGegu4=H/S[">
                            <field name="TEXT">comprehensiveMinimumLoadingPercentage</field>
                          </block>
                        </value>
                      </block>
                    </value>
                    <next>
                      <block type="controls_if" id="qV}dXO(y+zpNo|,4j0Wo">
                        <mutation else="1"></mutation>
                        <value name="IF0">
                          <block type="logic_compare" id="bsr-0f]cJmU+u8CR$K7I">
                            <field name="OP">EQ</field>
                            <value name="A">
                              <block type="variables_get" id="gG_W@}kQ/hESORUDO[w0">
                                <field name="VAR" id="z^}cmMX~#H_kL+:yBRCz" variabletype="">comprehensiveMinimumLoadingPercentage</field>
                              </block>
                            </value>
                            <value name="B">
                              <block type="logic_null" id="X3:oET)V!}fKn-,KW{S;"></block>
                            </value>
                          </block>
                        </value>
                        <statement name="DO0">
                          <block type="variables_set" id="~3q0Ez_9L38`;U-tHKNu">
                            <field name="VAR" id=";8[H{!L_Fbtx)V6kFxRH" variabletype="">unpreferredOccupationLoadingPercent</field>
                            <value name="VALUE">
                              <block type="bignumber" id="TcDd+9X!/w8y4oXBASp)">
                                <field name="number">0</field>
                              </block>
                            </value>
                          </block>
                        </statement>
                        <statement name="ELSE">
                          <block type="variables_set" id="83Kr{UC]0])uC$Tkc;8D">
                            <field name="VAR" id=";8[H{!L_Fbtx)V6kFxRH" variabletype="">unpreferredOccupationLoadingPercent</field>
                            <value name="VALUE">
                              <block type="bignumberfromstring" id="mD:~bT)qRY?.Lb9%LUB|">
                                <value name="number">
                                  <block type="variables_get" id="-2whXq#?xs01i6rN[O/6">
                                    <field name="VAR" id="z^}cmMX~#H_kL+:yBRCz" variabletype="">comprehensiveMinimumLoadingPercentage</field>
                                  </block>
                                </value>
                              </block>
                            </value>
                          </block>
                        </statement>
                      </block>
                    </next>
                  </block>
                </statement>
                <value name="IF1">
                  <block type="logic_compare" id="Gk6$VFl=c{-G!j*SEcRC">
                    <field name="OP">EQ</field>
                    <value name="A">
                      <block type="variables_get" id="7aP,Za9ztI@#1Xb)r-[2">
                        <field name="VAR" id="))rI[A0J#b;HY0_n1O{m" variabletype="">coverType</field>
                      </block>
                    </value>
                    <value name="B">
                      <block type="text" id="YYrV}?+B3h@5]_]e}FU@">
                        <field name="TEXT">third party only</field>
                      </block>
                    </value>
                  </block>
                </value>
                <statement name="DO1">
                  <block type="variables_set" id="sHDe*IwQaS[~A9J3MR_?">
                    <field name="VAR" id="K/Q-(GCVAY8c;{]I:^kM" variabletype="">thirdPartyMinimumLoadingPercentage</field>
                    <value name="VALUE">
                      <block type="dataquery" id="6]-$i@RJUS^[Vte10$eR">
                        <value name="tableName">
                          <block type="text" id="Lce:$*.qk(jX4#)}:uU#">
                            <field name="TEXT">hkOccupation</field>
                          </block>
                        </value>
                        <value name="filterColumnNames">
                          <block type="lists_create_with" id="r}q`VW?Dd|{du6m~2|T|">
                            <mutation items="1"></mutation>
                            <value name="ADD0">
                              <block type="text" id="^[.YV:F54a%HGZ5;#+@e">
                                <field name="TEXT">occupation</field>
                              </block>
                            </value>
                          </block>
                        </value>
                        <value name="filterColumnValues">
                          <block type="lists_create_with" id="Mmj/*r%grzJ9kzws)+c}">
                            <mutation items="1"></mutation>
                            <value name="ADD0">
                              <block type="variables_get" id="uTGK,G7`SVrr*h+2G=YE">
                                <field name="VAR" id="0o)LGb?#v2AhvY.4G_T_" variabletype="">occupation</field>
                              </block>
                            </value>
                          </block>
                        </value>
                        <value name="outputColumn">
                          <block type="text" id="PXoyV1,NbqI4I274{H^S">
                            <field name="TEXT">thirdPartyMinimumLoadingPercentage</field>
                          </block>
                        </value>
                      </block>
                    </value>
                    <next>
                      <block type="controls_if" id="GTpB4=38#5#ptKD80YbT">
                        <mutation else="1"></mutation>
                        <value name="IF0">
                          <block type="logic_compare" id="IA1i3:Sz`SOyn`ce3r/J">
                            <field name="OP">EQ</field>
                            <value name="A">
                              <block type="variables_get" id=";3fNS_EJ(v%9HP8`QU#e">
                                <field name="VAR" id="K/Q-(GCVAY8c;{]I:^kM" variabletype="">thirdPartyMinimumLoadingPercentage</field>
                              </block>
                            </value>
                            <value name="B">
                              <block type="logic_null" id="P_k{HdyKF(qtEh%*e|HW"></block>
                            </value>
                          </block>
                        </value>
                        <statement name="DO0">
                          <block type="variables_set" id="dE#}*bR80/YM5H6Q!AL-">
                            <field name="VAR" id=";8[H{!L_Fbtx)V6kFxRH" variabletype="">unpreferredOccupationLoadingPercent</field>
                            <value name="VALUE">
                              <block type="bignumber" id="HGZ)Q#eGzpFU/quGhZGp">
                                <field name="number">0</field>
                              </block>
                            </value>
                          </block>
                        </statement>
                        <statement name="ELSE">
                          <block type="variables_set" id="i.@ZRJ5%5d=+ZuEN2C,l">
                            <field name="VAR" id=";8[H{!L_Fbtx)V6kFxRH" variabletype="">unpreferredOccupationLoadingPercent</field>
                            <value name="VALUE">
                              <block type="bignumberfromstring" id="T9YlP[PY[RdBM(2ib/=w">
                                <value name="number">
                                  <block type="variables_get" id="hR?oiSny,({po4n_(FZJ">
                                    <field name="VAR" id="K/Q-(GCVAY8c;{]I:^kM" variabletype="">thirdPartyMinimumLoadingPercentage</field>
                                  </block>
                                </value>
                              </block>
                            </value>
                          </block>
                        </statement>
                      </block>
                    </next>
                  </block>
                </statement>
                <next>
                  <block type="variables_set" id="b0!H+_Xz`%nU;h@|4ahu">
                    <field name="VAR" id="ljWM}nrC8^f2eyZ#@Cuf" variabletype="">unpreferredOccupationLoadingAmount</field>
                    <value name="VALUE">
                      <block type="bignumbercalculation" id="@0oBRsu46`]02EhoLi3)">
                        <field name="operation">"times"</field>
                        <value name="bigNumber1">
                          <block type="variables_get" id="J^DK[z^7;uk0[Us/IlTv">
                            <field name="VAR" id="Sw~d|.Ev-Uk8F:kQoq!_" variabletype="">inputPremium</field>
                          </block>
                        </value>
                        <value name="bigNumber2">
                          <block type="bignumberpercent" id="XRG^@~aduI*ZktfQ:T24">
                            <value name="bigNumber">
                              <block type="variables_get" id="#p6{]=f--r^p|adqPl)Z">
                                <field name="VAR" id=";8[H{!L_Fbtx)V6kFxRH" variabletype="">unpreferredOccupationLoadingPercent</field>
                              </block>
                            </value>
                          </block>
                        </value>
                      </block>
                    </value>
                  </block>
                </next>
              </block>
            </next>
          </block>
        </statement>
      </block>
    </statement>
  </block>
  <block type="procedures_defnoreturn" id="+?oYHYlb5=tuLR8nU~#1" x="-1363" y="1362">
    <mutation>
      <arg name="coverType" varid="))rI[A0J#b;HY0_n1O{m"></arg>
      <arg name="manufactureYear" varid="kOyEgwScYtIg#E^a[/OS"></arg>
      <arg name="inputPremium" varid="Sw~d|.Ev-Uk8F:kQoq!_"></arg>
    </mutation>
    <field name="NAME">getPrivateMotorOldAgeVehicleLoading</field>
    <comment pinned="false" h="80" w="160">Describe this function...</comment>
    <statement name="STACK">
      <block type="controls_if" id="i%Ve==QXdw)-LxlPZf%b">
        <mutation elseif="2"></mutation>
        <value name="IF0">
          <block type="logic_compare" id="r$%meg$7X1THkdLsQdH5">
            <field name="OP">EQ</field>
            <value name="A">
              <block type="variables_get" id="OwRw4WUoK{7Q.`n#_$%9">
                <field name="VAR" id="))rI[A0J#b;HY0_n1O{m" variabletype="">coverType</field>
              </block>
            </value>
            <value name="B">
              <block type="text" id="H5}K9rco^c[{$[vfpvCi">
                <field name="TEXT">comprehensive</field>
              </block>
            </value>
          </block>
        </value>
        <statement name="DO0">
          <block type="variables_set" id="zz}6@A2H,I=m90bH5_;n">
            <field name="VAR" id="EN~;n4py1`(_SvKgw)NH" variabletype="">privateMotorOldAgeVehicleLoadingPercent</field>
            <value name="VALUE">
              <block type="bignumber" id="fRz1HrC8y/5}B3o[P*5-">
                <field name="number">0</field>
              </block>
            </value>
          </block>
        </statement>
        <value name="IF1">
          <block type="logic_compare" id="gS(d)?Gl,t4^VIEN(Yf%">
            <field name="OP">EQ</field>
            <value name="A">
              <block type="variables_get" id="wSO(;3CS?bYJlvb,sC_0">
                <field name="VAR" id="))rI[A0J#b;HY0_n1O{m" variabletype="">coverType</field>
              </block>
            </value>
            <value name="B">
              <block type="text" id="1.~^p|Azehfx7QAM1%u)">
                <field name="TEXT">third party only</field>
              </block>
            </value>
          </block>
        </value>
        <statement name="DO1">
          <block type="controls_if" id="d4]hhi6zGlUc,Y2Q2w]@">
            <value name="IF0">
              <block type="logic_compare" id="@YOUc5~QO*DopQfF2/z/">
                <field name="OP">GT</field>
                <value name="A">
                  <block type="bignumbercalculation" id="?ybXDS!T_m5K1VesV2Fx">
                    <field name="operation">"minus"</field>
                    <value name="bigNumber1">
                      <block type="bignumberfromstring" id="8oR.bLQ-i2=S_mEY9-jV">
                        <value name="number">
                          <block type="currentyear" id="G3nb5Ki~Tbb$zxz,+9G)"></block>
                        </value>
                      </block>
                    </value>
                    <value name="bigNumber2">
                      <block type="variables_get" id="%MJ{egbFdb9q.DFM_aR!">
                        <field name="VAR" id="kOyEgwScYtIg#E^a[/OS" variabletype="">manufactureYear</field>
                      </block>
                    </value>
                  </block>
                </value>
                <value name="B">
                  <block type="bignumber" id=")Di,5DQmVPnQ]*.OB32L">
                    <field name="number">14</field>
                  </block>
                </value>
              </block>
            </value>
            <statement name="DO0">
              <block type="variables_set" id="wHbf-dM3^Pk%1Z--|V-q">
                <field name="VAR" id="EN~;n4py1`(_SvKgw)NH" variabletype="">privateMotorOldAgeVehicleLoadingPercent</field>
                <value name="VALUE">
                  <block type="bignumber" id="kR[@]]YL5=*XLJyQs4Mb">
                    <field name="number">25</field>
                  </block>
                </value>
              </block>
            </statement>
          </block>
        </statement>
        <value name="IF2">
          <block type="logic_compare" id="[#nO*xxqYLJ.bIiqYzW-">
            <field name="OP">EQ</field>
            <value name="A">
              <block type="variables_get" id="Bi(bU)~$X[Ju=gA`Ny$4">
                <field name="VAR" id="))rI[A0J#b;HY0_n1O{m" variabletype="">coverType</field>
              </block>
            </value>
            <value name="B">
              <block type="text" id="E@C3Nt+r64f%=YO|7E3k">
                <field name="TEXT">third party fire and theft</field>
              </block>
            </value>
          </block>
        </value>
        <statement name="DO2">
          <block type="controls_if" id="em0W5@hmdeR[Eq(mJkxO">
            <value name="IF0">
              <block type="logic_compare" id="~y)p^WjdI#3;b%GU5KNX">
                <field name="OP">GT</field>
                <value name="A">
                  <block type="bignumbercalculation" id="+gawz~`l#7w7RG]ro9%l">
                    <field name="operation">"minus"</field>
                    <value name="bigNumber1">
                      <block type="bignumberfromstring" id="X5naS7*2eWf2.@d7x~#}">
                        <value name="number">
                          <block type="currentyear" id="I69np(n,yPh9}!,4a[Zx"></block>
                        </value>
                      </block>
                    </value>
                    <value name="bigNumber2">
                      <block type="variables_get" id="(RmCb~TIyX}VDe2:vMw0">
                        <field name="VAR" id="kOyEgwScYtIg#E^a[/OS" variabletype="">manufactureYear</field>
                      </block>
                    </value>
                  </block>
                </value>
                <value name="B">
                  <block type="bignumber" id="lZ9mFqB[;@%:};qZ+DK]">
                    <field name="number">14</field>
                  </block>
                </value>
              </block>
            </value>
            <statement name="DO0">
              <block type="variables_set" id="!.Sjg1yR{MU5}?FZOCw4">
                <field name="VAR" id="EN~;n4py1`(_SvKgw)NH" variabletype="">privateMotorOldAgeVehicleLoadingPercent</field>
                <value name="VALUE">
                  <block type="bignumber" id="Y95Kk(@%xy%0^S`VWVi,">
                    <field name="number">25</field>
                  </block>
                </value>
              </block>
            </statement>
          </block>
        </statement>
        <next>
          <block type="variables_set" id="+TPj?Vxv=R,{T_J@a2ie">
            <field name="VAR" id="g1jIX8r2d:GOR*:z8mW^" variabletype="">privateMotorOldAgeVehicleLoadingAmount</field>
            <value name="VALUE">
              <block type="bignumbercalculation" id="3;69)YyQ+P6eLCZ|`bHA">
                <field name="operation">"times"</field>
                <value name="bigNumber1">
                  <block type="variables_get" id=".!vRQmmNoOCID_I#V[,A">
                    <field name="VAR" id="Sw~d|.Ev-Uk8F:kQoq!_" variabletype="">inputPremium</field>
                  </block>
                </value>
                <value name="bigNumber2">
                  <block type="bignumberpercent" id="V{hh6`H}aAu7Lp;i0Mg:">
                    <value name="bigNumber">
                      <block type="variables_get" id="p5,pOYfp#%zA,*^w{H)`">
                        <field name="VAR" id="EN~;n4py1`(_SvKgw)NH" variabletype="">privateMotorOldAgeVehicleLoadingPercent</field>
                      </block>
                    </value>
                  </block>
                </value>
              </block>
            </value>
          </block>
        </next>
      </block>
    </statement>
  </block>
  <block type="procedures_defnoreturn" id="rm.*guc:CB$T@_ZWrzg/" x="-1338" y="1988">
    <mutation>
      <arg name="inputPremium" varid="Sw~d|.Ev-Uk8F:kQoq!_"></arg>
      <arg name="coverType" varid="))rI[A0J#b;HY0_n1O{m"></arg>
      <arg name="businessCategory" varid="QIjA)o~I;Z[[Rzc]eeSQ"></arg>
    </mutation>
    <field name="NAME">getPrivateMotorUnpreferredBusinessCategoryLoading</field>
    <comment pinned="false" h="80" w="160">Describe this function...</comment>
    <statement name="STACK">
      <block type="controls_if" id="nwbujdZCjn_d_exuc~R.">
        <mutation else="1"></mutation>
        <value name="IF0">
          <block type="logic_compare" id="iyZkO}nQu`FVJ1KQA*ky">
            <field name="OP">NEQ</field>
            <value name="A">
              <block type="variables_get" id="Saa+T3*AKBgI,a?Iv(=)">
                <field name="VAR" id="QIjA)o~I;Z[[Rzc]eeSQ" variabletype="">businessCategory</field>
              </block>
            </value>
            <value name="B">
              <block type="logic_null" id="0e_vZbA{2RkIQB?^El`~"></block>
            </value>
          </block>
        </value>
        <statement name="DO0">
          <block type="controls_if" id="e)6Bz^D{v2C;ZVr~o2$/">
            <mutation elseif="1"></mutation>
            <value name="IF0">
              <block type="logic_compare" id="ErZ}/jwt!Qb:zF@9W~v/">
                <field name="OP">EQ</field>
                <value name="A">
                  <block type="variables_get" id="v)[+!qSJ*..i~gzFpJD+">
                    <field name="VAR" id="))rI[A0J#b;HY0_n1O{m" variabletype="">coverType</field>
                  </block>
                </value>
                <value name="B">
                  <block type="text" id="9k.Pm)lX]c9=Zc~RO,jE">
                    <field name="TEXT">comprehensive</field>
                  </block>
                </value>
              </block>
            </value>
            <statement name="DO0">
              <block type="variables_set" id="nWy%??9#:.S~j~V9=5eh">
                <field name="VAR" id="z^}cmMX~#H_kL+:yBRCz" variabletype="">comprehensiveMinimumLoadingPercentage</field>
                <value name="VALUE">
                  <block type="dataquery" id="D|9sUQsOv:E6.F5VI7{T">
                    <value name="tableName">
                      <block type="text" id="of{1#+,j.,k:hY/WswX{">
                        <field name="TEXT">hkBusinessCategory</field>
                      </block>
                    </value>
                    <value name="filterColumnNames">
                      <block type="lists_create_with" id="`(.}1:!b2S`m[Jlr+-N0">
                        <mutation items="1"></mutation>
                        <value name="ADD0">
                          <block type="text" id="ig9-w(qF`:XaZyX2:+7C">
                            <field name="TEXT">businessCategory</field>
                          </block>
                        </value>
                      </block>
                    </value>
                    <value name="filterColumnValues">
                      <block type="lists_create_with" id="`5c`,MA}s1K0CH*u+u/%">
                        <mutation items="1"></mutation>
                      </block>
                    </value>
                    <value name="outputColumn">
                      <block type="text" id="r2Ye8)@~i^N1zl41G1-Q">
                        <field name="TEXT">comprehensiveMinimumLoadingPercentage</field>
                      </block>
                    </value>
                  </block>
                </value>
                <next>
                  <block type="controls_if" id="VEulNtL,=5/0.PP0z):o">
                    <mutation else="1"></mutation>
                    <value name="IF0">
                      <block type="logic_compare" id=")lDizG)V9cHzqLpD%0~%">
                        <field name="OP">EQ</field>
                        <value name="A">
                          <block type="variables_get" id="X7.h.CZkS-$uYCZAc/je">
                            <field name="VAR" id="z^}cmMX~#H_kL+:yBRCz" variabletype="">comprehensiveMinimumLoadingPercentage</field>
                          </block>
                        </value>
                        <value name="B">
                          <block type="logic_null" id="l3JVfV[%%i2kuT{2pPt9"></block>
                        </value>
                      </block>
                    </value>
                    <statement name="DO0">
                      <block type="variables_set" id="nW@/a`;kDaa~tLXX*hfJ">
                        <field name="VAR" id="kc=1`V|Jr4P%@c#sD^v%" variabletype="">unpreferredBusinessCategoryLoadingPercent</field>
                        <value name="VALUE">
                          <block type="bignumber" id="QicNCVgkC{0[fxSp+HY(">
                            <field name="number">0</field>
                          </block>
                        </value>
                      </block>
                    </statement>
                    <statement name="ELSE">
                      <block type="variables_set" id="FbfaRLymP.FUBw0y|mdv">
                        <field name="VAR" id="kc=1`V|Jr4P%@c#sD^v%" variabletype="">unpreferredBusinessCategoryLoadingPercent</field>
                        <value name="VALUE">
                          <block type="bignumberfromstring" id="Feu#-ZkvO,|y`F{iX0R2">
                            <value name="number">
                              <block type="variables_get" id="YbLl5:gL)8?`kB:]VWq0">
                                <field name="VAR" id="z^}cmMX~#H_kL+:yBRCz" variabletype="">comprehensiveMinimumLoadingPercentage</field>
                              </block>
                            </value>
                          </block>
                        </value>
                      </block>
                    </statement>
                  </block>
                </next>
              </block>
            </statement>
            <value name="IF1">
              <block type="logic_compare" id="e~Kvp3BbCBF/LQ!DSX*{">
                <field name="OP">EQ</field>
                <value name="A">
                  <block type="variables_get" id="7:K*CAM=8lU*C+j.#!j[">
                    <field name="VAR" id="))rI[A0J#b;HY0_n1O{m" variabletype="">coverType</field>
                  </block>
                </value>
                <value name="B">
                  <block type="text" id="IBuJ3E[^h:Z)6Uu]A0@I">
                    <field name="TEXT">third party only</field>
                  </block>
                </value>
              </block>
            </value>
            <statement name="DO1">
              <block type="variables_set" id=":`RXaxsxk{F9kD(GLcV*">
                <field name="VAR" id="K/Q-(GCVAY8c;{]I:^kM" variabletype="">thirdPartyMinimumLoadingPercentage</field>
                <value name="VALUE">
                  <block type="dataquery" id="I]ColXf+v?]otgnb]Jek">
                    <value name="tableName">
                      <block type="text" id="^M@CyqNiM,k9GFsmgoU)">
                        <field name="TEXT">hkBusinessCategory</field>
                      </block>
                    </value>
                    <value name="filterColumnNames">
                      <block type="lists_create_with" id="7938a{Z9pr=aZGerzryC">
                        <mutation items="1"></mutation>
                        <value name="ADD0">
                          <block type="text" id="mMZjE5f3G9l3E($voHzW">
                            <field name="TEXT">businessCategory</field>
                          </block>
                        </value>
                      </block>
                    </value>
                    <value name="filterColumnValues">
                      <block type="lists_create_with" id="n_=)]/OX2E^,p`G{JTI*">
                        <mutation items="1"></mutation>
                      </block>
                    </value>
                    <value name="outputColumn">
                      <block type="text" id=";,;~.#.c^:MM:!!_7U[8">
                        <field name="TEXT">thirdPartyMinimumLoadingPercentage</field>
                      </block>
                    </value>
                  </block>
                </value>
                <next>
                  <block type="controls_if" id="_iSg!,/!+%wXeWWMkFC1">
                    <mutation else="1"></mutation>
                    <value name="IF0">
                      <block type="logic_compare" id=";Vu@3/!QZ_BP;h5q6l:;">
                        <field name="OP">EQ</field>
                        <value name="A">
                          <block type="variables_get" id="IsO]BnBLBaXVrSlGtJ=Z">
                            <field name="VAR" id="K/Q-(GCVAY8c;{]I:^kM" variabletype="">thirdPartyMinimumLoadingPercentage</field>
                          </block>
                        </value>
                        <value name="B">
                          <block type="logic_null" id="F:m1JVTohAFu#E${*!M:"></block>
                        </value>
                      </block>
                    </value>
                    <statement name="DO0">
                      <block type="variables_set" id="R7F#8oTSccx89jKK9o%v">
                        <field name="VAR" id="kc=1`V|Jr4P%@c#sD^v%" variabletype="">unpreferredBusinessCategoryLoadingPercent</field>
                        <value name="VALUE">
                          <block type="bignumber" id="Pqb:mbZ,yXB^{j[++q-J">
                            <field name="number">0</field>
                          </block>
                        </value>
                      </block>
                    </statement>
                    <statement name="ELSE">
                      <block type="variables_set" id="!(b?X5sC{l!n{N5JgKEF">
                        <field name="VAR" id="kc=1`V|Jr4P%@c#sD^v%" variabletype="">unpreferredBusinessCategoryLoadingPercent</field>
                        <value name="VALUE">
                          <block type="bignumberfromstring" id="t{qSxUzc1~=A)B1d:$Vd">
                            <value name="number">
                              <block type="variables_get" id="4j|h,SVhLol`8ciM.a4r">
                                <field name="VAR" id="K/Q-(GCVAY8c;{]I:^kM" variabletype="">thirdPartyMinimumLoadingPercentage</field>
                              </block>
                            </value>
                          </block>
                        </value>
                      </block>
                    </statement>
                  </block>
                </next>
              </block>
            </statement>
          </block>
        </statement>
        <statement name="ELSE">
          <block type="variables_set" id="JPCfgl`5p113(kUiAtW@">
            <field name="VAR" id="kc=1`V|Jr4P%@c#sD^v%" variabletype="">unpreferredBusinessCategoryLoadingPercent</field>
            <value name="VALUE">
              <block type="bignumber" id=")ljA[{favUlFTIecC?B`">
                <field name="number">0</field>
              </block>
            </value>
          </block>
        </statement>
        <next>
          <block type="variables_set" id="Mz-,47.9#LGX+0Xr:n7t">
            <field name="VAR" id="N8lH#d)Kl=pCfII]Ivxa" variabletype="">unpreferredBusinessCategoryLoadingAmount</field>
            <value name="VALUE">
              <block type="bignumbercalculation" id="h1%Dcsocnw%(0aG|B{yB">
                <field name="operation">"times"</field>
                <value name="bigNumber1">
                  <block type="variables_get" id="n/4=Zic3|l*Z,pu;ukOb">
                    <field name="VAR" id="Sw~d|.Ev-Uk8F:kQoq!_" variabletype="">inputPremium</field>
                  </block>
                </value>
                <value name="bigNumber2">
                  <block type="bignumberpercent" id="K=5esSx==3yjPq^qO9k|">
                    <value name="bigNumber">
                      <block type="variables_get" id="qqWx$u(vE8bZH6al+)Rd">
                        <field name="VAR" id="kc=1`V|Jr4P%@c#sD^v%" variabletype="">unpreferredBusinessCategoryLoadingPercent</field>
                      </block>
                    </value>
                  </block>
                </value>
              </block>
            </value>
          </block>
        </next>
      </block>
    </statement>
  </block>
</xml>