<xml xmlns="http://www.w3.org/1999/xhtml">
  <variables>
    <variable type="" id="~;_7Un_02~g``jv6)^i+">clientDiscountPercent</variable>
    <variable type="" id="(,PPsxoa=J4J5Oc`0E{s">inputPremium</variable>
    <variable type="" id="(oNoMZDl+H*F9(!SIp8W">clientDiscountAmount</variable>
    <variable type="" id=".Z;%vS]BRf?o30it0SiR">clientDiscountPremium</variable>
  </variables>
  <block type="procedures_defnoreturn" id="RS8;Li22!M]OlDz+9rLB" x="-138" y="63">
    <mutation>
      <arg name="clientDiscountPercent" varid="~;_7Un_02~g``jv6)^i+"></arg>
      <arg name="inputPremium" varid="(,PPsxoa=J4J5Oc`0E{s"></arg>
    </mutation>
    <field name="NAME">getClientDiscount</field>
    <comment pinned="false" h="80" w="160">Describe this function...</comment>
    <statement name="STACK">
      <block type="variables_set" id="bJAjYXN0O??q3|M9/:x7">
        <field name="VAR" id="(oNoMZDl+H*F9(!SIp8W" variabletype="">clientDiscountAmount</field>
        <value name="VALUE">
          <block type="bignumbercalculation" id="}bV6^atZuO(P,m#Lzco.">
            <field name="operation">"times"</field>
            <value name="bigNumber1">
              <block type="bignumbercalculation" id="T$!U{{9bd5Ox%#Z._dq=">
                <field name="operation">"dividedBy"</field>
                <value name="bigNumber1">
                  <block type="variables_get" id="CW}6^(,.ldt7wEU]Yotb">
                    <field name="VAR" id="~;_7Un_02~g``jv6)^i+" variabletype="">clientDiscountPercent</field>
                  </block>
                </value>
                <value name="bigNumber2">
                  <block type="bignumber" id="JlbJ[14rfa))IbC)39IM">
                    <field name="number">100</field>
                  </block>
                </value>
              </block>
            </value>
            <value name="bigNumber2">
              <block type="variables_get" id=":S5f:vWC#vMF),.yi%pg">
                <field name="VAR" id="(,PPsxoa=J4J5Oc`0E{s" variabletype="">inputPremium</field>
              </block>
            </value>
          </block>
        </value>
      </block>
    </statement>
  </block>
  <block type="variables_set" id="+PIc1+faeA(DFu_6;gm;" x="787" y="38">
    <field name="VAR" id="(,PPsxoa=J4J5Oc`0E{s" variabletype="">inputPremium</field>
    <value name="VALUE">
      <block type="bignumber" id="{5jq7:y/J]2U`t%musCV">
        <field name="number">9600</field>
      </block>
    </value>
    <next>
      <block type="procedures_callnoreturn" id="#]0zjO3_s.j)Ru?DBR@p">
        <mutation name="getClientDiscount">
          <arg name="clientDiscountPercent"></arg>
          <arg name="inputPremium"></arg>
        </mutation>
        <value name="ARG0">
          <block type="bignumber" id="Un^JcSU=CV%n?ii-(Q5Z">
            <field name="number">10</field>
          </block>
        </value>
        <value name="ARG1">
          <block type="variables_get" id="1VYE8Jx)L/L:Gv$h|3B4">
            <field name="VAR" id="(,PPsxoa=J4J5Oc`0E{s" variabletype="">inputPremium</field>
          </block>
        </value>
        <next>
          <block type="variables_set" id="[+02H?K=ZWW2pY,7C:J=">
            <field name="VAR" id=".Z;%vS]BRf?o30it0SiR" variabletype="">clientDiscountPremium</field>
            <value name="VALUE">
              <block type="bignumbercalculation" id="Mx|@t##Ag|F5$=EDn3uh">
                <field name="operation">"minus"</field>
                <value name="bigNumber1">
                  <block type="variables_get" id="Wwtk@VmS*%7AZjY?kzTZ">
                    <field name="VAR" id="(,PPsxoa=J4J5Oc`0E{s" variabletype="">inputPremium</field>
                  </block>
                </value>
                <value name="bigNumber2">
                  <block type="variables_get" id="QpCKc;b4S(95JvP?;vyV">
                    <field name="VAR" id="(oNoMZDl+H*F9(!SIp8W" variabletype="">clientDiscountAmount</field>
                  </block>
                </value>
              </block>
            </value>
          </block>
        </next>
      </block>
    </next>
  </block>
</xml>