<xml xmlns="http://www.w3.org/1999/xhtml">
  <variables>
    <variable type="" id="42RbI4nxl9vAhrPgeFbQ">includeChinaExtension</variable>
    <variable type="" id="yXrGORoU-K{=8kDWcq8#">inputPremium</variable>
    <variable type="" id="H4Igg7XYY7:Nn61jy0b#">thirdPartyPropertyDamageLimit</variable>
    <variable type="" id="i^/Xp%a{u]*SA`amId_F">includeSrcc</variable>
    <variable type="" id="}+Nz:355nJJ,y6#61RbI">insuredValue</variable>
    <variable type="" id="E*C)_K:ehuoeof#X#z7n">includeCaravanTrailers</variable>
    <variable type="" id="s,9_7FMnp#Fy_EU2r=SG">coverType</variable>
    <variable type="" id="}}89#|Zau$5#qo$RvB2g">includeLuggageTrailers</variable>
    <variable type="" id="Fg5;4}qc?hLXDYZFGe%,">thirdPartyOnlyPremium</variable>
    <variable type="" id="OC#4nnKb$w}?71d.%$vI">lookupValue</variable>
    <variable type="" id="G%j=Y75CFfRsx(fi7_A4">chinaExtensionsLoadingPercent</variable>
    <variable type="" id="`=2u;gYhPqq9wRcdPHkV">chinaExtensionsLoadingAmount</variable>
    <variable type="" id="BpSzWt24Y$`NErq=`TPE">srccLoadingAmount</variable>
    <variable type="" id="`(F@;2q.eH*;`Fy}9byI">srccLoadingPercent</variable>
    <variable type="" id="HPx}dD0gdvd}o;X8P=a@">caravanTrailersLoadingAmount</variable>
    <variable type="" id="DkI1adGg[yms4/`@+ZpM">caravanTrailersLoadingPercent</variable>
    <variable type="" id="+.MGQ0le]}y:S5lesF+*">luggageTrailersLoadingAmount</variable>
    <variable type="" id="dgBptmHPYM-hR9}KQ+_K">luggageTrailersLoadingPercent</variable>
    <variable type="" id="@2M|hy/EUVHnJ[{(12iO">increasedThridPartyPropertyDamagePercent</variable>
    <variable type="" id="wT_njVF-L.x0w5*SLQOk">increasedThridPartyPropertyDamageAmount</variable>
    <variable type="" id="69X4MbG;P;HDpx(]?aHX">additionalExtensionsBenefitAmount</variable>
    <variable type="" id="JpJlv%A_FN~J;Tg[V$Ej">additionalExtensionsBenefitPercent</variable>
    <variable type="" id=".l:mMlT~=)fB(NV;/sxC">additionalExtensionsBenefitPremium</variable>
  </variables>
  <block type="procedures_defnoreturn" id="]6sgy3[~EtUJrU]G{^u$" x="-187" y="13">
    <mutation>
      <arg name="includeChinaExtension" varid="42RbI4nxl9vAhrPgeFbQ"></arg>
      <arg name="inputPremium" varid="yXrGORoU-K{=8kDWcq8#"></arg>
    </mutation>
    <field name="NAME">getChinaExtensionsLoading</field>
    <comment pinned="false" h="80" w="160">Describe this function...</comment>
    <statement name="STACK">
      <block type="controls_if" id="Y(Q`fiQ,ia|uSSRtgSX_">
        <mutation else="1"></mutation>
        <value name="IF0">
          <block type="variables_get" id="*96nA5?bpILD(7?7sQg@">
            <field name="VAR" id="42RbI4nxl9vAhrPgeFbQ" variabletype="">includeChinaExtension</field>
          </block>
        </value>
        <statement name="DO0">
          <block type="variables_set" id="ANs?6xcUxo8a+]Rw()xa">
            <field name="VAR" id="G%j=Y75CFfRsx(fi7_A4" variabletype="">chinaExtensionsLoadingPercent</field>
            <value name="VALUE">
              <block type="bignumber" id=")G}`n5[.2l}$zWpiNP;!">
                <field name="number">15</field>
              </block>
            </value>
          </block>
        </statement>
        <statement name="ELSE">
          <block type="variables_set" id="uuqWnFT|12add{6AiNzG">
            <field name="VAR" id="G%j=Y75CFfRsx(fi7_A4" variabletype="">chinaExtensionsLoadingPercent</field>
            <value name="VALUE">
              <block type="bignumber" id="$-S(~CODZ5PMgng|FRMi">
                <field name="number">0</field>
              </block>
            </value>
          </block>
        </statement>
        <next>
          <block type="variables_set" id="9I*dTQX}B:1HU68g1S~P">
            <field name="VAR" id="`=2u;gYhPqq9wRcdPHkV" variabletype="">chinaExtensionsLoadingAmount</field>
            <value name="VALUE">
              <block type="bignumbercalculation" id="dVwAl$~yjZhBA|xwV/WH">
                <field name="operation">"times"</field>
                <value name="bigNumber1">
                  <block type="variables_get" id="PF:FJA?,o8;NGM5iLDOf">
                    <field name="VAR" id="yXrGORoU-K{=8kDWcq8#" variabletype="">inputPremium</field>
                  </block>
                </value>
                <value name="bigNumber2">
                  <block type="bignumberpercent" id="qV0;3k[A3P/1/Ssw:]oE">
                    <value name="bigNumber">
                      <block type="variables_get" id="?/!7rG(m/%C,{R)vs(2s">
                        <field name="VAR" id="G%j=Y75CFfRsx(fi7_A4" variabletype="">chinaExtensionsLoadingPercent</field>
                      </block>
                    </value>
                  </block>
                </value>
              </block>
            </value>
          </block>
        </next>
      </block>
    </statement>
  </block>
  <block type="variables_set" id="GtMtpE|wtLaLU)Ta%E$w" x="738" y="13">
    <field name="VAR" id="H4Igg7XYY7:Nn61jy0b#" variabletype="">thirdPartyPropertyDamageLimit</field>
    <value name="VALUE">
      <block type="bignumber" id="LJ#bu776X]AR^cQ0!xb=">
        <field name="number">5000000</field>
      </block>
    </value>
    <next>
      <block type="variables_set" id="SLF4Ms1oD,GNQ5+;Vl=m">
        <field name="VAR" id="}+Nz:355nJJ,y6#61RbI" variabletype="">insuredValue</field>
        <value name="VALUE">
          <block type="bignumber" id="xg,[cF`Mw%ETjwt=JbHq">
            <field name="number">100000</field>
          </block>
        </value>
        <next>
          <block type="variables_set" id="iy^ZJO=bgSMeh*B+B3.f">
            <field name="VAR" id="yXrGORoU-K{=8kDWcq8#" variabletype="">inputPremium</field>
            <value name="VALUE">
              <block type="bignumber" id="Ry?l(hC#:-6L=5?DRi1-">
                <field name="number">9600</field>
              </block>
            </value>
            <next>
              <block type="variables_set" id=":J8A9rsYYEr4`X9w5RN?">
                <field name="VAR" id="Fg5;4}qc?hLXDYZFGe%," variabletype="">thirdPartyOnlyPremium</field>
                <value name="VALUE">
                  <block type="bignumber" id="rV?}34OL83{Ec5@vHN`*">
                    <field name="number">2000</field>
                  </block>
                </value>
                <next>
                  <block type="procedures_callnoreturn" id="w91+P$#2zPKyxl%Wy~e-">
                    <mutation name="getChinaExtensionsLoading">
                      <arg name="includeChinaExtension"></arg>
                      <arg name="inputPremium"></arg>
                    </mutation>
                    <value name="ARG0">
                      <block type="logic_boolean" id="oJh%cXv;Pu#EbwODg$@i">
                        <field name="BOOL">TRUE</field>
                      </block>
                    </value>
                    <value name="ARG1">
                      <block type="variables_get" id="-*{jPC)Z;T|F*K`O$Cp$">
                        <field name="VAR" id="yXrGORoU-K{=8kDWcq8#" variabletype="">inputPremium</field>
                      </block>
                    </value>
                    <next>
                      <block type="procedures_callnoreturn" id="tNoYBpnpr-^`Cb(egZlL">
                        <mutation name="getSrccLoading">
                          <arg name="includeSrcc"></arg>
                          <arg name="inputPremium"></arg>
                          <arg name="insuredValue"></arg>
                        </mutation>
                        <value name="ARG0">
                          <block type="logic_boolean" id="+85Nw_8Nm+W}UHO*Opcg">
                            <field name="BOOL">TRUE</field>
                          </block>
                        </value>
                        <value name="ARG1">
                          <block type="variables_get" id="tQ7N/nm$5d40_)UTJ,x(">
                            <field name="VAR" id="yXrGORoU-K{=8kDWcq8#" variabletype="">inputPremium</field>
                          </block>
                        </value>
                        <next>
                          <block type="procedures_callnoreturn" id="|$!X1?mVugJ[9~P(Jl%y">
                            <mutation name="getCaravanTrailersLoading">
                              <arg name="includeCaravanTrailers"></arg>
                              <arg name="coverType"></arg>
                              <arg name="insuredValue"></arg>
                              <arg name="inputPremium"></arg>
                            </mutation>
                            <value name="ARG0">
                              <block type="logic_boolean" id="Yj#|-~uhlJcq)B2O1n@x">
                                <field name="BOOL">TRUE</field>
                              </block>
                            </value>
                            <value name="ARG1">
                              <block type="text" id="h|aHrC!f*nC7-*M(5UDU">
                                <field name="TEXT">comprehensive</field>
                              </block>
                            </value>
                            <value name="ARG2">
                              <block type="variables_get" id="gTFjK[F,Ubwnl`[I`!ok">
                                <field name="VAR" id="}+Nz:355nJJ,y6#61RbI" variabletype="">insuredValue</field>
                              </block>
                            </value>
                            <value name="ARG3">
                              <block type="variables_get" id="3sh,%]+3B-$kSYwCCHPR">
                                <field name="VAR" id="yXrGORoU-K{=8kDWcq8#" variabletype="">inputPremium</field>
                              </block>
                            </value>
                            <next>
                              <block type="procedures_callnoreturn" id="!+@u$5mkMkqpdG=69#^0">
                                <mutation name="getLuggageTrailersLoading">
                                  <arg name="includeLuggageTrailers"></arg>
                                  <arg name="coverType"></arg>
                                  <arg name="inputPremium"></arg>
                                </mutation>
                                <value name="ARG0">
                                  <block type="logic_boolean" id="FpTvvv$r;Wr%D$*nMD{Z">
                                    <field name="BOOL">TRUE</field>
                                  </block>
                                </value>
                                <value name="ARG1">
                                  <block type="text" id="]2(/o`4fBRNxhSpC`o,d">
                                    <field name="TEXT">comprehensive</field>
                                  </block>
                                </value>
                                <value name="ARG2">
                                  <block type="variables_get" id="xq#QJ*}0W]7N?;qK}O1^">
                                    <field name="VAR" id="yXrGORoU-K{=8kDWcq8#" variabletype="">inputPremium</field>
                                  </block>
                                </value>
                                <next>
                                  <block type="procedures_callnoreturn" id="Q{m!]ujHs[9F#Zo_~biO">
                                    <mutation name="getIncreasedThirdPartyPropertyDamage">
                                      <arg name="thirdPartyPropertyDamageLimit"></arg>
                                      <arg name="thirdPartyOnlyPremium"></arg>
                                      <arg name="inputPremium"></arg>
                                    </mutation>
                                    <value name="ARG0">
                                      <block type="variables_get" id="1N*W~VArH)={57DQd,,F">
                                        <field name="VAR" id="H4Igg7XYY7:Nn61jy0b#" variabletype="">thirdPartyPropertyDamageLimit</field>
                                      </block>
                                    </value>
                                    <value name="ARG1">
                                      <block type="variables_get" id="JUfnrt1z2x~ChtradV7K">
                                        <field name="VAR" id="Fg5;4}qc?hLXDYZFGe%," variabletype="">thirdPartyOnlyPremium</field>
                                      </block>
                                    </value>
                                    <value name="ARG2">
                                      <block type="variables_get" id="#C/ec0X),8T*Yxk==zz!">
                                        <field name="VAR" id="yXrGORoU-K{=8kDWcq8#" variabletype="">inputPremium</field>
                                      </block>
                                    </value>
                                    <next>
                                      <block type="variables_set" id="X/.{ol?H2,Xgq~2FjP!s">
                                        <field name="VAR" id="69X4MbG;P;HDpx(]?aHX" variabletype="">additionalExtensionsBenefitAmount</field>
                                        <value name="VALUE">
                                          <block type="bignumberlistoperation" id="*CS3;HMP$y#}%KO6PwH9">
                                            <field name="operation">"sum"</field>
                                            <value name="bigNumberList">
                                              <block type="lists_create_with" id="tQ@^`=iDLX~smAD7ij+n">
                                                <mutation items="5"></mutation>
                                                <value name="ADD0">
                                                  <block type="bignumbercalculation" id="@Y,RNsetY}4hz;S%7#mM">
                                                    <field name="operation">"dividedBy"</field>
                                                    <value name="bigNumber1">
                                                      <block type="bignumbercalculation" id="Bl$S9Z}e[5/#Fh.Su;s|">
                                                        <field name="operation">"times"</field>
                                                        <value name="bigNumber1">
                                                          <block type="variables_get" id="f?6~1`{aY9vZUc0G~*]1">
                                                            <field name="VAR" id="yXrGORoU-K{=8kDWcq8#" variabletype="">inputPremium</field>
                                                          </block>
                                                        </value>
                                                        <value name="bigNumber2">
                                                          <block type="variables_get" id="TKj36@uf!jO!W,Tx].y@">
                                                            <field name="VAR" id="G%j=Y75CFfRsx(fi7_A4" variabletype="">chinaExtensionsLoadingPercent</field>
                                                          </block>
                                                        </value>
                                                      </block>
                                                    </value>
                                                    <value name="bigNumber2">
                                                      <block type="bignumber" id="kY;%:?BJ#de^Iwp#-;j*">
                                                        <field name="number">100</field>
                                                      </block>
                                                    </value>
                                                  </block>
                                                </value>
                                                <value name="ADD1">
                                                  <block type="variables_get" id="zEeuvbm2d}00rw(3?p4.">
                                                    <field name="VAR" id="BpSzWt24Y$`NErq=`TPE" variabletype="">srccLoadingAmount</field>
                                                  </block>
                                                </value>
                                                <value name="ADD2">
                                                  <block type="variables_get" id="NhPu}MB~1*Aaq31JNVFn">
                                                    <field name="VAR" id="HPx}dD0gdvd}o;X8P=a@" variabletype="">caravanTrailersLoadingAmount</field>
                                                  </block>
                                                </value>
                                                <value name="ADD3">
                                                  <block type="variables_get" id="iGjj%22x[x?nXt+u0,gK">
                                                    <field name="VAR" id="+.MGQ0le]}y:S5lesF+*" variabletype="">luggageTrailersLoadingAmount</field>
                                                  </block>
                                                </value>
                                                <value name="ADD4">
                                                  <block type="variables_get" id="/~QzW$M~s_uwg-nDPzPu">
                                                    <field name="VAR" id="wT_njVF-L.x0w5*SLQOk" variabletype="">increasedThridPartyPropertyDamageAmount</field>
                                                  </block>
                                                </value>
                                              </block>
                                            </value>
                                          </block>
                                        </value>
                                        <next>
                                          <block type="variables_set" id="}+G3ll?12K*4i=@lS2Ti">
                                            <field name="VAR" id="JpJlv%A_FN~J;Tg[V$Ej" variabletype="">additionalExtensionsBenefitPercent</field>
                                            <value name="VALUE">
                                              <block type="bignumbercalculation" id="vo})7M-16^f)@M#sfP^x">
                                                <field name="operation">"dividedBy"</field>
                                                <value name="bigNumber1">
                                                  <block type="bignumbercalculation" id="zWUViW0%!KSN*_+3Lm2_">
                                                    <field name="operation">"times"</field>
                                                    <value name="bigNumber1">
                                                      <block type="variables_get" id="BL*o6p1@wkO2$u2?t~Bn">
                                                        <field name="VAR" id="69X4MbG;P;HDpx(]?aHX" variabletype="">additionalExtensionsBenefitAmount</field>
                                                      </block>
                                                    </value>
                                                    <value name="bigNumber2">
                                                      <block type="bignumber" id="vP5|B%.g}*Q?FJtlaa3}">
                                                        <field name="number">100</field>
                                                      </block>
                                                    </value>
                                                  </block>
                                                </value>
                                                <value name="bigNumber2">
                                                  <block type="variables_get" id="DyqD1ZJZz#EC~P~gC(+w">
                                                    <field name="VAR" id="yXrGORoU-K{=8kDWcq8#" variabletype="">inputPremium</field>
                                                  </block>
                                                </value>
                                              </block>
                                            </value>
                                            <next>
                                              <block type="variables_set" id="bxWaCE];?gDi68HDjf9-">
                                                <field name="VAR" id=".l:mMlT~=)fB(NV;/sxC" variabletype="">additionalExtensionsBenefitPremium</field>
                                                <value name="VALUE">
                                                  <block type="bignumbercalculation" id="D!)C;Yq[uaOzM}X2CKq:">
                                                    <field name="operation">"plus"</field>
                                                    <value name="bigNumber1">
                                                      <block type="variables_get" id="*O5|@iY]s$O!dH2FigI[">
                                                        <field name="VAR" id="69X4MbG;P;HDpx(]?aHX" variabletype="">additionalExtensionsBenefitAmount</field>
                                                      </block>
                                                    </value>
                                                    <value name="bigNumber2">
                                                      <block type="variables_get" id="AJe]$c+;nxYN$k6naHSo">
                                                        <field name="VAR" id="yXrGORoU-K{=8kDWcq8#" variabletype="">inputPremium</field>
                                                      </block>
                                                    </value>
                                                  </block>
                                                </value>
                                              </block>
                                            </next>
                                          </block>
                                        </next>
                                      </block>
                                    </next>
                                  </block>
                                </next>
                              </block>
                            </next>
                          </block>
                        </next>
                      </block>
                    </next>
                  </block>
                </next>
              </block>
            </next>
          </block>
        </next>
      </block>
    </next>
  </block>
  <block type="procedures_defnoreturn" id="iInKkDZAT|*vF,~Lm/a!" x="-188" y="237">
    <mutation>
      <arg name="includeSrcc" varid="i^/Xp%a{u]*SA`amId_F"></arg>
      <arg name="inputPremium" varid="yXrGORoU-K{=8kDWcq8#"></arg>
      <arg name="insuredValue" varid="}+Nz:355nJJ,y6#61RbI"></arg>
    </mutation>
    <field name="NAME">getSrccLoading</field>
    <comment pinned="false" h="80" w="160">Describe this function...</comment>
    <statement name="STACK">
      <block type="controls_if" id="_2h%wQ?B@HD|29UT#,YJ">
        <mutation else="1"></mutation>
        <value name="IF0">
          <block type="variables_get" id="}/F)u]5_^(lWMk;CBY^X">
            <field name="VAR" id="i^/Xp%a{u]*SA`amId_F" variabletype="">includeSrcc</field>
          </block>
        </value>
        <statement name="DO0">
          <block type="variables_set" id="K!AcdRM)r@J?wIROizL;">
            <field name="VAR" id="BpSzWt24Y$`NErq=`TPE" variabletype="">srccLoadingAmount</field>
            <value name="VALUE">
              <block type="bignumbercalculation" id="%_#ZI/:WcD|SD/WEaUFb">
                <field name="operation">"dividedBy"</field>
                <value name="bigNumber1">
                  <block type="bignumbercalculation" id="4J,s.9L8Zmo@vy%f[DDP">
                    <field name="operation">"times"</field>
                    <value name="bigNumber1">
                      <block type="variables_get" id=".,]A,cw*Tv3p/oT-IG~S">
                        <field name="VAR" id="}+Nz:355nJJ,y6#61RbI" variabletype="">insuredValue</field>
                      </block>
                    </value>
                    <value name="bigNumber2">
                      <block type="bignumber" id="MUKlTvld-Q*|YWq+hH%#">
                        <field name="number">0.5</field>
                      </block>
                    </value>
                  </block>
                </value>
                <value name="bigNumber2">
                  <block type="bignumber" id="Mm{)w0#4uqrr8qU}}!.B">
                    <field name="number">100</field>
                  </block>
                </value>
              </block>
            </value>
          </block>
        </statement>
        <statement name="ELSE">
          <block type="variables_set" id="kbYj!BPsx.hR_KPsP!l`">
            <field name="VAR" id="BpSzWt24Y$`NErq=`TPE" variabletype="">srccLoadingAmount</field>
            <value name="VALUE">
              <block type="bignumber" id="2T=5SoQO.7hGhUcp}Z^O">
                <field name="number">0</field>
              </block>
            </value>
          </block>
        </statement>
        <next>
          <block type="variables_set" id="L$H5~qq7pY]9`h%v6Apn">
            <field name="VAR" id="`(F@;2q.eH*;`Fy}9byI" variabletype="">srccLoadingPercent</field>
            <value name="VALUE">
              <block type="bignumbercalculation" id="iTu/^H_ebm0DD)[E~MzV">
                <field name="operation">"dividedBy"</field>
                <value name="bigNumber1">
                  <block type="bignumbercalculation" id="bmFp.s*/pG2$DI-~jdg$">
                    <field name="operation">"times"</field>
                    <value name="bigNumber1">
                      <block type="variables_get" id=")dHT/,rE?v9(+[N`8a_~">
                        <field name="VAR" id="BpSzWt24Y$`NErq=`TPE" variabletype="">srccLoadingAmount</field>
                      </block>
                    </value>
                    <value name="bigNumber2">
                      <block type="bignumber" id="fI%1;t[$h5P(htcE4fCi">
                        <field name="number">100</field>
                      </block>
                    </value>
                  </block>
                </value>
                <value name="bigNumber2">
                  <block type="variables_get" id="!$Pk}C#nlzM}^L7#xSX#">
                    <field name="VAR" id="yXrGORoU-K{=8kDWcq8#" variabletype="">inputPremium</field>
                  </block>
                </value>
              </block>
            </value>
          </block>
        </next>
      </block>
    </statement>
  </block>
  <block type="procedures_defnoreturn" id="E`CBIVI,4mSjzL@4vk-g" x="-187" y="463">
    <mutation>
      <arg name="includeCaravanTrailers" varid="E*C)_K:ehuoeof#X#z7n"></arg>
      <arg name="coverType" varid="s,9_7FMnp#Fy_EU2r=SG"></arg>
      <arg name="insuredValue" varid="}+Nz:355nJJ,y6#61RbI"></arg>
      <arg name="inputPremium" varid="yXrGORoU-K{=8kDWcq8#"></arg>
    </mutation>
    <field name="NAME">getCaravanTrailersLoading</field>
    <comment pinned="false" h="80" w="160">Describe this function...</comment>
    <statement name="STACK">
      <block type="controls_if" id="%gzHPT#_ez^f%KJ?igo)">
        <mutation else="1"></mutation>
        <value name="IF0">
          <block type="variables_get" id="R0R%cXss}?%xyo1:lW+8">
            <field name="VAR" id="E*C)_K:ehuoeof#X#z7n" variabletype="">includeCaravanTrailers</field>
          </block>
        </value>
        <statement name="DO0">
          <block type="controls_if" id="hOc/oW3iMeBpugC*jtQw">
            <mutation elseif="1"></mutation>
            <value name="IF0">
              <block type="logic_compare" id=")@yZt@@1e.2s.J}FY]9e">
                <field name="OP">EQ</field>
                <value name="A">
                  <block type="variables_get" id="02cgNRD7.#B}A9*TQ^hM">
                    <field name="VAR" id="s,9_7FMnp#Fy_EU2r=SG" variabletype="">coverType</field>
                  </block>
                </value>
                <value name="B">
                  <block type="text" id="A-SlQTx=Xza?=Pu_B@rm">
                    <field name="TEXT">comprehensive</field>
                  </block>
                </value>
              </block>
            </value>
            <statement name="DO0">
              <block type="variables_set" id="uAKUSllY5iyECe7/sir6">
                <field name="VAR" id="HPx}dD0gdvd}o;X8P=a@" variabletype="">caravanTrailersLoadingAmount</field>
                <value name="VALUE">
                  <block type="bignumbercalculation" id="oDA(0K7vu:8;]3=g}JU5">
                    <field name="operation">"plus"</field>
                    <value name="bigNumber1">
                      <block type="bignumbercalculation" id=";rLV=iN=Z];]@e~9.b5;">
                        <field name="operation">"times"</field>
                        <value name="bigNumber1">
                          <block type="bignumbercalculation" id="b!Quea4V7lEP~FjA*pVP">
                            <field name="operation">"dividedBy"</field>
                            <value name="bigNumber1">
                              <block type="bignumber" id="WxiN%k)ZHm[zTo}?qAjX">
                                <field name="number">2</field>
                              </block>
                            </value>
                            <value name="bigNumber2">
                              <block type="bignumber" id="3Odrmm:xyJ|1}@|$1n^b">
                                <field name="number">100</field>
                              </block>
                            </value>
                          </block>
                        </value>
                        <value name="bigNumber2">
                          <block type="variables_get" id="P|e*Nb}6MW^6~skne%Yw">
                            <field name="VAR" id="}+Nz:355nJJ,y6#61RbI" variabletype="">insuredValue</field>
                          </block>
                        </value>
                      </block>
                    </value>
                    <value name="bigNumber2">
                      <block type="bignumber" id="RG7?OdZCQQGToy,1f4)_">
                        <field name="number">150</field>
                      </block>
                    </value>
                  </block>
                </value>
              </block>
            </statement>
            <value name="IF1">
              <block type="logic_compare" id="vR!t+,WBs8R72|no9%}l">
                <field name="OP">EQ</field>
                <value name="A">
                  <block type="variables_get" id="lC|H=}L/~vYu@*X_5R=d">
                    <field name="VAR" id="s,9_7FMnp#Fy_EU2r=SG" variabletype="">coverType</field>
                  </block>
                </value>
                <value name="B">
                  <block type="text" id="(3vFo]uSKk(ogQ4E#`4_">
                    <field name="TEXT">third party only</field>
                  </block>
                </value>
              </block>
            </value>
            <statement name="DO1">
              <block type="variables_set" id="wjbX3RYUhKoCradI~1{E">
                <field name="VAR" id="HPx}dD0gdvd}o;X8P=a@" variabletype="">caravanTrailersLoadingAmount</field>
                <value name="VALUE">
                  <block type="bignumber" id="+peyM@W^0_o0YEF)xOFH">
                    <field name="number">100</field>
                  </block>
                </value>
              </block>
            </statement>
          </block>
        </statement>
        <statement name="ELSE">
          <block type="variables_set" id=");.B{*yCcLSgD6za)LDr">
            <field name="VAR" id="HPx}dD0gdvd}o;X8P=a@" variabletype="">caravanTrailersLoadingAmount</field>
            <value name="VALUE">
              <block type="bignumber" id="p^hOie.)is`F4jo/BvV#">
                <field name="number">0</field>
              </block>
            </value>
          </block>
        </statement>
        <next>
          <block type="variables_set" id="NQt6s3liLH#vJ+N@(cC|">
            <field name="VAR" id="DkI1adGg[yms4/`@+ZpM" variabletype="">caravanTrailersLoadingPercent</field>
            <value name="VALUE">
              <block type="bignumbercalculation" id="^ej)/:C8}.Cxl_*r]q6s">
                <field name="operation">"dividedBy"</field>
                <value name="bigNumber1">
                  <block type="bignumbercalculation" id="eF]CcDzSowu:AFJM_16o">
                    <field name="operation">"times"</field>
                    <value name="bigNumber1">
                      <block type="variables_get" id="DA~UizxNA!%[b0M=o`^5">
                        <field name="VAR" id="HPx}dD0gdvd}o;X8P=a@" variabletype="">caravanTrailersLoadingAmount</field>
                      </block>
                    </value>
                    <value name="bigNumber2">
                      <block type="bignumber" id="vL5^5)^6sJ]w/lxiX|E(">
                        <field name="number">100</field>
                      </block>
                    </value>
                  </block>
                </value>
                <value name="bigNumber2">
                  <block type="variables_get" id="z*QkH(ht%X3WQ?3:}17B">
                    <field name="VAR" id="yXrGORoU-K{=8kDWcq8#" variabletype="">inputPremium</field>
                  </block>
                </value>
              </block>
            </value>
          </block>
        </next>
      </block>
    </statement>
  </block>
  <block type="procedures_defnoreturn" id="KSE@Ahh4?tF`lNpqI?$d" x="-188" y="838">
    <mutation>
      <arg name="includeLuggageTrailers" varid="}}89#|Zau$5#qo$RvB2g"></arg>
      <arg name="coverType" varid="s,9_7FMnp#Fy_EU2r=SG"></arg>
      <arg name="inputPremium" varid="yXrGORoU-K{=8kDWcq8#"></arg>
    </mutation>
    <field name="NAME">getLuggageTrailersLoading</field>
    <comment pinned="false" h="80" w="160">Describe this function...</comment>
    <statement name="STACK">
      <block type="controls_if" id="^3:Llw?P2)k9fDNZ[YCq">
        <mutation else="1"></mutation>
        <value name="IF0">
          <block type="variables_get" id="YC]C;h[L61[J[3yE7Ht)">
            <field name="VAR" id="}}89#|Zau$5#qo$RvB2g" variabletype="">includeLuggageTrailers</field>
          </block>
        </value>
        <statement name="DO0">
          <block type="controls_if" id="|$WBER#qtxnFI=L`r92/">
            <mutation elseif="1"></mutation>
            <value name="IF0">
              <block type="logic_compare" id=":.|BL7DZY2s{FEI;+daM">
                <field name="OP">EQ</field>
                <value name="A">
                  <block type="variables_get" id="Z=7`-pHa6m3b$j2X-G(n">
                    <field name="VAR" id="s,9_7FMnp#Fy_EU2r=SG" variabletype="">coverType</field>
                  </block>
                </value>
                <value name="B">
                  <block type="text" id="eKr;;nE}.1^d.XjV=:fB">
                    <field name="TEXT">comprehensive</field>
                  </block>
                </value>
              </block>
            </value>
            <statement name="DO0">
              <block type="variables_set" id="HZ`];f%SpsW4ynoObE{4">
                <field name="VAR" id="+.MGQ0le]}y:S5lesF+*" variabletype="">luggageTrailersLoadingAmount</field>
                <value name="VALUE">
                  <block type="bignumber" id="ncFor.s2,6K90.y#yOmu">
                    <field name="number">150</field>
                  </block>
                </value>
              </block>
            </statement>
            <value name="IF1">
              <block type="logic_compare" id="v$kuV6(iWB=xnbiq`gE5">
                <field name="OP">EQ</field>
                <value name="A">
                  <block type="variables_get" id="oso8lbDt3?0X?cphj2ec">
                    <field name="VAR" id="s,9_7FMnp#Fy_EU2r=SG" variabletype="">coverType</field>
                  </block>
                </value>
                <value name="B">
                  <block type="text" id="Mj4yG?P2D?{#9u+aXLa2">
                    <field name="TEXT">third party only</field>
                  </block>
                </value>
              </block>
            </value>
            <statement name="DO1">
              <block type="variables_set" id="!}CI#KR+fi!Mla?dMl}x">
                <field name="VAR" id="+.MGQ0le]}y:S5lesF+*" variabletype="">luggageTrailersLoadingAmount</field>
                <value name="VALUE">
                  <block type="bignumber" id="R]05zd=-E2QJHu0nlQ$9">
                    <field name="number">50</field>
                  </block>
                </value>
              </block>
            </statement>
          </block>
        </statement>
        <statement name="ELSE">
          <block type="variables_set" id="v]KC==;M}Pq224}]E!*?">
            <field name="VAR" id="+.MGQ0le]}y:S5lesF+*" variabletype="">luggageTrailersLoadingAmount</field>
            <value name="VALUE">
              <block type="bignumber" id="ka3%y!iEUv$F}a!2z#C$">
                <field name="number">0</field>
              </block>
            </value>
          </block>
        </statement>
        <next>
          <block type="variables_set" id="/:ICF}%|}BT%P5c=fBN`">
            <field name="VAR" id="dgBptmHPYM-hR9}KQ+_K" variabletype="">luggageTrailersLoadingPercent</field>
            <value name="VALUE">
              <block type="bignumbercalculation" id="4aitb7JN7k+{4kcUnNLE">
                <field name="operation">"dividedBy"</field>
                <value name="bigNumber1">
                  <block type="bignumbercalculation" id="rwhx~0?/sm2jOSJH)j|Z">
                    <field name="operation">"times"</field>
                    <value name="bigNumber1">
                      <block type="variables_get" id="1V6nmRHy-s3b1UK{Mq.Z">
                        <field name="VAR" id="+.MGQ0le]}y:S5lesF+*" variabletype="">luggageTrailersLoadingAmount</field>
                      </block>
                    </value>
                    <value name="bigNumber2">
                      <block type="bignumber" id="xY,6a{t5qc@!s=9a;T%w">
                        <field name="number">100</field>
                      </block>
                    </value>
                  </block>
                </value>
                <value name="bigNumber2">
                  <block type="variables_get" id="Eal-VO8NJiq@a}[{Bvm,">
                    <field name="VAR" id="yXrGORoU-K{=8kDWcq8#" variabletype="">inputPremium</field>
                  </block>
                </value>
              </block>
            </value>
          </block>
        </next>
      </block>
    </statement>
  </block>
  <block type="procedures_defnoreturn" id="@)SLgk{|Kdm*4U_3*x=v" x="-188" y="1187">
    <mutation>
      <arg name="thirdPartyPropertyDamageLimit" varid="H4Igg7XYY7:Nn61jy0b#"></arg>
      <arg name="thirdPartyOnlyPremium" varid="Fg5;4}qc?hLXDYZFGe%,"></arg>
      <arg name="inputPremium" varid="yXrGORoU-K{=8kDWcq8#"></arg>
    </mutation>
    <field name="NAME">getIncreasedThirdPartyPropertyDamage</field>
    <comment pinned="false" h="80" w="160">Describe this function...</comment>
    <statement name="STACK">
      <block type="variables_set" id="Mea.wS3qa*ssKr=7D`bl">
        <field name="VAR" id="OC#4nnKb$w}?71d.%$vI" variabletype="">lookupValue</field>
        <value name="VALUE">
          <block type="dataquery" id="7s_h,L0wQkxt/(Rz0OFm">
            <value name="tableName">
              <block type="text" id="]zlKwdAKgxU|2ec;X+#z">
                <field name="TEXT">hkPrivateMotorThirdPartyPropertyDamageLimit</field>
              </block>
            </value>
            <value name="filterColumnNames">
              <block type="lists_create_with" id="=7ZlvmH|]vJUs3NFqsKL">
                <mutation items="1"></mutation>
                <value name="ADD0">
                  <block type="text" id="|,Vz-]/BR[%)dWwdvgK%">
                    <field name="TEXT">thirdPartyPropertyDamageLimit</field>
                  </block>
                </value>
              </block>
            </value>
            <value name="filterColumnValues">
              <block type="lists_create_with" id="bdu}BWra~9O,VwK?YIR,">
                <mutation items="1"></mutation>
                <value name="ADD0">
                  <block type="variables_get" id="5Zhjw/}tb#/1uAV!T!P+">
                    <field name="VAR" id="H4Igg7XYY7:Nn61jy0b#" variabletype="">thirdPartyPropertyDamageLimit</field>
                  </block>
                </value>
              </block>
            </value>
            <value name="outputColumn">
              <block type="text" id="qOm/fJ`p~Un0s+,h@NQP">
                <field name="TEXT">loadingPercentage</field>
              </block>
            </value>
          </block>
        </value>
        <next>
          <block type="controls_if" id="=_rh{6?NtA+-a+6}8}_c">
            <mutation else="1"></mutation>
            <value name="IF0">
              <block type="logic_compare" id="(aak_x+u)!*aF%n]uT+9">
                <field name="OP">EQ</field>
                <value name="A">
                  <block type="variables_get" id="SBBL0/p=i08V}V4x`X3=">
                    <field name="VAR" id="OC#4nnKb$w}?71d.%$vI" variabletype="">lookupValue</field>
                  </block>
                </value>
                <value name="B">
                  <block type="logic_null" id="b4n[al/p$[NUyhP6TLDN"></block>
                </value>
              </block>
            </value>
            <statement name="DO0">
              <block type="variables_set" id="Vk@c!UJ%74c#kwQ+}3(B">
                <field name="VAR" id="@2M|hy/EUVHnJ[{(12iO" variabletype="">increasedThridPartyPropertyDamagePercent</field>
                <value name="VALUE">
                  <block type="bignumber" id="teTcDY:WRH8i(]yAlF~v">
                    <field name="number">0</field>
                  </block>
                </value>
              </block>
            </statement>
            <statement name="ELSE">
              <block type="variables_set" id="Z^1HrRI(}R/s8`Ll[{OZ">
                <field name="VAR" id="@2M|hy/EUVHnJ[{(12iO" variabletype="">increasedThridPartyPropertyDamagePercent</field>
                <value name="VALUE">
                  <block type="bignumberfromstring" id="jy}@^w~L2J`w1UyYR6p+">
                    <value name="number">
                      <block type="variables_get" id="-y!;m)G291(evL|Q;wyB">
                        <field name="VAR" id="OC#4nnKb$w}?71d.%$vI" variabletype="">lookupValue</field>
                      </block>
                    </value>
                  </block>
                </value>
              </block>
            </statement>
            <next>
              <block type="variables_set" id="@X@I8G6~f?;kS(i7d:to">
                <field name="VAR" id="wT_njVF-L.x0w5*SLQOk" variabletype="">increasedThridPartyPropertyDamageAmount</field>
                <value name="VALUE">
                  <block type="bignumbercalculation" id="XlmIrsJJL-~I,`w~Oo,D">
                    <field name="operation">"times"</field>
                    <value name="bigNumber1">
                      <block type="bignumbercalculation" id="Fd8InUul`q+_V0DMHFy#">
                        <field name="operation">"dividedBy"</field>
                        <value name="bigNumber1">
                          <block type="variables_get" id="O8NyHUp-SdzQV|jm}d;H">
                            <field name="VAR" id="@2M|hy/EUVHnJ[{(12iO" variabletype="">increasedThridPartyPropertyDamagePercent</field>
                          </block>
                        </value>
                        <value name="bigNumber2">
                          <block type="bignumber" id="+L6BgevwEl98$}a^#A^9">
                            <field name="number">100</field>
                          </block>
                        </value>
                      </block>
                    </value>
                    <value name="bigNumber2">
                      <block type="variables_get" id="k}IYYLMEHG__aWQ5FV2a">
                        <field name="VAR" id="Fg5;4}qc?hLXDYZFGe%," variabletype="">thirdPartyOnlyPremium</field>
                      </block>
                    </value>
                  </block>
                </value>
              </block>
            </next>
          </block>
        </next>
      </block>
    </statement>
  </block>
</xml>