<xml xmlns="http://www.w3.org/1999/xhtml">
  <variables>
    <variable type="" id="5K4vv!Au3nocm66p(thv">campaignDiscountPercentage</variable>
    <variable type="" id="bfh=-HQ!!PW{of;BXh;C">inputPremium</variable>
    <variable type="" id="Ruui7f;yORq^kpDuDgyE">campaignDiscountAmount</variable>
    <variable type="" id="OAK5SmD@hq}98,iBpiwm">campaignDiscountPremium</variable>
    <variable type="" id="5_e)zfd1K!aRlRawz$C?">campaignDiscountPercent</variable>
  </variables>
  <block type="procedures_defnoreturn" id="CC-d4jw].EMXCXOXD8H*" x="-212" y="-212">
    <mutation>
      <arg name="campaignDiscountPercentage" varid="5K4vv!Au3nocm66p(thv"></arg>
      <arg name="inputPremium" varid="bfh=-HQ!!PW{of;BXh;C"></arg>
    </mutation>
    <field name="NAME">getCampaignDiscount</field>
    <comment pinned="false" h="80" w="160">Describe this function...</comment>
    <statement name="STACK">
      <block type="variables_set" id="WEGsaamC/grYza*HFur8">
        <field name="VAR" id="Ruui7f;yORq^kpDuDgyE" variabletype="">campaignDiscountAmount</field>
        <value name="VALUE">
          <block type="bignumbercalculation" id="g6IOcP:u;A5gs^E=IkH1">
            <field name="operation">"times"</field>
            <value name="bigNumber1">
              <block type="variables_get" id="q3!}YziKSgY#E[UN@V6Z">
                <field name="VAR" id="bfh=-HQ!!PW{of;BXh;C" variabletype="">inputPremium</field>
              </block>
            </value>
            <value name="bigNumber2">
              <block type="bignumberpercent" id="5R9jnzaPQMV#:^l~Q)C*">
                <value name="bigNumber">
                  <block type="variables_get" id="@xIMF^zh2l?/]a?XN*W}">
                    <field name="VAR" id="5_e)zfd1K!aRlRawz$C?" variabletype="">campaignDiscountPercent</field>
                  </block>
                </value>
              </block>
            </value>
          </block>
        </value>
      </block>
    </statement>
  </block>
  <block type="variables_set" id="p:f/_VDAWTk7Hsyex`(0" x="663" y="-212">
    <field name="VAR" id="bfh=-HQ!!PW{of;BXh;C" variabletype="">inputPremium</field>
    <value name="VALUE">
      <block type="bignumber" id="3x(65Ly3o4PaSn4T^XCK">
        <field name="number">9600</field>
      </block>
    </value>
    <next>
      <block type="procedures_callnoreturn" id="58NzZwfj]zf7UJzw(5@#">
        <mutation name="getCampaignDiscount">
          <arg name="campaignDiscountPercentage"></arg>
          <arg name="inputPremium"></arg>
        </mutation>
        <value name="ARG0">
          <block type="bignumber" id="h_G9X?NKoK`oYabnI?th">
            <field name="number">2.5</field>
          </block>
        </value>
        <value name="ARG1">
          <block type="variables_get" id="}}PJ8QhT$=ez^Sn2(v7e">
            <field name="VAR" id="bfh=-HQ!!PW{of;BXh;C" variabletype="">inputPremium</field>
          </block>
        </value>
        <next>
          <block type="variables_set" id="suW1unYLi_c~+Yp:(N:I">
            <field name="VAR" id="OAK5SmD@hq}98,iBpiwm" variabletype="">campaignDiscountPremium</field>
            <value name="VALUE">
              <block type="bignumbercalculation" id="un%-h~dJt~6:(TTFP/wE">
                <field name="operation">"minus"</field>
                <value name="bigNumber1">
                  <block type="variables_get" id="*~S%V2u=wK$3)@R_cXWO">
                    <field name="VAR" id="bfh=-HQ!!PW{of;BXh;C" variabletype="">inputPremium</field>
                  </block>
                </value>
                <value name="bigNumber2">
                  <block type="variables_get" id="eeCZfOQ|{~n4)Wy@l61I">
                    <field name="VAR" id="Ruui7f;yORq^kpDuDgyE" variabletype="">campaignDiscountAmount</field>
                  </block>
                </value>
              </block>
            </value>
          </block>
        </next>
      </block>
    </next>
  </block>
</xml>