<xml xmlns="http://www.w3.org/1999/xhtml">
  <variables>
    <variable type="" id="(-ECAsZX[2e+*9]1gx9;">vehicleMake</variable>
    <variable type="" id="14C}Sl(!e]F9ly5`Yg=M">vehicleModel</variable>
    <variable type="" id="q_e.8oYSf2FI^C==t)^2">coverType</variable>
    <variable type="" id="C8Y34WxwXm`.]bR[?VK7">inputPremium</variable>
    <variable type="" id="J4P=5a,1=MPBws%j.jDt">occupation</variable>
    <variable type="" id="Yb0C*GCPPdG$p3I71u5x">lookupValue</variable>
    <variable type="" id="[%zi^WnKbfIz%;mCWEM_">privateMotorPreferredVehicleAmount</variable>
    <variable type="" id="V$RBLNF3R+t*%dg58Dv]">privateMotorPreferredOccupationAmount</variable>
    <variable type="" id="+p?-5LVvEk@wt|*-{oT%">privateMotorDiscountPercent</variable>
    <variable type="" id="lm6MjHqg+jI3/jV=Buf}">privateMotorPreferredVehiclePercent</variable>
    <variable type="" id="q2EJNx)BcXQ6==MZ+Oh$">privateMotorDiscountAmount</variable>
    <variable type="" id="aujf/XXo0UH-315C.Jbw">privateMotorPreferredOccupationPercent</variable>
    <variable type="" id="pj=n0eC3!JmF!T[Wu@O7">privateMotorDiscountPremium</variable>
  </variables>
  <block type="procedures_defnoreturn" id="!6.|Q3Imvsdg}4bVd,]z" x="38" y="63">
    <mutation>
      <arg name="vehicleMake" varid="(-ECAsZX[2e+*9]1gx9;"></arg>
      <arg name="vehicleModel" varid="14C}Sl(!e]F9ly5`Yg=M"></arg>
      <arg name="coverType" varid="q_e.8oYSf2FI^C==t)^2"></arg>
      <arg name="inputPremium" varid="C8Y34WxwXm`.]bR[?VK7"></arg>
    </mutation>
    <field name="NAME">getPreferredVehicleDiscount</field>
    <comment pinned="false" h="80" w="160">Describe this function...</comment>
    <statement name="STACK">
      <block type="controls_if" id="F$?/ul?k!a75/cl!Zekw">
        <mutation elseif="2"></mutation>
        <value name="IF0">
          <block type="logic_compare" id="Zvbn9NUHY^EwfP5`v2sg">
            <field name="OP">EQ</field>
            <value name="A">
              <block type="variables_get" id="@Gepz0Lq:Dl$MK()ReFC">
                <field name="VAR" id="q_e.8oYSf2FI^C==t)^2" variabletype="">coverType</field>
              </block>
            </value>
            <value name="B">
              <block type="text" id="y!CD~a(TB:*C%ghW:Nk?">
                <field name="TEXT">comprehensive</field>
              </block>
            </value>
          </block>
        </value>
        <statement name="DO0">
          <block type="variables_set" id="DQ_|nE%j4;o~zzd8~[4;">
            <field name="VAR" id="Yb0C*GCPPdG$p3I71u5x" variabletype="">lookupValue</field>
            <value name="VALUE">
              <block type="dataquery" id="$AWNS$`6XtotTB4K`-If">
                <value name="tableName">
                  <block type="text" id="d#BJCE6(;7ew`7kKJ){Y">
                    <field name="TEXT">hkPrivateMotorVehicle</field>
                  </block>
                </value>
                <value name="filterColumnNames">
                  <block type="lists_create_with" id="Zb#NI|3:lCn_0}Ap+`[`">
                    <mutation items="2"></mutation>
                    <value name="ADD0">
                      <block type="text" id="n+{Dri!y%%zQnF%`:K7S">
                        <field name="TEXT">make</field>
                      </block>
                    </value>
                    <value name="ADD1">
                      <block type="text" id="rph*Y72B#eyFt!o?K8])">
                        <field name="TEXT">model</field>
                      </block>
                    </value>
                  </block>
                </value>
                <value name="filterColumnValues">
                  <block type="lists_create_with" id="Z1ljkXi9,Bs?q*EEA@$N">
                    <mutation items="2"></mutation>
                    <value name="ADD0">
                      <block type="variables_get" id="H12}@u]IhaYG]|1UJ=;[">
                        <field name="VAR" id="(-ECAsZX[2e+*9]1gx9;" variabletype="">vehicleMake</field>
                      </block>
                    </value>
                    <value name="ADD1">
                      <block type="variables_get" id="@_}y0zLblP*|TjW8~qe=">
                        <field name="VAR" id="14C}Sl(!e]F9ly5`Yg=M" variabletype="">vehicleModel</field>
                      </block>
                    </value>
                  </block>
                </value>
                <value name="outputColumn">
                  <block type="text" id=":Rk4%{MiJ4m8vdu7x(+T">
                    <field name="TEXT">comprehensiveDiscountPercentage</field>
                  </block>
                </value>
              </block>
            </value>
            <next>
              <block type="controls_if" id=":Ts96C$LFaoLAl5K{~rD">
                <mutation else="1"></mutation>
                <value name="IF0">
                  <block type="logic_compare" id="UD8i:36VR+5L^^4xdhhV">
                    <field name="OP">EQ</field>
                    <value name="A">
                      <block type="variables_get" id="AHe9;g1xNk)EQI}N??Y:">
                        <field name="VAR" id="Yb0C*GCPPdG$p3I71u5x" variabletype="">lookupValue</field>
                      </block>
                    </value>
                    <value name="B">
                      <block type="logic_null" id="0z6Zi3b8`GA$Fjt6qXfe"></block>
                    </value>
                  </block>
                </value>
                <statement name="DO0">
                  <block type="variables_set" id="37_}`WeN_.0)%Viyhqg`">
                    <field name="VAR" id="lm6MjHqg+jI3/jV=Buf}" variabletype="">privateMotorPreferredVehiclePercent</field>
                    <value name="VALUE">
                      <block type="bignumber" id="dSmt,PKo^?*pd|qXl+hD">
                        <field name="number">0</field>
                      </block>
                    </value>
                  </block>
                </statement>
                <statement name="ELSE">
                  <block type="variables_set" id="GdItu^]}J5)PLwE@`f3i">
                    <field name="VAR" id="lm6MjHqg+jI3/jV=Buf}" variabletype="">privateMotorPreferredVehiclePercent</field>
                    <value name="VALUE">
                      <block type="bignumberfromstring" id="m$+qu|/o48@MKACtTtj}">
                        <value name="number">
                          <block type="variables_get" id="D{fDo,_vuW,|YtHgJ8+^">
                            <field name="VAR" id="Yb0C*GCPPdG$p3I71u5x" variabletype="">lookupValue</field>
                          </block>
                        </value>
                      </block>
                    </value>
                  </block>
                </statement>
              </block>
            </next>
          </block>
        </statement>
        <value name="IF1">
          <block type="logic_compare" id="78k~}lS#_-v!l2TH0KI6">
            <field name="OP">EQ</field>
            <value name="A">
              <block type="variables_get" id="0rM,FVC/w{hO1`oeY7+8">
                <field name="VAR" id="q_e.8oYSf2FI^C==t)^2" variabletype="">coverType</field>
              </block>
            </value>
            <value name="B">
              <block type="text" id="{H*B]0rZvuB8gdxm8y{E">
                <field name="TEXT">third party only</field>
              </block>
            </value>
          </block>
        </value>
        <statement name="DO1">
          <block type="variables_set" id="?^s*f5)^z78J0^J4aeO^">
            <field name="VAR" id="Yb0C*GCPPdG$p3I71u5x" variabletype="">lookupValue</field>
            <value name="VALUE">
              <block type="dataquery" id="O@qWHAiX(vjbQm4zpJDe">
                <value name="tableName">
                  <block type="text" id="qgAAjZ-b]pfA(2GBpJ[I">
                    <field name="TEXT">hkPrivateMotorVehicle</field>
                  </block>
                </value>
                <value name="filterColumnNames">
                  <block type="lists_create_with" id="c85))+KQ]{F?)D?.UDLj">
                    <mutation items="2"></mutation>
                    <value name="ADD0">
                      <block type="text" id="A+/i+T#,Bo*.?L.X+yHs">
                        <field name="TEXT">make</field>
                      </block>
                    </value>
                    <value name="ADD1">
                      <block type="text" id="gu{|2+mTQ~^I)cU/G:TY">
                        <field name="TEXT">model</field>
                      </block>
                    </value>
                  </block>
                </value>
                <value name="filterColumnValues">
                  <block type="lists_create_with" id="=,@^!=ia9v~F6Xj@t;Jm">
                    <mutation items="2"></mutation>
                    <value name="ADD0">
                      <block type="variables_get" id="1aBcioXoo1t4(?NE,vqt">
                        <field name="VAR" id="(-ECAsZX[2e+*9]1gx9;" variabletype="">vehicleMake</field>
                      </block>
                    </value>
                    <value name="ADD1">
                      <block type="variables_get" id="?[kVn,!m^|5(6J%J,;IR">
                        <field name="VAR" id="14C}Sl(!e]F9ly5`Yg=M" variabletype="">vehicleModel</field>
                      </block>
                    </value>
                  </block>
                </value>
                <value name="outputColumn">
                  <block type="text" id="iDR6^%p9li%VOOOjjSbJ">
                    <field name="TEXT">thirdPartyDiscountPercentage</field>
                  </block>
                </value>
              </block>
            </value>
            <next>
              <block type="controls_if" id="+Vt#nv|UM$]K:WHam5b.">
                <mutation else="1"></mutation>
                <value name="IF0">
                  <block type="logic_compare" id="xQEe*qI@NXEqzGxN|RGI">
                    <field name="OP">EQ</field>
                    <value name="A">
                      <block type="variables_get" id="@dEbUl#!jARgdA%$K44n">
                        <field name="VAR" id="Yb0C*GCPPdG$p3I71u5x" variabletype="">lookupValue</field>
                      </block>
                    </value>
                    <value name="B">
                      <block type="logic_null" id="YX;fS!w[lfDv*2-!bS4U"></block>
                    </value>
                  </block>
                </value>
                <statement name="DO0">
                  <block type="variables_set" id="(r|0!;p9-6!eLFw%weJ2">
                    <field name="VAR" id="lm6MjHqg+jI3/jV=Buf}" variabletype="">privateMotorPreferredVehiclePercent</field>
                    <value name="VALUE">
                      <block type="bignumber" id="nBxU5gW,[MyjKi|.g|yl">
                        <field name="number">0</field>
                      </block>
                    </value>
                  </block>
                </statement>
                <statement name="ELSE">
                  <block type="variables_set" id="Fvyo0pMja.(sV/t/C@UY">
                    <field name="VAR" id="lm6MjHqg+jI3/jV=Buf}" variabletype="">privateMotorPreferredVehiclePercent</field>
                    <value name="VALUE">
                      <block type="bignumberfromstring" id="vP}Szvs:hFILji0eFrgt">
                        <value name="number">
                          <block type="variables_get" id="!UC@C3nHYz,?pkc4;X.;">
                            <field name="VAR" id="Yb0C*GCPPdG$p3I71u5x" variabletype="">lookupValue</field>
                          </block>
                        </value>
                      </block>
                    </value>
                  </block>
                </statement>
              </block>
            </next>
          </block>
        </statement>
        <value name="IF2">
          <block type="logic_compare" id="~8oT3GS88He%H;r30n`$">
            <field name="OP">EQ</field>
            <value name="A">
              <block type="variables_get" id="[~cd!L+7Di#v|NudNgj~">
                <field name="VAR" id="q_e.8oYSf2FI^C==t)^2" variabletype="">coverType</field>
              </block>
            </value>
            <value name="B">
              <block type="text" id="Vj:rw_fz(vu:I[ds6E$|">
                <field name="TEXT">third party fire and theft</field>
              </block>
            </value>
          </block>
        </value>
        <statement name="DO2">
          <block type="variables_set" id="{fWv;dudKarGZKnQe%gv">
            <field name="VAR" id="Yb0C*GCPPdG$p3I71u5x" variabletype="">lookupValue</field>
            <value name="VALUE">
              <block type="dataquery" id="Y_OjgS1D+Iv/zX=;#5F6">
                <value name="tableName">
                  <block type="text" id="}-fy4*J%/)1I}8Z+Q}ev">
                    <field name="TEXT">hkPrivateMotorVehicle</field>
                  </block>
                </value>
                <value name="filterColumnNames">
                  <block type="lists_create_with" id="G;`pEihDZ,r;3uS@A[xa">
                    <mutation items="2"></mutation>
                    <value name="ADD0">
                      <block type="text" id="r#w^?ELte4;wWkzOZlB:">
                        <field name="TEXT">make</field>
                      </block>
                    </value>
                    <value name="ADD1">
                      <block type="text" id="xnnMAY%+*7},!FplyOJp">
                        <field name="TEXT">model</field>
                      </block>
                    </value>
                  </block>
                </value>
                <value name="filterColumnValues">
                  <block type="lists_create_with" id="VO*gx(/!~z95gUxkO2w{">
                    <mutation items="2"></mutation>
                    <value name="ADD0">
                      <block type="variables_get" id="^hD*c.1|d9fT^,4M78Tl">
                        <field name="VAR" id="(-ECAsZX[2e+*9]1gx9;" variabletype="">vehicleMake</field>
                      </block>
                    </value>
                    <value name="ADD1">
                      <block type="variables_get" id="g6b.Ws}GKP%X)LKbFatF">
                        <field name="VAR" id="14C}Sl(!e]F9ly5`Yg=M" variabletype="">vehicleModel</field>
                      </block>
                    </value>
                  </block>
                </value>
                <value name="outputColumn">
                  <block type="text" id="|Mi`2OYp[*mnmQZu([ha">
                    <field name="TEXT">thirdPartyFireAndTheftDiscountPercentage</field>
                  </block>
                </value>
              </block>
            </value>
            <next>
              <block type="controls_if" id="g3Gixgy-[TFsgF6/62Bq">
                <mutation else="1"></mutation>
                <value name="IF0">
                  <block type="logic_compare" id="!e!u.7lVnV:bmDe#Yb$q">
                    <field name="OP">EQ</field>
                    <value name="A">
                      <block type="variables_get" id="9.J(n}X=Rm?O^y#7*}_}">
                        <field name="VAR" id="Yb0C*GCPPdG$p3I71u5x" variabletype="">lookupValue</field>
                      </block>
                    </value>
                    <value name="B">
                      <block type="logic_null" id="vdfhXXt)4D;M3jyLUxR]"></block>
                    </value>
                  </block>
                </value>
                <statement name="DO0">
                  <block type="variables_set" id="DI+W=!F*bs4hC3dm/.q:">
                    <field name="VAR" id="lm6MjHqg+jI3/jV=Buf}" variabletype="">privateMotorPreferredVehiclePercent</field>
                    <value name="VALUE">
                      <block type="bignumber" id=";(Ek;;ONFy-Fo8ZS-%DW">
                        <field name="number">0</field>
                      </block>
                    </value>
                  </block>
                </statement>
                <statement name="ELSE">
                  <block type="variables_set" id="zqydxIYop8QqYqPC(Lp$">
                    <field name="VAR" id="lm6MjHqg+jI3/jV=Buf}" variabletype="">privateMotorPreferredVehiclePercent</field>
                    <value name="VALUE">
                      <block type="bignumberfromstring" id="v5m~!7CuCZwj]tdg7Rr%">
                        <value name="number">
                          <block type="variables_get" id="I2LO+S}:nkn~=S*Xx-!w">
                            <field name="VAR" id="Yb0C*GCPPdG$p3I71u5x" variabletype="">lookupValue</field>
                          </block>
                        </value>
                      </block>
                    </value>
                  </block>
                </statement>
              </block>
            </next>
          </block>
        </statement>
        <next>
          <block type="variables_set" id="$}cAsKdQhl}ekD5w:wJ,">
            <field name="VAR" id="[%zi^WnKbfIz%;mCWEM_" variabletype="">privateMotorPreferredVehicleAmount</field>
            <value name="VALUE">
              <block type="bignumbercalculation" id="plQ4U_{RKdcOcU*f{-`-">
                <field name="operation">"times"</field>
                <value name="bigNumber1">
                  <block type="variables_get" id="9nfPnrQ=Jx%`8*k-LOp~">
                    <field name="VAR" id="C8Y34WxwXm`.]bR[?VK7" variabletype="">inputPremium</field>
                  </block>
                </value>
                <value name="bigNumber2">
                  <block type="bignumberpercent" id="A$X!]QM{_zEvX,u2Z78m">
                    <value name="bigNumber">
                      <block type="variables_get" id="7tm/({BHl)~cWaMK4@du">
                        <field name="VAR" id="lm6MjHqg+jI3/jV=Buf}" variabletype="">privateMotorPreferredVehiclePercent</field>
                      </block>
                    </value>
                  </block>
                </value>
              </block>
            </value>
          </block>
        </next>
      </block>
    </statement>
  </block>
  <block type="variables_set" id="pv77ASmn5G?zx38GpSkc" x="987" y="63">
    <field name="VAR" id="C8Y34WxwXm`.]bR[?VK7" variabletype="">inputPremium</field>
    <value name="VALUE">
      <block type="bignumber" id="](ejG^ckEi0CAMKLRbZH">
        <field name="number">9600</field>
      </block>
    </value>
    <next>
      <block type="procedures_callnoreturn" id=":)!$7G{*~MVK+5Zlt]g]">
        <mutation name="getPreferredOccupationDiscount">
          <arg name="coverType"></arg>
          <arg name="occupation"></arg>
          <arg name="inputPremium"></arg>
        </mutation>
        <value name="ARG0">
          <block type="text" id="qFBG])Z.A^se@GKAJ|fl">
            <field name="TEXT">comprehensive</field>
          </block>
        </value>
        <value name="ARG1">
          <block type="text" id="|di@O9:ED-N:6,TW2=nu">
            <field name="TEXT">Jockey</field>
          </block>
        </value>
        <value name="ARG2">
          <block type="variables_get" id="zB5z9dTd}psGCk~Ln?90">
            <field name="VAR" id="C8Y34WxwXm`.]bR[?VK7" variabletype="">inputPremium</field>
          </block>
        </value>
        <next>
          <block type="procedures_callnoreturn" id="F=6?!/iI4fx^I`zm=xz{">
            <mutation name="getPreferredVehicleDiscount">
              <arg name="vehicleMake"></arg>
              <arg name="vehicleModel"></arg>
              <arg name="coverType"></arg>
              <arg name="inputPremium"></arg>
            </mutation>
            <value name="ARG0">
              <block type="text" id="fW%5^VCBO5|G2{;G]ei{">
                <field name="TEXT">HONDA</field>
              </block>
            </value>
            <value name="ARG1">
              <block type="text" id="Qa]?9k%V.{j4n{wMzF[a">
                <field name="TEXT">CIVIC 1.8</field>
              </block>
            </value>
            <value name="ARG2">
              <block type="text" id="}#8Gz/Bmhcts.0~m!^LA">
                <field name="TEXT">comprehensive</field>
              </block>
            </value>
            <value name="ARG3">
              <block type="variables_get" id="q/fAjMnPBf=^N.;8dI{S">
                <field name="VAR" id="C8Y34WxwXm`.]bR[?VK7" variabletype="">inputPremium</field>
              </block>
            </value>
            <next>
              <block type="variables_set" id="=yp=u=6*]Ct+fU3WWF!U">
                <field name="VAR" id="+p?-5LVvEk@wt|*-{oT%" variabletype="">privateMotorDiscountPercent</field>
                <value name="VALUE">
                  <block type="bignumberlistoperation" id="?gMRB[v?gQtqFlTH=+ry">
                    <field name="operation">"sum"</field>
                    <value name="bigNumberList">
                      <block type="lists_create_with" id="b~g5w1HPzVe:Kb]o9EQ@">
                        <mutation items="2"></mutation>
                        <value name="ADD0">
                          <block type="variables_get" id="rYTo6+F-m^7`#mEJ%OOU">
                            <field name="VAR" id="aujf/XXo0UH-315C.Jbw" variabletype="">privateMotorPreferredOccupationPercent</field>
                          </block>
                        </value>
                        <value name="ADD1">
                          <block type="variables_get" id="~l@[uizl{:h4{N,W,ypc">
                            <field name="VAR" id="lm6MjHqg+jI3/jV=Buf}" variabletype="">privateMotorPreferredVehiclePercent</field>
                          </block>
                        </value>
                      </block>
                    </value>
                  </block>
                </value>
                <next>
                  <block type="variables_set" id="(Sa%P/bZ#cewr0EVO1/X">
                    <field name="VAR" id="q2EJNx)BcXQ6==MZ+Oh$" variabletype="">privateMotorDiscountAmount</field>
                    <value name="VALUE">
                      <block type="bignumbercalculation" id="CMS]vaxR,*qzXlbz=M]l">
                        <field name="operation">"times"</field>
                        <value name="bigNumber1">
                          <block type="variables_get" id="J29~$}h96oT#Tw%kGa)K">
                            <field name="VAR" id="C8Y34WxwXm`.]bR[?VK7" variabletype="">inputPremium</field>
                          </block>
                        </value>
                        <value name="bigNumber2">
                          <block type="bignumberpercent" id="6vdhxbDkX_38icpZ#c[!">
                            <value name="bigNumber">
                              <block type="variables_get" id="k-i_?KMu{V[Q!*L2rfcr">
                                <field name="VAR" id="+p?-5LVvEk@wt|*-{oT%" variabletype="">privateMotorDiscountPercent</field>
                              </block>
                            </value>
                          </block>
                        </value>
                      </block>
                    </value>
                    <next>
                      <block type="variables_set" id="2H}uA04AuaH=8~1ZuwN#">
                        <field name="VAR" id="pj=n0eC3!JmF!T[Wu@O7" variabletype="">privateMotorDiscountPremium</field>
                        <value name="VALUE">
                          <block type="bignumbercalculation" id="FHim?8u{;5Zu1@53kEXj">
                            <field name="operation">"plus"</field>
                            <value name="bigNumber1">
                              <block type="variables_get" id="4t3kZq:kE{%VT|6%}t]E">
                                <field name="VAR" id="C8Y34WxwXm`.]bR[?VK7" variabletype="">inputPremium</field>
                              </block>
                            </value>
                            <value name="bigNumber2">
                              <block type="variables_get" id="nQuT.*?mK-gi,p6.?SvT">
                                <field name="VAR" id="q2EJNx)BcXQ6==MZ+Oh$" variabletype="">privateMotorDiscountAmount</field>
                              </block>
                            </value>
                          </block>
                        </value>
                      </block>
                    </next>
                  </block>
                </next>
              </block>
            </next>
          </block>
        </next>
      </block>
    </next>
  </block>
  <block type="procedures_defnoreturn" id="i-9EsEf!a~8w6;`Kkvjd" x="37" y="1163">
    <mutation>
      <arg name="coverType" varid="q_e.8oYSf2FI^C==t)^2"></arg>
      <arg name="occupation" varid="J4P=5a,1=MPBws%j.jDt"></arg>
      <arg name="inputPremium" varid="C8Y34WxwXm`.]bR[?VK7"></arg>
    </mutation>
    <field name="NAME">getPreferredOccupationDiscount</field>
    <comment pinned="false" h="80" w="160">Describe this function...</comment>
    <statement name="STACK">
      <block type="controls_if" id=")g%dTb~dtv](rhV9$r~t">
        <mutation elseif="2"></mutation>
        <value name="IF0">
          <block type="logic_compare" id="L+bI:Bd$/d|@FUhlE?H_">
            <field name="OP">EQ</field>
            <value name="A">
              <block type="variables_get" id="y,^.2)|q,5H8J=l78|wi">
                <field name="VAR" id="q_e.8oYSf2FI^C==t)^2" variabletype="">coverType</field>
              </block>
            </value>
            <value name="B">
              <block type="text" id="m~*pxYWtzy1.+WDJmuRP">
                <field name="TEXT">comprehensive</field>
              </block>
            </value>
          </block>
        </value>
        <statement name="DO0">
          <block type="variables_set" id="y[Kz#ELm13sb[O%C+n*+">
            <field name="VAR" id="Yb0C*GCPPdG$p3I71u5x" variabletype="">lookupValue</field>
            <value name="VALUE">
              <block type="dataquery" id="7)r-64(F!zAePJj-B4~9">
                <value name="tableName">
                  <block type="text" id="@]%pO!DGJ5-9MI.W%F4R">
                    <field name="TEXT">hkOccupation</field>
                  </block>
                </value>
                <value name="filterColumnNames">
                  <block type="lists_create_with" id="1TjR]il*n4XFtNxnQ:Q=">
                    <mutation items="1"></mutation>
                    <value name="ADD0">
                      <block type="text" id="tqg,F1jV2#7G(ndc=?u@">
                        <field name="TEXT">occupation</field>
                      </block>
                    </value>
                  </block>
                </value>
                <value name="filterColumnValues">
                  <block type="lists_create_with" id="`-4VJ6!z)2.(13I$@Ana">
                    <mutation items="1"></mutation>
                    <value name="ADD0">
                      <block type="variables_get" id="iG21=;V%.@F!Dkko{mmB">
                        <field name="VAR" id="J4P=5a,1=MPBws%j.jDt" variabletype="">occupation</field>
                      </block>
                    </value>
                  </block>
                </value>
                <value name="outputColumn">
                  <block type="text" id="x2lIr/kIl7_j6vyn{AQX">
                    <field name="TEXT">comprehensiveDiscountPercentage</field>
                  </block>
                </value>
              </block>
            </value>
            <next>
              <block type="controls_if" id="QPpvXv`^BK)yS0^stxv4">
                <mutation else="1"></mutation>
                <value name="IF0">
                  <block type="logic_compare" id="GmLd34D?1YgjZH8jF2(d">
                    <field name="OP">EQ</field>
                    <value name="A">
                      <block type="variables_get" id="|(wlr=qU#(+s%G1n1Lq(">
                        <field name="VAR" id="Yb0C*GCPPdG$p3I71u5x" variabletype="">lookupValue</field>
                      </block>
                    </value>
                    <value name="B">
                      <block type="logic_null" id="^TrMo(N;x|`e4,1k7dTL"></block>
                    </value>
                  </block>
                </value>
                <statement name="DO0">
                  <block type="variables_set" id="Ne[glglh*qI2lt:8e,=@">
                    <field name="VAR" id="aujf/XXo0UH-315C.Jbw" variabletype="">privateMotorPreferredOccupationPercent</field>
                    <value name="VALUE">
                      <block type="bignumber" id="[_21cnxs|sf,Zv^g$)42">
                        <field name="number">0</field>
                      </block>
                    </value>
                  </block>
                </statement>
                <statement name="ELSE">
                  <block type="variables_set" id="]6D-RJO$.7`O*jBr#U+$">
                    <field name="VAR" id="aujf/XXo0UH-315C.Jbw" variabletype="">privateMotorPreferredOccupationPercent</field>
                    <value name="VALUE">
                      <block type="bignumberfromstring" id="@_:RFV|KA-`MY[Cb(E4v">
                        <value name="number">
                          <block type="variables_get" id="`@IHu6fj!FcnJVO4Q#|C">
                            <field name="VAR" id="Yb0C*GCPPdG$p3I71u5x" variabletype="">lookupValue</field>
                          </block>
                        </value>
                      </block>
                    </value>
                  </block>
                </statement>
              </block>
            </next>
          </block>
        </statement>
        <value name="IF1">
          <block type="logic_compare" id="!Np;#^cQ3VRWfh{%KcSq">
            <field name="OP">EQ</field>
            <value name="A">
              <block type="variables_get" id="Heb-=F{O5$U!bWfuMXb,">
                <field name="VAR" id="q_e.8oYSf2FI^C==t)^2" variabletype="">coverType</field>
              </block>
            </value>
            <value name="B">
              <block type="text" id="k~]mW+.+v1O6}*|AoTe5">
                <field name="TEXT">third party only</field>
              </block>
            </value>
          </block>
        </value>
        <statement name="DO1">
          <block type="variables_set" id="$K`_2Fklb!%mP?Dp+/jv">
            <field name="VAR" id="Yb0C*GCPPdG$p3I71u5x" variabletype="">lookupValue</field>
            <value name="VALUE">
              <block type="dataquery" id="2el{?l|wn=78,3x4`jGD">
                <value name="tableName">
                  <block type="text" id="7xmp]L7/!0K)VZDyYy:I">
                    <field name="TEXT">hkOccupation</field>
                  </block>
                </value>
                <value name="filterColumnNames">
                  <block type="lists_create_with" id="%Ml)_Pm#xk1fBj5z8?QQ">
                    <mutation items="1"></mutation>
                    <value name="ADD0">
                      <block type="text" id="L!]NtEt34cO+)Wrui)N|">
                        <field name="TEXT">occupation</field>
                      </block>
                    </value>
                  </block>
                </value>
                <value name="filterColumnValues">
                  <block type="lists_create_with" id="R8yGn!@kQoM2Ji]od3Z7">
                    <mutation items="1"></mutation>
                    <value name="ADD0">
                      <block type="variables_get" id="]btqOk^(s/qUHrV+w6DL">
                        <field name="VAR" id="J4P=5a,1=MPBws%j.jDt" variabletype="">occupation</field>
                      </block>
                    </value>
                  </block>
                </value>
                <value name="outputColumn">
                  <block type="text" id="]GAnf4U8#tAmKlRWyXL]">
                    <field name="TEXT">thirdPartyDiscountPercentage</field>
                  </block>
                </value>
              </block>
            </value>
            <next>
              <block type="controls_if" id=")!GV+Qg.JslV|;0:EOH;">
                <mutation else="1"></mutation>
                <value name="IF0">
                  <block type="logic_compare" id="f,y7wui6kee=3!?MKnaV">
                    <field name="OP">EQ</field>
                    <value name="A">
                      <block type="variables_get" id="L$Pr~nL/+72VrZwQgH,/">
                        <field name="VAR" id="Yb0C*GCPPdG$p3I71u5x" variabletype="">lookupValue</field>
                      </block>
                    </value>
                    <value name="B">
                      <block type="logic_null" id="WkLj?k@A0W|G@u%b3XFu"></block>
                    </value>
                  </block>
                </value>
                <statement name="DO0">
                  <block type="variables_set" id="J4v}U?aZkU!,bt~OvTTC">
                    <field name="VAR" id="aujf/XXo0UH-315C.Jbw" variabletype="">privateMotorPreferredOccupationPercent</field>
                    <value name="VALUE">
                      <block type="bignumber" id="DsaVG(Z:X.Wdqcj}bBU(">
                        <field name="number">0</field>
                      </block>
                    </value>
                  </block>
                </statement>
                <statement name="ELSE">
                  <block type="variables_set" id="A9Naxyifao$E#Q9OWWpE">
                    <field name="VAR" id="aujf/XXo0UH-315C.Jbw" variabletype="">privateMotorPreferredOccupationPercent</field>
                    <value name="VALUE">
                      <block type="bignumberfromstring" id="IIZY,y3C%9GT9p.F}O%b">
                        <value name="number">
                          <block type="variables_get" id="e=7e840,x$6]}vJ.JOx*">
                            <field name="VAR" id="Yb0C*GCPPdG$p3I71u5x" variabletype="">lookupValue</field>
                          </block>
                        </value>
                      </block>
                    </value>
                  </block>
                </statement>
              </block>
            </next>
          </block>
        </statement>
        <value name="IF2">
          <block type="logic_compare" id="R4(EuG{X)MVM~N#8D=Lu">
            <field name="OP">EQ</field>
            <value name="A">
              <block type="variables_get" id="=^X6-4^O8L7R4X*P?121">
                <field name="VAR" id="q_e.8oYSf2FI^C==t)^2" variabletype="">coverType</field>
              </block>
            </value>
            <value name="B">
              <block type="text" id="nxN~N1?%!4;KBOcyZmNG">
                <field name="TEXT">third party fire and theft</field>
              </block>
            </value>
          </block>
        </value>
        <statement name="DO2">
          <block type="variables_set" id="o:e8E@Q@04xInlnjmAHs">
            <field name="VAR" id="Yb0C*GCPPdG$p3I71u5x" variabletype="">lookupValue</field>
            <value name="VALUE">
              <block type="dataquery" id="L;%.Mk)7Ia)!hX0KBL*(">
                <value name="tableName">
                  <block type="text" id="024;Z;9*!LW6#%]B{O9%">
                    <field name="TEXT">hkOccupation</field>
                  </block>
                </value>
                <value name="filterColumnNames">
                  <block type="lists_create_with" id="JZwXvb**B4|xNV-?BR[+">
                    <mutation items="1"></mutation>
                    <value name="ADD0">
                      <block type="text" id="pmmA~IKE@hM~hytF=cNH">
                        <field name="TEXT">occupation</field>
                      </block>
                    </value>
                  </block>
                </value>
                <value name="filterColumnValues">
                  <block type="lists_create_with" id="oz/IkOP3.T_}gXM72yXI">
                    <mutation items="1"></mutation>
                    <value name="ADD0">
                      <block type="variables_get" id="-Z6Fe}OF!gMbG)WaU;{}">
                        <field name="VAR" id="J4P=5a,1=MPBws%j.jDt" variabletype="">occupation</field>
                      </block>
                    </value>
                  </block>
                </value>
                <value name="outputColumn">
                  <block type="text" id="I^ANDav$c|~82M3phT~v">
                    <field name="TEXT">thirdPartyFireAndTheftDiscountPercentage</field>
                  </block>
                </value>
              </block>
            </value>
            <next>
              <block type="controls_if" id="@2*]-Oa#+EZ1)^)|zn+`">
                <mutation else="1"></mutation>
                <value name="IF0">
                  <block type="logic_compare" id="tvC[wMu/(3#R(?M8E@C3">
                    <field name="OP">EQ</field>
                    <value name="A">
                      <block type="variables_get" id="UYgE~6y71((w~:Y^JT^c">
                        <field name="VAR" id="Yb0C*GCPPdG$p3I71u5x" variabletype="">lookupValue</field>
                      </block>
                    </value>
                    <value name="B">
                      <block type="logic_null" id="qLkbn$Y0lV(S5y(1090="></block>
                    </value>
                  </block>
                </value>
                <statement name="DO0">
                  <block type="variables_set" id="*f,t_z(Cb0in7bn[fF``">
                    <field name="VAR" id="aujf/XXo0UH-315C.Jbw" variabletype="">privateMotorPreferredOccupationPercent</field>
                    <value name="VALUE">
                      <block type="bignumber" id="CC_(hPG?aULC=t#5eFfb">
                        <field name="number">0</field>
                      </block>
                    </value>
                  </block>
                </statement>
                <statement name="ELSE">
                  <block type="variables_set" id="ntQcR?65)K886Zj1NqDG">
                    <field name="VAR" id="aujf/XXo0UH-315C.Jbw" variabletype="">privateMotorPreferredOccupationPercent</field>
                    <value name="VALUE">
                      <block type="bignumberfromstring" id="8BzO]QQ;2.-PO6*r0pgi">
                        <value name="number">
                          <block type="variables_get" id=")*UD2oSh0cT$Sek]!`Fi">
                            <field name="VAR" id="Yb0C*GCPPdG$p3I71u5x" variabletype="">lookupValue</field>
                          </block>
                        </value>
                      </block>
                    </value>
                  </block>
                </statement>
              </block>
            </next>
          </block>
        </statement>
        <next>
          <block type="variables_set" id="3ujcVI81QqX{z53%9hZ4">
            <field name="VAR" id="V$RBLNF3R+t*%dg58Dv]" variabletype="">privateMotorPreferredOccupationAmount</field>
            <value name="VALUE">
              <block type="bignumbercalculation" id="$B%sZ26,zb|-krXghni;">
                <field name="operation">"times"</field>
                <value name="bigNumber1">
                  <block type="variables_get" id="pV/)x4YCt$BL|=8WLrjW">
                    <field name="VAR" id="C8Y34WxwXm`.]bR[?VK7" variabletype="">inputPremium</field>
                  </block>
                </value>
                <value name="bigNumber2">
                  <block type="bignumberpercent" id="d#3(nm,Gzb(fQ_oMR=o$">
                    <value name="bigNumber">
                      <block type="variables_get" id="D.Mt8C(PCl[wV%gFzLSn">
                        <field name="VAR" id="aujf/XXo0UH-315C.Jbw" variabletype="">privateMotorPreferredOccupationPercent</field>
                      </block>
                    </value>
                  </block>
                </value>
              </block>
            </value>
          </block>
        </next>
      </block>
    </statement>
  </block>
</xml>