<xml xmlns="http://www.w3.org/1999/xhtml">
  <variables>
    <variable type="" id="e:dVmc7$v||!=[Fv/wEJ">voluntaryExcessAmount</variable>
    <variable type="" id="=0S-}Zg(}cWP*KiE4pW$">inputPremium</variable>
    <variable type="" id="3,/kl+!$6[/jl!aF)1(K">lookupValue</variable>
    <variable type="" id="LvLvf:p9(870Y`W_5N,9">voluntaryExcessDiscountPercent</variable>
    <variable type="" id="mtJqsKF9c,Pi-KC%[Hy9">voluntaryExcessDiscountAmount</variable>
    <variable type="" id="una{0p!7KQ)/MGDYECUa">voluntaryExcessDiscountPremium</variable>
  </variables>
  <block type="procedures_defnoreturn" id="FqfOY[^%1*#sDKJv:;+}" x="112" y="122">
    <mutation>
      <arg name="voluntaryExcessAmount" varid="e:dVmc7$v||!=[Fv/wEJ"></arg>
      <arg name="inputPremium" varid="=0S-}Zg(}cWP*KiE4pW$"></arg>
    </mutation>
    <field name="NAME">getVoluntaryExcessDiscount</field>
    <comment pinned="false" h="80" w="160">Describe this function...</comment>
    <statement name="STACK">
      <block type="variables_set" id="@;v#?j4Zy%umU*aYn)fK">
        <field name="VAR" id="3,/kl+!$6[/jl!aF)1(K" variabletype="">lookupValue</field>
        <value name="VALUE">
          <block type="dataquery" id="AL6WNYo=J=4!+EL8;5OE">
            <value name="tableName">
              <block type="text" id="pS1$tU^/ibs]nc?@QLD_">
                <field name="TEXT">hkPrivateMotorVoluntaryExcess</field>
              </block>
            </value>
            <value name="filterColumnNames">
              <block type="lists_create_with" id="e#0=rqdmR?|~!i[gJMb6">
                <mutation items="1"></mutation>
                <value name="ADD0">
                  <block type="text" id="+v7G^Klt%7LO8?JN,Oxd">
                    <field name="TEXT">voluntaryExcessAmount</field>
                  </block>
                </value>
              </block>
            </value>
            <value name="filterColumnValues">
              <block type="lists_create_with" id="26]wcc~lFQWx|e6A,]94">
                <mutation items="1"></mutation>
                <value name="ADD0">
                  <block type="variables_get" id="hVH%#8U9/pA5PO1Uat}x">
                    <field name="VAR" id="e:dVmc7$v||!=[Fv/wEJ" variabletype="">voluntaryExcessAmount</field>
                  </block>
                </value>
              </block>
            </value>
            <value name="outputColumn">
              <block type="text" id="]^IQH#K*Phy/tP{3_({?">
                <field name="TEXT">discountPercentage</field>
              </block>
            </value>
          </block>
        </value>
        <next>
          <block type="controls_if" id="HmE[C9V*w/MycEA;N^:%">
            <mutation else="1"></mutation>
            <value name="IF0">
              <block type="logic_compare" id="d=?daLDx=TslX+mi~kt-">
                <field name="OP">EQ</field>
                <value name="A">
                  <block type="variables_get" id="=,Tu{M0/dlkH^5hvW^nI">
                    <field name="VAR" id="3,/kl+!$6[/jl!aF)1(K" variabletype="">lookupValue</field>
                  </block>
                </value>
                <value name="B">
                  <block type="logic_null" id="1Trunk3+|x}7l=v_?7C*"></block>
                </value>
              </block>
            </value>
            <statement name="DO0">
              <block type="variables_set" id="*A%dh+n9X_9wxcI@2xI}">
                <field name="VAR" id="LvLvf:p9(870Y`W_5N,9" variabletype="">voluntaryExcessDiscountPercent</field>
                <value name="VALUE">
                  <block type="bignumber" id="7M#_lX%/liQbEMY]Y6.,">
                    <field name="number">0</field>
                  </block>
                </value>
              </block>
            </statement>
            <statement name="ELSE">
              <block type="variables_set" id="sx?E/Ewmq*o:wS@Ek$J^">
                <field name="VAR" id="LvLvf:p9(870Y`W_5N,9" variabletype="">voluntaryExcessDiscountPercent</field>
                <value name="VALUE">
                  <block type="bignumberfromstring" id="~)u[x![IW09cV%R|V3$X">
                    <value name="number">
                      <block type="variables_get" id="[(p@mkZRH2yYW:*x$+;H">
                        <field name="VAR" id="3,/kl+!$6[/jl!aF)1(K" variabletype="">lookupValue</field>
                      </block>
                    </value>
                  </block>
                </value>
              </block>
            </statement>
            <next>
              <block type="variables_set" id="}.=J*8273Pu[UY}`0j0@">
                <field name="VAR" id="mtJqsKF9c,Pi-KC%[Hy9" variabletype="">voluntaryExcessDiscountAmount</field>
                <value name="VALUE">
                  <block type="bignumbercalculation" id="6wR.D2i;9lyRlczs!a@}">
                    <field name="operation">"times"</field>
                    <value name="bigNumber1">
                      <block type="variables_get" id=".8P(q(aQMaA`p1j!g?(r">
                        <field name="VAR" id="=0S-}Zg(}cWP*KiE4pW$" variabletype="">inputPremium</field>
                      </block>
                    </value>
                    <value name="bigNumber2">
                      <block type="bignumberpercent" id="6zl_h%vR/CA%J!`yfZ7f">
                        <value name="bigNumber">
                          <block type="variables_get" id="dhSamxWrQ.-9Q;S4b6)X">
                            <field name="VAR" id="LvLvf:p9(870Y`W_5N,9" variabletype="">voluntaryExcessDiscountPercent</field>
                          </block>
                        </value>
                      </block>
                    </value>
                  </block>
                </value>
              </block>
            </next>
          </block>
        </next>
      </block>
    </statement>
  </block>
  <block type="variables_set" id="tUxNTN5A4w#mW.V1`nm@" x="1063" y="163">
    <field name="VAR" id="=0S-}Zg(}cWP*KiE4pW$" variabletype="">inputPremium</field>
    <value name="VALUE">
      <block type="bignumber" id="cm8Pau]Vno_V^IL}0Y#:">
        <field name="number">9600</field>
      </block>
    </value>
    <next>
      <block type="variables_set" id="Dt~Ws`O@F$*(HhOlI1Ub">
        <field name="VAR" id="e:dVmc7$v||!=[Fv/wEJ" variabletype="">voluntaryExcessAmount</field>
        <value name="VALUE">
          <block type="bignumber" id="Ll]6TG@kq?gmcU}(wZ`R">
            <field name="number">5000</field>
          </block>
        </value>
        <next>
          <block type="procedures_callnoreturn" id="wISvM-3.Gv;g?AP1pnLz">
            <mutation name="getVoluntaryExcessDiscount">
              <arg name="voluntaryExcessAmount"></arg>
              <arg name="inputPremium"></arg>
            </mutation>
            <value name="ARG0">
              <block type="variables_get" id="9R[rwMz{DEUDQWcG`AYd">
                <field name="VAR" id="e:dVmc7$v||!=[Fv/wEJ" variabletype="">voluntaryExcessAmount</field>
              </block>
            </value>
            <value name="ARG1">
              <block type="variables_get" id="IOg1^Ub/J}i4W)PG)Jv0">
                <field name="VAR" id="=0S-}Zg(}cWP*KiE4pW$" variabletype="">inputPremium</field>
              </block>
            </value>
            <next>
              <block type="variables_set" id=".=qvo3Q2]{m,qE%E0Ey[">
                <field name="VAR" id="una{0p!7KQ)/MGDYECUa" variabletype="">voluntaryExcessDiscountPremium</field>
                <value name="VALUE">
                  <block type="bignumbercalculation" id="jZ{~*1kY@+TH4*(6[P/|">
                    <field name="operation">"minus"</field>
                    <value name="bigNumber1">
                      <block type="variables_get" id="H.yGGe~|Ou;0yPUh,,S}">
                        <field name="VAR" id="=0S-}Zg(}cWP*KiE4pW$" variabletype="">inputPremium</field>
                      </block>
                    </value>
                    <value name="bigNumber2">
                      <block type="variables_get" id="@R0!_;K/pX.EUQMwc8Nc">
                        <field name="VAR" id="mtJqsKF9c,Pi-KC%[Hy9" variabletype="">voluntaryExcessDiscountAmount</field>
                      </block>
                    </value>
                  </block>
                </value>
              </block>
            </next>
          </block>
        </next>
      </block>
    </next>
  </block>
</xml>