<xml xmlns="http://www.w3.org/1999/xhtml">
  <variables>
    <variable type="" id="+%YWrcDek-O{~odY9.#-">inputPremium</variable>
    <variable type="" id="%.kFa?Q8ne}Xr[|.,gg5">namedDriverNumber</variable>
    <variable type="" id="np`01rHdq!sbwPAY{mXs">privateMotorAdditionalNamedDriverPremium</variable>
    <variable type="" id="jl2Gdx1t5i#P-S%.)oTh">privateMotorAdditionalNamedDriverPercent</variable>
    <variable type="" id="3DweTK.UsiNnwJ!_ae#0">privateMotorAdditionalNamedDriverAmount</variable>
  </variables>
  <block type="variables_set" id="~n.eRxW:V#eJj$EuodFF" x="1188" y="62">
    <field name="VAR" id="+%YWrcDek-O{~odY9.#-" variabletype="">inputPremium</field>
    <value name="VALUE">
      <block type="bignumber" id=".?Qe0$3@72]Mzg!?M#Zj">
        <field name="number">9600</field>
      </block>
    </value>
    <next>
      <block type="procedures_callnoreturn" id="1={^]Bf89qQigBH{C6=N">
        <mutation name="getAdditionalNamedDriverLoading">
          <arg name="namedDriverNumber"></arg>
          <arg name="inputPremium"></arg>
        </mutation>
        <value name="ARG0">
          <block type="bignumber" id="k$d(.H{$)++zc2Jfw2i:">
            <field name="number">4</field>
          </block>
        </value>
        <value name="ARG1">
          <block type="variables_get" id="T?`2~[?ZGiHjwcn9)+:j">
            <field name="VAR" id="+%YWrcDek-O{~odY9.#-" variabletype="">inputPremium</field>
          </block>
        </value>
        <next>
          <block type="variables_set" id="}_sfG.vn?2PX1+woVv[Y">
            <field name="VAR" id="np`01rHdq!sbwPAY{mXs" variabletype="">privateMotorAdditionalNamedDriverPremium</field>
            <value name="VALUE">
              <block type="bignumbercalculation" id="F~h}{q=iOj2*8T40KTB!">
                <field name="operation">"plus"</field>
                <value name="bigNumber1">
                  <block type="variables_get" id="tOAi0PUz|1FNYKKfdTJB">
                    <field name="VAR" id="+%YWrcDek-O{~odY9.#-" variabletype="">inputPremium</field>
                  </block>
                </value>
                <value name="bigNumber2">
                  <block type="variables_get" id="2ll`GF;LlVus=01`}[wx">
                    <field name="VAR" id="3DweTK.UsiNnwJ!_ae#0" variabletype="">privateMotorAdditionalNamedDriverAmount</field>
                  </block>
                </value>
              </block>
            </value>
          </block>
        </next>
      </block>
    </next>
  </block>
  <block type="procedures_defnoreturn" id="mt$,.m)F%Pe-BJ@7$o9?" x="126" y="120">
    <mutation>
      <arg name="namedDriverNumber" varid="%.kFa?Q8ne}Xr[|.,gg5"></arg>
      <arg name="inputPremium" varid="+%YWrcDek-O{~odY9.#-"></arg>
    </mutation>
    <field name="NAME">getAdditionalNamedDriverLoading</field>
    <comment pinned="false" h="80" w="160">Describe this function...</comment>
    <statement name="STACK">
      <block type="controls_if" id="fg%+/%JbM,CQ~[)]#hLT">
        <mutation elseif="2"></mutation>
        <value name="IF0">
          <block type="numbercomparison" id="H|Ip08o802ol`)]v:v@9">
            <field name="operation">"LTE"</field>
            <value name="bigNumber1">
              <block type="variables_get" id="!iyD;MGc1G_:([yZu`%,">
                <field name="VAR" id="%.kFa?Q8ne}Xr[|.,gg5" variabletype="">namedDriverNumber</field>
              </block>
            </value>
            <value name="bigNumber2">
              <block type="bignumber" id="~Rm_(47?zE!nWTBZc=D{">
                <field name="number">2</field>
              </block>
            </value>
          </block>
        </value>
        <statement name="DO0">
          <block type="variables_set" id="03w)Qv)a0if~,[jZsz@X">
            <field name="VAR" id="jl2Gdx1t5i#P-S%.)oTh" variabletype="">privateMotorAdditionalNamedDriverPercent</field>
            <value name="VALUE">
              <block type="bignumber" id="+MqVuCEHKE[.!UON6QK{">
                <field name="number">0</field>
              </block>
            </value>
          </block>
        </statement>
        <value name="IF1">
          <block type="numbercomparison" id="0Ne,b~LQ}{L^x=FVwR,L">
            <field name="operation">"EQ"</field>
            <value name="bigNumber1">
              <block type="variables_get" id="*4S3d-fj)FOe[7.$twP9">
                <field name="VAR" id="%.kFa?Q8ne}Xr[|.,gg5" variabletype="">namedDriverNumber</field>
              </block>
            </value>
            <value name="bigNumber2">
              <block type="bignumber" id="cB:,r8c9mu$kS/hrbw:?">
                <field name="number">3</field>
              </block>
            </value>
          </block>
        </value>
        <statement name="DO1">
          <block type="variables_set" id="%NN;DSK6-Ut8SV3X7-n?">
            <field name="VAR" id="jl2Gdx1t5i#P-S%.)oTh" variabletype="">privateMotorAdditionalNamedDriverPercent</field>
            <value name="VALUE">
              <block type="bignumber" id="?]SyV`uJhNd1+VR_%$lx">
                <field name="number">10</field>
              </block>
            </value>
          </block>
        </statement>
        <value name="IF2">
          <block type="numbercomparison" id="RKhjj5?U|6G?dYHrOP0c">
            <field name="operation">"EQ"</field>
            <value name="bigNumber1">
              <block type="variables_get" id="|wx_y^-OYj[`p5D0G;_?">
                <field name="VAR" id="%.kFa?Q8ne}Xr[|.,gg5" variabletype="">namedDriverNumber</field>
              </block>
            </value>
            <value name="bigNumber2">
              <block type="bignumber" id="=9+HB:q:=)RK1kHiPvd(">
                <field name="number">4</field>
              </block>
            </value>
          </block>
        </value>
        <statement name="DO2">
          <block type="variables_set" id="6]|%D1]H;v!K4T06RIHC">
            <field name="VAR" id="jl2Gdx1t5i#P-S%.)oTh" variabletype="">privateMotorAdditionalNamedDriverPercent</field>
            <value name="VALUE">
              <block type="bignumber" id="*j|cUFceam8pDH2w5It[">
                <field name="number">20</field>
              </block>
            </value>
          </block>
        </statement>
        <next>
          <block type="variables_set" id="fJ?tib;U|J-cbGGmY9aY">
            <field name="VAR" id="3DweTK.UsiNnwJ!_ae#0" variabletype="">privateMotorAdditionalNamedDriverAmount</field>
            <value name="VALUE">
              <block type="bignumbercalculation" id="m*cAYJIV0P`xq@,V3.#V">
                <field name="operation">"times"</field>
                <value name="bigNumber1">
                  <block type="bignumbercalculation" id="K53+uP:o=r0##(!Cl?P:">
                    <field name="operation">"dividedBy"</field>
                    <value name="bigNumber1">
                      <block type="variables_get" id="@rOZbp$h5Jjf3G(y43pf">
                        <field name="VAR" id="jl2Gdx1t5i#P-S%.)oTh" variabletype="">privateMotorAdditionalNamedDriverPercent</field>
                      </block>
                    </value>
                    <value name="bigNumber2">
                      <block type="bignumber" id="(8Byx2YG2~Dpsq/@PK:R">
                        <field name="number">100</field>
                      </block>
                    </value>
                  </block>
                </value>
                <value name="bigNumber2">
                  <block type="variables_get" id="9xB_,xjIm8D;`gUsZ/|?">
                    <field name="VAR" id="+%YWrcDek-O{~odY9.#-" variabletype="">inputPremium</field>
                  </block>
                </value>
              </block>
            </value>
          </block>
        </next>
      </block>
    </statement>
  </block>
</xml>