<xml xmlns="http://www.w3.org/1999/xhtml">
  <variables>
    <variable type="" id="IiK`F9Wbj0$yXiipvFhg">carsInsured</variable>
    <variable type="" id="lt:=j+fN;x!id1Lr9o8*">inputPremium</variable>
    <variable type="" id="*Q2yE*k/mcqVlv7KU[)C">privateMotorMultiCarsDiscountPercent</variable>
    <variable type="" id="$MDa4lfJm?Yln4T@GX=V">privateMotorMultiCarsDiscountAmount</variable>
    <variable type="" id="6jIGHFWwBQq{lk1hrYc#">privateMotorMultiCarsPremium</variable>
  </variables>
  <block type="procedures_defnoreturn" id="42UFCd*C57x/-x9OF4)Y" x="13" y="113">
    <mutation>
      <arg name="carsInsured" varid="IiK`F9Wbj0$yXiipvFhg"></arg>
      <arg name="inputPremium" varid="lt:=j+fN;x!id1Lr9o8*"></arg>
    </mutation>
    <field name="NAME">getMultiCarsDiscount</field>
    <comment pinned="false" h="80" w="160">Describe this function...</comment>
    <statement name="STACK">
      <block type="controls_if" id="R#vk4z%5Tt{,c9L8uuMn">
        <mutation elseif="2"></mutation>
        <value name="IF0">
          <block type="numbercomparison" id="GFuJwI(wEZ^UL5{S1g2f">
            <field name="operation">"LT"</field>
            <value name="bigNumber1">
              <block type="variables_get" id="?:by`6G[4QAJw9.Q!Tdg">
                <field name="VAR" id="IiK`F9Wbj0$yXiipvFhg" variabletype="">carsInsured</field>
              </block>
            </value>
            <value name="bigNumber2">
              <block type="bignumber" id="u:K$]+_^a*`5dXc[m4J/">
                <field name="number">2</field>
              </block>
            </value>
          </block>
        </value>
        <statement name="DO0">
          <block type="variables_set" id="I+/%9Q7nG@rr}gq}P[YU">
            <field name="VAR" id="*Q2yE*k/mcqVlv7KU[)C" variabletype="">privateMotorMultiCarsDiscountPercent</field>
            <value name="VALUE">
              <block type="bignumber" id="6CSx8|8/F~!Ny,0${vCd">
                <field name="number">0</field>
              </block>
            </value>
          </block>
        </statement>
        <value name="IF1">
          <block type="numbercomparison" id="27.VfWy3lfP}~e{@OhS8">
            <field name="operation">"EQ"</field>
            <value name="bigNumber1">
              <block type="variables_get" id="JJKIsu4iR0N|QqEwB|k2">
                <field name="VAR" id="IiK`F9Wbj0$yXiipvFhg" variabletype="">carsInsured</field>
              </block>
            </value>
            <value name="bigNumber2">
              <block type="bignumber" id="*wr+m,j3ed*jP/ls0v9I">
                <field name="number">2</field>
              </block>
            </value>
          </block>
        </value>
        <statement name="DO1">
          <block type="variables_set" id="p2eTV]G+GK`$Tof{l5K~">
            <field name="VAR" id="*Q2yE*k/mcqVlv7KU[)C" variabletype="">privateMotorMultiCarsDiscountPercent</field>
            <value name="VALUE">
              <block type="bignumber" id="_x;YX[@Ja/qP_JGH`)s!">
                <field name="number">5</field>
              </block>
            </value>
          </block>
        </statement>
        <value name="IF2">
          <block type="numbercomparison" id="GVTPF.l(Z*:8jj`B[n_k">
            <field name="operation">"GTE"</field>
            <value name="bigNumber1">
              <block type="variables_get" id="9}7?}7hbx/;!.#~{@:kk">
                <field name="VAR" id="IiK`F9Wbj0$yXiipvFhg" variabletype="">carsInsured</field>
              </block>
            </value>
            <value name="bigNumber2">
              <block type="bignumber" id="t-)|-4fj;?6.aEp[82qn">
                <field name="number">3</field>
              </block>
            </value>
          </block>
        </value>
        <statement name="DO2">
          <block type="variables_set" id="qkh/=jSCJ_U!(6VMwjST">
            <field name="VAR" id="*Q2yE*k/mcqVlv7KU[)C" variabletype="">privateMotorMultiCarsDiscountPercent</field>
            <value name="VALUE">
              <block type="bignumber" id=";HAU19BAi^ZQL6~2]v(U">
                <field name="number">10</field>
              </block>
            </value>
          </block>
        </statement>
        <next>
          <block type="variables_set" id=":i3?-#Lyv,_il{~mk}bW">
            <field name="VAR" id="$MDa4lfJm?Yln4T@GX=V" variabletype="">privateMotorMultiCarsDiscountAmount</field>
            <value name="VALUE">
              <block type="bignumbercalculation" id="wQC0DSC[FY.L10[gpW.a">
                <field name="operation">"times"</field>
                <value name="bigNumber1">
                  <block type="variables_get" id="X!!rl^TCw%X$OECYQ69L">
                    <field name="VAR" id="lt:=j+fN;x!id1Lr9o8*" variabletype="">inputPremium</field>
                  </block>
                </value>
                <value name="bigNumber2">
                  <block type="bignumberpercent" id="EbtX7[Z-mD7!L:/XL@],">
                    <value name="bigNumber">
                      <block type="variables_get" id="G-28IXU@pIx^e9URARK;">
                        <field name="VAR" id="*Q2yE*k/mcqVlv7KU[)C" variabletype="">privateMotorMultiCarsDiscountPercent</field>
                      </block>
                    </value>
                  </block>
                </value>
              </block>
            </value>
          </block>
        </next>
      </block>
    </statement>
  </block>
  <block type="variables_set" id="L+q0X,+ahp8%]RMH}5Q2" x="937" y="88">
    <field name="VAR" id="IiK`F9Wbj0$yXiipvFhg" variabletype="">carsInsured</field>
    <value name="VALUE">
      <block type="bignumber" id="6M!DL@Zucm2kDK~AZmz|">
        <field name="number">3</field>
      </block>
    </value>
    <next>
      <block type="variables_set" id="j+f2tJ09^9xutp)shGgB">
        <field name="VAR" id="lt:=j+fN;x!id1Lr9o8*" variabletype="">inputPremium</field>
        <value name="VALUE">
          <block type="bignumber" id="1{u@W!*7Y[;Nj/A#)Z/+">
            <field name="number">9600</field>
          </block>
        </value>
        <next>
          <block type="procedures_callnoreturn" id="/yzcqZ8:$?o/W0XS]wCl">
            <mutation name="getMultiCarsDiscount">
              <arg name="carsInsured"></arg>
              <arg name="inputPremium"></arg>
            </mutation>
            <value name="ARG0">
              <block type="variables_get" id="ZUnk$G!=/Q*=V2C/j^Kj">
                <field name="VAR" id="IiK`F9Wbj0$yXiipvFhg" variabletype="">carsInsured</field>
              </block>
            </value>
            <value name="ARG1">
              <block type="variables_get" id="@zzjL2GTv3EaE2rWow3s">
                <field name="VAR" id="lt:=j+fN;x!id1Lr9o8*" variabletype="">inputPremium</field>
              </block>
            </value>
            <next>
              <block type="variables_set" id=":!fq|3#:=v8X8!3FX{hA">
                <field name="VAR" id="6jIGHFWwBQq{lk1hrYc#" variabletype="">privateMotorMultiCarsPremium</field>
                <value name="VALUE">
                  <block type="bignumbercalculation" id="#L_dZfJ=4]k`.4rcp)66">
                    <field name="operation">"minus"</field>
                    <value name="bigNumber1">
                      <block type="variables_get" id="EAnHojx*MXVU}knfME|F">
                        <field name="VAR" id="lt:=j+fN;x!id1Lr9o8*" variabletype="">inputPremium</field>
                      </block>
                    </value>
                    <value name="bigNumber2">
                      <block type="variables_get" id="oq(Q6(P[3UM.uqVQLs(w">
                        <field name="VAR" id="$MDa4lfJm?Yln4T@GX=V" variabletype="">privateMotorMultiCarsDiscountAmount</field>
                      </block>
                    </value>
                  </block>
                </value>
              </block>
            </next>
          </block>
        </next>
      </block>
    </next>
  </block>
</xml>