<xml xmlns="http://www.w3.org/1999/xhtml">
  <variables>
    <variable type="" id="^^ZUQOrvcw=v~Iw*!Bjg">vehicleMake</variable>
    <variable type="" id="J1`B(Y_LnL2=;=5~erfK">vehicleModel</variable>
    <variable type="" id="[%EXTr{/XF~l(:SB1]7l">insuredValue</variable>
    <variable type="" id="9W+h]kAd0A=t!*2f:!Hd">group</variable>
    <variable type="" id="?ls#V-|C)pg#hfCQ}N{-">noClaimDiscountPercent</variable>
    <variable type="" id="|k6WNMj2vklQZ}g-y1!h">field</variable>
    <variable type="" id="]MgK5mD@py*)y|mvJw|}">voluntaryExcessAmount</variable>
    <variable type="" id="S22/{^d2sANOT`~IXl4U">coverType</variable>
    <variable type="" id="*D*fZv5ZVw7k8VMw,@UL">excessGroup</variable>
    <variable type="" id=".abYvi-QP|$%Rwzvx}Ks">excessTerm</variable>
    <variable type="" id="a~{#muVN,t:GvC[6~O!E">generalExcessInsuredValuePercentage</variable>
    <variable type="" id="wLyzo{k7F{E/rOV9r;$0">tppdAmount</variable>
    <variable type="" id="-vCv?d)MEcZ}1TqE=):r">generalExcessMinimum</variable>
    <variable type="" id="?Bny`sk(E@s7zKZ76Id6">tppdYoungDriverAmount</variable>
    <variable type="" id="1Hm-2yI#4@r;Ut1!hpD^">theftExcessInsuredValuePercentage</variable>
    <variable type="" id=".^#?AUvE/}4G)/{f0GJ-">tppdInexperienceDriverAmount</variable>
    <variable type="" id="_(C}PaiPr+gExdfxXcC1">theftExcessMinimum</variable>
    <variable type="" id="#YJBtnSk_{s[qFx@!fr2">voluntaryAmount</variable>
    <variable type="" id="_P,NJt%t8JNbR)AR^Z-D">generalExcess</variable>
    <variable type="" id="[@jno,`vcE4!bJ9.vm0A">theftExcess</variable>
    <variable type="" id="fHba2/Kl4(Jaw%D5v5:O">generalAmount</variable>
    <variable type="" id="y]Wh(Y`/auTr{D%wR$XE">youngDriverAmount</variable>
    <variable type="" id="uglP{86(3/p:0*m%pHIj">inexperiencedDriverAmount</variable>
    <variable type="" id="*VOz@uNeZA/:~RLSSQ9U">unnamedDriverAmount</variable>
    <variable type="" id="S*,BUZ9V!V4k1C+9+z@8">parkingAmount</variable>
  </variables>
  <block type="procedures_defreturn" id="fjV/i[{)g,67Q!+AjfPR" x="-112" y="-388">
    <mutation>
      <arg name="vehicleMake" varid="^^ZUQOrvcw=v~Iw*!Bjg"></arg>
      <arg name="vehicleModel" varid="J1`B(Y_LnL2=;=5~erfK"></arg>
    </mutation>
    <field name="NAME">getMakeModelExcessGroup</field>
    <comment pinned="false" h="80" w="160">Describe this function...</comment>
    <statement name="STACK">
      <block type="variables_set" id="lQGS;*E:+,3+qaCvx$dG">
        <field name="VAR" id="*D*fZv5ZVw7k8VMw,@UL" variabletype="">excessGroup</field>
        <value name="VALUE">
          <block type="dataquery" id="+$$BqB6FA~QF7$HpuZ@p">
            <value name="tableName">
              <block type="text" id="-,ZE5mv3AD$aOR,wyP[T">
                <field name="TEXT">hkPrivateMotorVehicle</field>
              </block>
            </value>
            <value name="filterColumnNames">
              <block type="lists_create_with" id="Nik_=Rwm0x1IZKl%F2c0">
                <mutation items="2"></mutation>
                <value name="ADD0">
                  <block type="text" id="Be7`YuQO=7|2e`9!Nq-3">
                    <field name="TEXT">make</field>
                  </block>
                </value>
                <value name="ADD1">
                  <block type="text" id="`PBr.L6W;xn9E[/B-5@z">
                    <field name="TEXT">model</field>
                  </block>
                </value>
              </block>
            </value>
            <value name="filterColumnValues">
              <block type="lists_create_with" id="q}S+Jhpf5E*Wc3QL}m/f">
                <mutation items="2"></mutation>
                <value name="ADD0">
                  <block type="variables_get" id="#SLVD=Xt|}c()71$WY40">
                    <field name="VAR" id="^^ZUQOrvcw=v~Iw*!Bjg" variabletype="">vehicleMake</field>
                  </block>
                </value>
                <value name="ADD1">
                  <block type="variables_get" id="27*GNw7b59;YktgU7=8#">
                    <field name="VAR" id="J1`B(Y_LnL2=;=5~erfK" variabletype="">vehicleModel</field>
                  </block>
                </value>
              </block>
            </value>
            <value name="outputColumn">
              <block type="text" id="vzx_yY/EkL(^?JS2}r?)">
                <field name="TEXT">group</field>
              </block>
            </value>
          </block>
        </value>
      </block>
    </statement>
    <value name="RETURN">
      <block type="variables_get" id="Y,-n.mysj6P@Z-w@b-=!">
        <field name="VAR" id="*D*fZv5ZVw7k8VMw,@UL" variabletype="">excessGroup</field>
      </block>
    </value>
  </block>
  <block type="variables_set" id="18Gu@{htnYINr$^?j{6)" x="887" y="-387">
    <field name="VAR" id="[%EXTr{/XF~l(:SB1]7l" variabletype="">insuredValue</field>
    <value name="VALUE">
      <block type="bignumber" id="OYB[zz;tQMNVVZ0PS/O(">
        <field name="number">9600</field>
      </block>
    </value>
    <next>
      <block type="variables_set" id="baw^BDZLR$@zQ-Df_eu6">
        <field name="VAR" id="]MgK5mD@py*)y|mvJw|}" variabletype="">voluntaryExcessAmount</field>
        <value name="VALUE">
          <block type="bignumber" id="+w|t8dRfW=8zN;XxJwkX">
            <field name="number">0</field>
          </block>
        </value>
        <next>
          <block type="variables_set" id="$tK[rS$eI7h[g%,xCFaA">
            <field name="VAR" id="^^ZUQOrvcw=v~Iw*!Bjg" variabletype="">vehicleMake</field>
            <value name="VALUE">
              <block type="text" id="a#2Q/G|2Ec^~Y,*r-au{">
                <field name="TEXT">HONDA</field>
              </block>
            </value>
            <next>
              <block type="variables_set" id="CJRLE#g#?(uK-m5]+6!T">
                <field name="VAR" id="J1`B(Y_LnL2=;=5~erfK" variabletype="">vehicleModel</field>
                <value name="VALUE">
                  <block type="text" id="I2=YAs:I6Q(EDCqM*$bz">
                    <field name="TEXT">CIVIC 1.8</field>
                  </block>
                </value>
                <next>
                  <block type="variables_set" id="=0sD|.O0$D_23EwyFk3.">
                    <field name="VAR" id="?ls#V-|C)pg#hfCQ}N{-" variabletype="">noClaimDiscountPercent</field>
                    <value name="VALUE">
                      <block type="bignumber" id="2B%^i@p8D5n!]D-^V81]">
                        <field name="number">20</field>
                      </block>
                    </value>
                    <next>
                      <block type="variables_set" id="93nS{wZ#5pl{DypmG)$n">
                        <field name="VAR" id="S22/{^d2sANOT`~IXl4U" variabletype="">coverType</field>
                        <value name="VALUE">
                          <block type="text" id="3xv+(#FUe}.t%][Y4DO7">
                            <field name="TEXT">HONDA</field>
                          </block>
                        </value>
                        <next>
                          <block type="procedures_callnoreturn" id="5x^n*G{Ef%KG[8S{oUIz">
                            <mutation name="getExcesses">
                              <arg name="insuredValue"></arg>
                              <arg name="voluntaryExcessAmount"></arg>
                              <arg name="vehicleMake"></arg>
                              <arg name="vehicleModel"></arg>
                              <arg name="noClaimDiscountPercent"></arg>
                              <arg name="coverType"></arg>
                            </mutation>
                            <value name="ARG0">
                              <block type="variables_get" id="-V#@)*$`rgihvY5ia=1!">
                                <field name="VAR" id="[%EXTr{/XF~l(:SB1]7l" variabletype="">insuredValue</field>
                              </block>
                            </value>
                            <value name="ARG1">
                              <block type="variables_get" id="INz4P~~#f,-6ZXM!b@fK">
                                <field name="VAR" id="]MgK5mD@py*)y|mvJw|}" variabletype="">voluntaryExcessAmount</field>
                              </block>
                            </value>
                            <value name="ARG2">
                              <block type="variables_get" id="{/8Osixp5kU);ku#L*9S">
                                <field name="VAR" id="^^ZUQOrvcw=v~Iw*!Bjg" variabletype="">vehicleMake</field>
                              </block>
                            </value>
                            <value name="ARG3">
                              <block type="variables_get" id="jh[ol7T[qAqJ?(Fd+knV">
                                <field name="VAR" id="J1`B(Y_LnL2=;=5~erfK" variabletype="">vehicleModel</field>
                              </block>
                            </value>
                            <value name="ARG4">
                              <block type="variables_get" id="!#czeV$TiQb|=idNH+`Z">
                                <field name="VAR" id="?ls#V-|C)pg#hfCQ}N{-" variabletype="">noClaimDiscountPercent</field>
                              </block>
                            </value>
                            <value name="ARG5">
                              <block type="variables_get" id="O?5ZE{eO):6=J1E,ZL6;">
                                <field name="VAR" id="S22/{^d2sANOT`~IXl4U" variabletype="">coverType</field>
                              </block>
                            </value>
                          </block>
                        </next>
                      </block>
                    </next>
                  </block>
                </next>
              </block>
            </next>
          </block>
        </next>
      </block>
    </next>
  </block>
  <block type="procedures_defreturn" id="CZ6$?G]G4pBiK{)hPUMJ" x="-112" y="-163">
    <mutation>
      <arg name="group" varid="9W+h]kAd0A=t!*2f:!Hd"></arg>
      <arg name="noClaimDiscountPercent" varid="?ls#V-|C)pg#hfCQ}N{-"></arg>
      <arg name="field" varid="|k6WNMj2vklQZ}g-y1!h"></arg>
    </mutation>
    <field name="NAME">getExcessTerm</field>
    <comment pinned="false" h="80" w="160">Describe this function...</comment>
    <statement name="STACK">
      <block type="variables_set" id="klX!|^|3L7=H^{P=62.b">
        <field name="VAR" id=".abYvi-QP|$%Rwzvx}Ks" variabletype="">excessTerm</field>
        <value name="VALUE">
          <block type="dataquery" id="$iI*kXsL,w=)$odM_s-@">
            <value name="tableName">
              <block type="text" id="w4U:Go3KmQM:-@agtQfa">
                <field name="TEXT">hkPrivateMotorExcess</field>
              </block>
            </value>
            <value name="filterColumnNames">
              <block type="lists_create_with" id="}ci#FDY5*;rq{7#ci2I-">
                <mutation items="2"></mutation>
                <value name="ADD0">
                  <block type="text" id="b3V^XNdAj]Kzk;`Hfyzc">
                    <field name="TEXT">group</field>
                  </block>
                </value>
                <value name="ADD1">
                  <block type="text" id="1+nZkisx%0}47OLNJAY^">
                    <field name="TEXT">generalExcessNcd</field>
                  </block>
                </value>
              </block>
            </value>
            <value name="filterColumnValues">
              <block type="lists_create_with" id="G,CqM`ZC`AV4N,ghhRt.">
                <mutation items="2"></mutation>
                <value name="ADD0">
                  <block type="variables_get" id="dp([p=#c$$qHi8jGR~!K">
                    <field name="VAR" id="9W+h]kAd0A=t!*2f:!Hd" variabletype="">group</field>
                  </block>
                </value>
                <value name="ADD1">
                  <block type="variables_get" id="ErUs^mR*jIu|em.#V{yw">
                    <field name="VAR" id="?ls#V-|C)pg#hfCQ}N{-" variabletype="">noClaimDiscountPercent</field>
                  </block>
                </value>
              </block>
            </value>
            <value name="outputColumn">
              <block type="variables_get" id="V!:7t#mY4vY7{8muf.y2">
                <field name="VAR" id="|k6WNMj2vklQZ}g-y1!h" variabletype="">field</field>
              </block>
            </value>
          </block>
        </value>
      </block>
    </statement>
    <value name="RETURN">
      <block type="variables_get" id="sm-:mzTF:I`,C|H)5C%t">
        <field name="VAR" id=".abYvi-QP|$%Rwzvx}Ks" variabletype="">excessTerm</field>
      </block>
    </value>
  </block>
  <block type="procedures_defnoreturn" id="JQc3)J-`@+Q.wF7(q/a!" x="-113" y="63">
    <mutation>
      <arg name="insuredValue" varid="[%EXTr{/XF~l(:SB1]7l"></arg>
      <arg name="voluntaryExcessAmount" varid="]MgK5mD@py*)y|mvJw|}"></arg>
      <arg name="vehicleMake" varid="^^ZUQOrvcw=v~Iw*!Bjg"></arg>
      <arg name="vehicleModel" varid="J1`B(Y_LnL2=;=5~erfK"></arg>
      <arg name="noClaimDiscountPercent" varid="?ls#V-|C)pg#hfCQ}N{-"></arg>
      <arg name="coverType" varid="S22/{^d2sANOT`~IXl4U"></arg>
    </mutation>
    <field name="NAME">getExcesses</field>
    <comment pinned="false" h="80" w="160">Describe this function...</comment>
    <statement name="STACK">
      <block type="variables_set" id="gc*K`eLgT=A4[PmJE(}V">
        <field name="VAR" id="*D*fZv5ZVw7k8VMw,@UL" variabletype="">excessGroup</field>
        <value name="VALUE">
          <block type="procedures_callreturn" id="T8PC7x=?H//o3cK9jG4U">
            <mutation name="getMakeModelExcessGroup">
              <arg name="vehicleMake"></arg>
              <arg name="vehicleModel"></arg>
            </mutation>
            <value name="ARG0">
              <block type="variables_get" id="@wBeFM121jb0/;|b4_5x">
                <field name="VAR" id="^^ZUQOrvcw=v~Iw*!Bjg" variabletype="">vehicleMake</field>
              </block>
            </value>
            <value name="ARG1">
              <block type="variables_get" id="}_hofn,)W)BDRptvP[MX">
                <field name="VAR" id="J1`B(Y_LnL2=;=5~erfK" variabletype="">vehicleModel</field>
              </block>
            </value>
          </block>
        </value>
        <next>
          <block type="controls_if" id="`n?g{b(sgx22S)vCLKdJ">
            <value name="IF0">
              <block type="logic_compare" id="S+`sMGQwVD~e1A}vMcEH">
                <field name="OP">EQ</field>
                <value name="A">
                  <block type="variables_get" id=")vDhfHe^CR=^U*VEy{cp">
                    <field name="VAR" id="S22/{^d2sANOT`~IXl4U" variabletype="">coverType</field>
                  </block>
                </value>
                <value name="B">
                  <block type="text" id="^E9])3G!Ed{(NPTT{9=0">
                    <field name="TEXT">comprehensive</field>
                  </block>
                </value>
              </block>
            </value>
            <statement name="DO0">
              <block type="variables_set" id="kr!)N(,%-MzXktJM/TvQ">
                <field name="VAR" id="a~{#muVN,t:GvC[6~O!E" variabletype="">generalExcessInsuredValuePercentage</field>
                <value name="VALUE">
                  <block type="procedures_callreturn" id="LR1a9LcksFt0UPhy?9)Q">
                    <mutation name="getExcessTerm">
                      <arg name="group"></arg>
                      <arg name="noClaimDiscountPercent"></arg>
                      <arg name="field"></arg>
                    </mutation>
                    <value name="ARG0">
                      <block type="variables_get" id="@HVoU[Xt)h%%wUDvxSm@">
                        <field name="VAR" id="*D*fZv5ZVw7k8VMw,@UL" variabletype="">excessGroup</field>
                      </block>
                    </value>
                    <value name="ARG1">
                      <block type="variables_get" id="I0Hc7;/Uom+l~JQ)3L{q">
                        <field name="VAR" id="?ls#V-|C)pg#hfCQ}N{-" variabletype="">noClaimDiscountPercent</field>
                      </block>
                    </value>
                    <value name="ARG2">
                      <block type="text" id="QSBV|zwu;QIq%Kf2(}-w">
                        <field name="TEXT">generalExcessInsuredValuePercentage</field>
                      </block>
                    </value>
                  </block>
                </value>
                <next>
                  <block type="variables_set" id="7j|YrwGpN)/|4A2x2#.t">
                    <field name="VAR" id="-vCv?d)MEcZ}1TqE=):r" variabletype="">generalExcessMinimum</field>
                    <value name="VALUE">
                      <block type="procedures_callreturn" id="@3PnK6Rc!h~~R|F|a|)Z">
                        <mutation name="getExcessTerm">
                          <arg name="group"></arg>
                          <arg name="noClaimDiscountPercent"></arg>
                          <arg name="field"></arg>
                        </mutation>
                        <value name="ARG0">
                          <block type="variables_get" id="`Id^+d?c~arx:`y{U|1:">
                            <field name="VAR" id="*D*fZv5ZVw7k8VMw,@UL" variabletype="">excessGroup</field>
                          </block>
                        </value>
                        <value name="ARG1">
                          <block type="variables_get" id="Xr$#L#Ai~;|l]K2uDrni">
                            <field name="VAR" id="?ls#V-|C)pg#hfCQ}N{-" variabletype="">noClaimDiscountPercent</field>
                          </block>
                        </value>
                        <value name="ARG2">
                          <block type="text" id="Ea;^WfJeR,)bz:m8{uGj">
                            <field name="TEXT">generalMinimumExcess</field>
                          </block>
                        </value>
                      </block>
                    </value>
                    <next>
                      <block type="variables_set" id="+FW,OXtMGs^zoB@r0?G4">
                        <field name="VAR" id="1Hm-2yI#4@r;Ut1!hpD^" variabletype="">theftExcessInsuredValuePercentage</field>
                        <value name="VALUE">
                          <block type="procedures_callreturn" id="na}y:EDD/*;y^[.p1,pe">
                            <mutation name="getExcessTerm">
                              <arg name="group"></arg>
                              <arg name="noClaimDiscountPercent"></arg>
                              <arg name="field"></arg>
                            </mutation>
                            <value name="ARG0">
                              <block type="variables_get" id=",*u%YEwqHki)v@%|uNI:">
                                <field name="VAR" id="*D*fZv5ZVw7k8VMw,@UL" variabletype="">excessGroup</field>
                              </block>
                            </value>
                            <value name="ARG1">
                              <block type="variables_get" id=";JDVHP%8#{AIByVk[]2Q">
                                <field name="VAR" id="?ls#V-|C)pg#hfCQ}N{-" variabletype="">noClaimDiscountPercent</field>
                              </block>
                            </value>
                            <value name="ARG2">
                              <block type="text" id="Z}SjTY`2Celky:l[xxOm">
                                <field name="TEXT">theftExcessInsuredValuePercentage</field>
                              </block>
                            </value>
                          </block>
                        </value>
                        <next>
                          <block type="variables_set" id="/qu+-(;s~eaT]ZTG7ne^">
                            <field name="VAR" id="_(C}PaiPr+gExdfxXcC1" variabletype="">theftExcessMinimum</field>
                            <value name="VALUE">
                              <block type="procedures_callreturn" id="R)|V)=VTJeJTp+U7]V42">
                                <mutation name="getExcessTerm">
                                  <arg name="group"></arg>
                                  <arg name="noClaimDiscountPercent"></arg>
                                  <arg name="field"></arg>
                                </mutation>
                                <value name="ARG0">
                                  <block type="variables_get" id="~t1m2D=Ov/qZm?Co;}nS">
                                    <field name="VAR" id="*D*fZv5ZVw7k8VMw,@UL" variabletype="">excessGroup</field>
                                  </block>
                                </value>
                                <value name="ARG1">
                                  <block type="variables_get" id="*l~_64mb6Ts/`R[d-*70">
                                    <field name="VAR" id="?ls#V-|C)pg#hfCQ}N{-" variabletype="">noClaimDiscountPercent</field>
                                  </block>
                                </value>
                                <value name="ARG2">
                                  <block type="text" id=";{7?r9uP|DqB9l]JCuaw">
                                    <field name="TEXT">theftExcessMinimumExcess</field>
                                  </block>
                                </value>
                              </block>
                            </value>
                            <next>
                              <block type="variables_set" id="i-LC{U2?[%O9S~rjd#Og">
                                <field name="VAR" id="_P,NJt%t8JNbR)AR^Z-D" variabletype="">generalExcess</field>
                                <value name="VALUE">
                                  <block type="bignumbercalculation" id="+=c,9b@z@H1MkD`{{IEs">
                                    <field name="operation">"times"</field>
                                    <value name="bigNumber1">
                                      <block type="variables_get" id="P!K_?l6K*t}!4`UXcA=d">
                                        <field name="VAR" id="[%EXTr{/XF~l(:SB1]7l" variabletype="">insuredValue</field>
                                      </block>
                                    </value>
                                    <value name="bigNumber2">
                                      <block type="bignumberpercent" id="^z*D~m.hS*LD-xUM^Qat">
                                        <value name="bigNumber">
                                          <block type="variables_get" id="a(`AZ9K$BdAJPPqkDN@7">
                                            <field name="VAR" id="a~{#muVN,t:GvC[6~O!E" variabletype="">generalExcessInsuredValuePercentage</field>
                                          </block>
                                        </value>
                                      </block>
                                    </value>
                                  </block>
                                </value>
                                <next>
                                  <block type="controls_if" id="zp52cN2hxbkK:4,*H@)_">
                                    <value name="IF0">
                                      <block type="numbercomparison" id="Sd[f1-m!UonH2/IGA{xn">
                                        <field name="operation">"LT"</field>
                                        <value name="bigNumber1">
                                          <block type="variables_get" id="zqB`Ht[_44+w8|JqvXoP">
                                            <field name="VAR" id="_P,NJt%t8JNbR)AR^Z-D" variabletype="">generalExcess</field>
                                          </block>
                                        </value>
                                        <value name="bigNumber2">
                                          <block type="variables_get" id="d`,F^l~}!t/30FEAF#1)">
                                            <field name="VAR" id="-vCv?d)MEcZ}1TqE=):r" variabletype="">generalExcessMinimum</field>
                                          </block>
                                        </value>
                                      </block>
                                    </value>
                                    <statement name="DO0">
                                      <block type="variables_set" id="uDqR^AHRAGQLm{jEn(eE">
                                        <field name="VAR" id="_P,NJt%t8JNbR)AR^Z-D" variabletype="">generalExcess</field>
                                        <value name="VALUE">
                                          <block type="bignumberfromstring" id="vpv|KxV0V,3M0j%G)M7n">
                                            <value name="number">
                                              <block type="variables_get" id="!Y75Mf`L,B1^,6Xll;zj">
                                                <field name="VAR" id="-vCv?d)MEcZ}1TqE=):r" variabletype="">generalExcessMinimum</field>
                                              </block>
                                            </value>
                                          </block>
                                        </value>
                                      </block>
                                    </statement>
                                    <next>
                                      <block type="variables_set" id="Y#u9GS|AFkALrP,B+!M~">
                                        <field name="VAR" id="[@jno,`vcE4!bJ9.vm0A" variabletype="">theftExcess</field>
                                        <value name="VALUE">
                                          <block type="bignumbercalculation" id="m7%HcU+W|uV2NdFU{~eN">
                                            <field name="operation">"times"</field>
                                            <value name="bigNumber1">
                                              <block type="variables_get" id="cnzNMq(,F1g*BqbSZQ15">
                                                <field name="VAR" id="[%EXTr{/XF~l(:SB1]7l" variabletype="">insuredValue</field>
                                              </block>
                                            </value>
                                            <value name="bigNumber2">
                                              <block type="bignumberpercent" id="o[i.@f}pI5rfU|*br7:f">
                                                <value name="bigNumber">
                                                  <block type="variables_get" id="(pvsOvK%w|_8[Kj_G]/n">
                                                    <field name="VAR" id="1Hm-2yI#4@r;Ut1!hpD^" variabletype="">theftExcessInsuredValuePercentage</field>
                                                  </block>
                                                </value>
                                              </block>
                                            </value>
                                          </block>
                                        </value>
                                        <next>
                                          <block type="controls_if" id="9*{H}^TUdb2deMsHGp-m">
                                            <value name="IF0">
                                              <block type="numbercomparison" id="Y((.8??O7(zOJ(GTByrn">
                                                <field name="operation">"LT"</field>
                                                <value name="bigNumber1">
                                                  <block type="variables_get" id="%R-h=J]p@W#xi=0OFLN9">
                                                    <field name="VAR" id="[@jno,`vcE4!bJ9.vm0A" variabletype="">theftExcess</field>
                                                  </block>
                                                </value>
                                                <value name="bigNumber2">
                                                  <block type="variables_get" id="tBzUPf@7JoL,#*]{hHOS">
                                                    <field name="VAR" id="_(C}PaiPr+gExdfxXcC1" variabletype="">theftExcessMinimum</field>
                                                  </block>
                                                </value>
                                              </block>
                                            </value>
                                            <statement name="DO0">
                                              <block type="variables_set" id="JrV(R]*Yk}KT9)ExCw3|">
                                                <field name="VAR" id="[@jno,`vcE4!bJ9.vm0A" variabletype="">theftExcess</field>
                                                <value name="VALUE">
                                                  <block type="bignumberfromstring" id="nS~Fn=eHI!;O73!jwwtm">
                                                    <value name="number">
                                                      <block type="variables_get" id="(_6Ey`J+D}sm:=1G@yn2">
                                                        <field name="VAR" id="_(C}PaiPr+gExdfxXcC1" variabletype="">theftExcessMinimum</field>
                                                      </block>
                                                    </value>
                                                  </block>
                                                </value>
                                              </block>
                                            </statement>
                                            <next>
                                              <block type="variables_set" id="t;dMjW`,GSQ5AblTms:B">
                                                <field name="VAR" id="fHba2/Kl4(Jaw%D5v5:O" variabletype="">generalAmount</field>
                                                <value name="VALUE">
                                                  <block type="variables_get" id="8!jYU]P,!%(t;/LItU=M">
                                                    <field name="VAR" id="_P,NJt%t8JNbR)AR^Z-D" variabletype="">generalExcess</field>
                                                  </block>
                                                </value>
                                                <next>
                                                  <block type="variables_set" id="r3ANvJD9^*I,+dvfvs[1">
                                                    <field name="VAR" id="fHba2/Kl4(Jaw%D5v5:O" variabletype="">generalAmount</field>
                                                    <value name="VALUE">
                                                      <block type="variables_get" id="z51#[}ZVLIyjr[NLX#k5">
                                                        <field name="VAR" id="[@jno,`vcE4!bJ9.vm0A" variabletype="">theftExcess</field>
                                                      </block>
                                                    </value>
                                                    <next>
                                                      <block type="variables_set" id="m`h/::FQ?D$j6XkRffuW">
                                                        <field name="VAR" id="y]Wh(Y`/auTr{D%wR$XE" variabletype="">youngDriverAmount</field>
                                                        <value name="VALUE">
                                                          <block type="procedures_callreturn" id="ueZMR;SKn::MjgU?`@N/">
                                                            <mutation name="getExcessTerm">
                                                              <arg name="group"></arg>
                                                              <arg name="noClaimDiscountPercent"></arg>
                                                              <arg name="field"></arg>
                                                            </mutation>
                                                            <value name="ARG0">
                                                              <block type="variables_get" id="N0}{/IOXS^^Z7!V7ol?9">
                                                                <field name="VAR" id="*D*fZv5ZVw7k8VMw,@UL" variabletype="">excessGroup</field>
                                                              </block>
                                                            </value>
                                                            <value name="ARG1">
                                                              <block type="variables_get" id="=G~teFXBs]{Il^KG-y2K">
                                                                <field name="VAR" id="?ls#V-|C)pg#hfCQ}N{-" variabletype="">noClaimDiscountPercent</field>
                                                              </block>
                                                            </value>
                                                            <value name="ARG2">
                                                              <block type="text" id="]nCm+kI`d0fAC3M5$K35">
                                                                <field name="TEXT">youngDriverExcess</field>
                                                              </block>
                                                            </value>
                                                          </block>
                                                        </value>
                                                        <next>
                                                          <block type="variables_set" id="RTH^#IS-G)K,K6F_Cey;">
                                                            <field name="VAR" id="uglP{86(3/p:0*m%pHIj" variabletype="">inexperiencedDriverAmount</field>
                                                            <value name="VALUE">
                                                              <block type="procedures_callreturn" id=":ash]@((=U88d];+]cCG">
                                                                <mutation name="getExcessTerm">
                                                                  <arg name="group"></arg>
                                                                  <arg name="noClaimDiscountPercent"></arg>
                                                                  <arg name="field"></arg>
                                                                </mutation>
                                                                <value name="ARG0">
                                                                  <block type="variables_get" id="6@4HBu1c{#_XO;@Iis/i">
                                                                    <field name="VAR" id="*D*fZv5ZVw7k8VMw,@UL" variabletype="">excessGroup</field>
                                                                  </block>
                                                                </value>
                                                                <value name="ARG1">
                                                                  <block type="variables_get" id="c7I*ZZEkB7f[ZwxU31g$">
                                                                    <field name="VAR" id="?ls#V-|C)pg#hfCQ}N{-" variabletype="">noClaimDiscountPercent</field>
                                                                  </block>
                                                                </value>
                                                                <value name="ARG2">
                                                                  <block type="text" id="(}zgN]@.uFELqw3L?AeN">
                                                                    <field name="TEXT">inexperiencedDriverExcess</field>
                                                                  </block>
                                                                </value>
                                                              </block>
                                                            </value>
                                                            <next>
                                                              <block type="variables_set" id="n^hl9H@*q1=IAjS^Na6u">
                                                                <field name="VAR" id="*VOz@uNeZA/:~RLSSQ9U" variabletype="">unnamedDriverAmount</field>
                                                                <value name="VALUE">
                                                                  <block type="procedures_callreturn" id="u{Q`mw,wsErn3Hff#.x6">
                                                                    <mutation name="getExcessTerm">
                                                                      <arg name="group"></arg>
                                                                      <arg name="noClaimDiscountPercent"></arg>
                                                                      <arg name="field"></arg>
                                                                    </mutation>
                                                                    <value name="ARG0">
                                                                      <block type="variables_get" id="dHF_^,`je,G0fE3U,S)u">
                                                                        <field name="VAR" id="*D*fZv5ZVw7k8VMw,@UL" variabletype="">excessGroup</field>
                                                                      </block>
                                                                    </value>
                                                                    <value name="ARG1">
                                                                      <block type="variables_get" id="sznlyNBc[:RT{-ZpeP6y">
                                                                        <field name="VAR" id="?ls#V-|C)pg#hfCQ}N{-" variabletype="">noClaimDiscountPercent</field>
                                                                      </block>
                                                                    </value>
                                                                    <value name="ARG2">
                                                                      <block type="text" id="FOiQ[C:k:j5P*Ug^;0Ay">
                                                                        <field name="TEXT">unnamedDriverExcess</field>
                                                                      </block>
                                                                    </value>
                                                                  </block>
                                                                </value>
                                                                <next>
                                                                  <block type="variables_set" id="lcj0l7l]M7:WL!j%hZbz">
                                                                    <field name="VAR" id="S*,BUZ9V!V4k1C+9+z@8" variabletype="">parkingAmount</field>
                                                                    <value name="VALUE">
                                                                      <block type="procedures_callreturn" id="?SM1x/)}{W##Kn]x:9rm">
                                                                        <mutation name="getExcessTerm">
                                                                          <arg name="group"></arg>
                                                                          <arg name="noClaimDiscountPercent"></arg>
                                                                          <arg name="field"></arg>
                                                                        </mutation>
                                                                        <value name="ARG0">
                                                                          <block type="variables_get" id="CE22zlL5H)7=tgv0j4%c">
                                                                            <field name="VAR" id="*D*fZv5ZVw7k8VMw,@UL" variabletype="">excessGroup</field>
                                                                          </block>
                                                                        </value>
                                                                        <value name="ARG1">
                                                                          <block type="variables_get" id="CWvn.D$qGc^WT;U+E(_^">
                                                                            <field name="VAR" id="?ls#V-|C)pg#hfCQ}N{-" variabletype="">noClaimDiscountPercent</field>
                                                                          </block>
                                                                        </value>
                                                                        <value name="ARG2">
                                                                          <block type="text" id="tfvz*),]75?LPcs.7ltw">
                                                                            <field name="TEXT">parkingExcess</field>
                                                                          </block>
                                                                        </value>
                                                                      </block>
                                                                    </value>
                                                                  </block>
                                                                </next>
                                                              </block>
                                                            </next>
                                                          </block>
                                                        </next>
                                                      </block>
                                                    </next>
                                                  </block>
                                                </next>
                                              </block>
                                            </next>
                                          </block>
                                        </next>
                                      </block>
                                    </next>
                                  </block>
                                </next>
                              </block>
                            </next>
                          </block>
                        </next>
                      </block>
                    </next>
                  </block>
                </next>
              </block>
            </statement>
            <next>
              <block type="variables_set" id="qoHG#GmTL2|1bT|E]7hw">
                <field name="VAR" id="wLyzo{k7F{E/rOV9r;$0" variabletype="">tppdAmount</field>
                <value name="VALUE">
                  <block type="procedures_callreturn" id="RDjxFBkXMANVz%VW0k@*">
                    <mutation name="getExcessTerm">
                      <arg name="group"></arg>
                      <arg name="noClaimDiscountPercent"></arg>
                      <arg name="field"></arg>
                    </mutation>
                    <value name="ARG0">
                      <block type="variables_get" id="-_G[n_hXh}.[Gyt0[N7v">
                        <field name="VAR" id="*D*fZv5ZVw7k8VMw,@UL" variabletype="">excessGroup</field>
                      </block>
                    </value>
                    <value name="ARG1">
                      <block type="variables_get" id="Pn9QMRQg,0#8|^iu23e#">
                        <field name="VAR" id="?ls#V-|C)pg#hfCQ}N{-" variabletype="">noClaimDiscountPercent</field>
                      </block>
                    </value>
                    <value name="ARG2">
                      <block type="text" id="Ns/AQb#D`B=kSf9M)XQX">
                        <field name="TEXT">tppdExcess</field>
                      </block>
                    </value>
                  </block>
                </value>
                <next>
                  <block type="variables_set" id="(@ZZHmfc8UsRu8XUdZ$Y">
                    <field name="VAR" id="?Bny`sk(E@s7zKZ76Id6" variabletype="">tppdYoungDriverAmount</field>
                    <value name="VALUE">
                      <block type="procedures_callreturn" id="+B+=3c_hQSMi=@BZ|yHS">
                        <mutation name="getExcessTerm">
                          <arg name="group"></arg>
                          <arg name="noClaimDiscountPercent"></arg>
                          <arg name="field"></arg>
                        </mutation>
                        <value name="ARG0">
                          <block type="variables_get" id="71|O]v+GMHgf-3~qwqh=">
                            <field name="VAR" id="*D*fZv5ZVw7k8VMw,@UL" variabletype="">excessGroup</field>
                          </block>
                        </value>
                        <value name="ARG1">
                          <block type="variables_get" id="MB3[DY8vP4v0#/NHcdZ/">
                            <field name="VAR" id="?ls#V-|C)pg#hfCQ}N{-" variabletype="">noClaimDiscountPercent</field>
                          </block>
                        </value>
                        <value name="ARG2">
                          <block type="text" id="o=@N{3diAz0c9K^oCdTX">
                            <field name="TEXT">tppdYoungDriverExcess</field>
                          </block>
                        </value>
                      </block>
                    </value>
                    <next>
                      <block type="variables_set" id="rM_A|bmK~wPxno%b-3kS">
                        <field name="VAR" id=".^#?AUvE/}4G)/{f0GJ-" variabletype="">tppdInexperienceDriverAmount</field>
                        <value name="VALUE">
                          <block type="procedures_callreturn" id="m2)uM,Y:6a_)*4c:C*cL">
                            <mutation name="getExcessTerm">
                              <arg name="group"></arg>
                              <arg name="noClaimDiscountPercent"></arg>
                              <arg name="field"></arg>
                            </mutation>
                            <value name="ARG0">
                              <block type="variables_get" id="ayN[;3Mbnz=(#g:Jqwmh">
                                <field name="VAR" id="*D*fZv5ZVw7k8VMw,@UL" variabletype="">excessGroup</field>
                              </block>
                            </value>
                            <value name="ARG1">
                              <block type="variables_get" id="_JYKPWq(?3-B8z{uF4g;">
                                <field name="VAR" id="?ls#V-|C)pg#hfCQ}N{-" variabletype="">noClaimDiscountPercent</field>
                              </block>
                            </value>
                            <value name="ARG2">
                              <block type="text" id="`RrX1hxEIr7S?eU8XZDm">
                                <field name="TEXT">tppdInexperiencedDriverExcess</field>
                              </block>
                            </value>
                          </block>
                        </value>
                        <next>
                          <block type="variables_set" id="-t.MaM8v$$6=hEkDq#po">
                            <field name="VAR" id="#YJBtnSk_{s[qFx@!fr2" variabletype="">voluntaryAmount</field>
                            <value name="VALUE">
                              <block type="variables_get" id=",$v@qUmz+%F8+jBU7*Nm">
                                <field name="VAR" id="]MgK5mD@py*)y|mvJw|}" variabletype="">voluntaryExcessAmount</field>
                              </block>
                            </value>
                          </block>
                        </next>
                      </block>
                    </next>
                  </block>
                </next>
              </block>
            </next>
          </block>
        </next>
      </block>
    </statement>
  </block>
</xml>