<xml xmlns="http://www.w3.org/1999/xhtml">
  <variables>
    <variable type="" id="+47U.3^d0;CuRF~z1@^[">inputPremium</variable>
    <variable type="" id="Q+$ptGVy~lH.$c*VmdlV">premiumAdjustmentAmount</variable>
    <variable type="" id="*M~B-wD$HiKv]]#2:Q,q">premiumAdjustmentPercent</variable>
    <variable type="" id="#Tg$WS0keNWlz`X.sQ#6">premiumAdjustmentPremium</variable>
  </variables>
  <block type="procedures_defnoreturn" id="/;Cy(.M9G.f0w00*nW(5" x="213" y="88">
    <mutation>
      <arg name="inputPremium" varid="+47U.3^d0;CuRF~z1@^["></arg>
      <arg name="premiumAdjustmentAmount" varid="Q+$ptGVy~lH.$c*VmdlV"></arg>
    </mutation>
    <field name="NAME">getPrivateMotorPremiumAdjustment</field>
    <comment pinned="false" h="80" w="160">Describe this function...</comment>
    <statement name="STACK">
      <block type="variables_set" id="2nRUO#1szdF{SZGarT_7">
        <field name="VAR" id="*M~B-wD$HiKv]]#2:Q,q" variabletype="">premiumAdjustmentPercent</field>
        <value name="VALUE">
          <block type="bignumbercalculation" id="YIr@%,V[-8oG8W}pm0Jj">
            <field name="operation">"times"</field>
            <value name="bigNumber1">
              <block type="variables_get" id="[MS.V1Cp@4?Rb9G5xse(">
                <field name="VAR" id="Q+$ptGVy~lH.$c*VmdlV" variabletype="">premiumAdjustmentAmount</field>
              </block>
            </value>
            <value name="bigNumber2">
              <block type="bignumbercalculation" id="yq^g#6:#|]]rA3zz/VHi">
                <field name="operation">"dividedBy"</field>
                <value name="bigNumber1">
                  <block type="bignumber" id="9/RF-w-GC^.UJfng0Yms">
                    <field name="number">100</field>
                  </block>
                </value>
                <value name="bigNumber2">
                  <block type="variables_get" id="p2[{bn}CH^#;!5oTrIR=">
                    <field name="VAR" id="+47U.3^d0;CuRF~z1@^[" variabletype="">inputPremium</field>
                  </block>
                </value>
              </block>
            </value>
          </block>
        </value>
      </block>
    </statement>
  </block>
  <block type="variables_set" id="w[zPB9s)RcC=E{C-TylP" x="1138" y="88">
    <field name="VAR" id="+47U.3^d0;CuRF~z1@^[" variabletype="">inputPremium</field>
    <value name="VALUE">
      <block type="bignumber" id="r;nQhg7yD}E2E{Mkeu!O">
        <field name="number">9600</field>
      </block>
    </value>
    <next>
      <block type="variables_set" id="xW~oWw-#SJ%GM0XLJb|`">
        <field name="VAR" id="Q+$ptGVy~lH.$c*VmdlV" variabletype="">premiumAdjustmentAmount</field>
        <value name="VALUE">
          <block type="bignumber" id="nDx=(m`_e).A,~:A*kY;">
            <field name="number">5000</field>
          </block>
        </value>
        <next>
          <block type="procedures_callnoreturn" id="5{=;uhe}hoh|GXlRbm0+">
            <mutation name="getPrivateMotorPremiumAdjustment">
              <arg name="inputPremium"></arg>
              <arg name="premiumAdjustmentAmount"></arg>
            </mutation>
            <value name="ARG0">
              <block type="variables_get" id="+P0]]D]p7XRGxlL-zo@x">
                <field name="VAR" id="+47U.3^d0;CuRF~z1@^[" variabletype="">inputPremium</field>
              </block>
            </value>
            <value name="ARG1">
              <block type="variables_get" id="Y)Lw:5!N!6_h^SICkpkc">
                <field name="VAR" id="Q+$ptGVy~lH.$c*VmdlV" variabletype="">premiumAdjustmentAmount</field>
              </block>
            </value>
            <next>
              <block type="variables_set" id="Q=9eG(L[h0c|6he#p]1}">
                <field name="VAR" id="#Tg$WS0keNWlz`X.sQ#6" variabletype="">premiumAdjustmentPremium</field>
                <value name="VALUE">
                  <block type="bignumbercalculation" id="/D^xu_ubm_9j+on4PC`d">
                    <field name="operation">"plus"</field>
                    <value name="bigNumber1">
                      <block type="variables_get" id="[FdrM}Y`;uV!LYQ6yw7[">
                        <field name="VAR" id="Q+$ptGVy~lH.$c*VmdlV" variabletype="">premiumAdjustmentAmount</field>
                      </block>
                    </value>
                    <value name="bigNumber2">
                      <block type="variables_get" id="Z^Ov#I3S+7JcRV3u9`%F">
                        <field name="VAR" id="+47U.3^d0;CuRF~z1@^[" variabletype="">inputPremium</field>
                      </block>
                    </value>
                  </block>
                </value>
              </block>
            </next>
          </block>
        </next>
      </block>
    </next>
  </block>
</xml>