<xml xmlns="http://www.w3.org/1999/xhtml">
  <variables>
    <variable type="" id="p5N~{ng1Yb_iD#z%8?s6">coverType</variable>
    <variable type="" id="j-zEaRT;DkM?yZoohi||">engineCapacity</variable>
    <variable type="" id="mUE6WvL{kvI?Bthi%W{{">vehicleMake</variable>
    <variable type="" id="w!98e.12rmn)Q}d[F=-/">vehicleModel</variable>
    <variable type="" id="TvK)vu1d)@b#@h~3rt@.">insuranceValue</variable>
    <variable type="" id="4uJ+~[:7B#)9?siM|7I;">fuelType</variable>
    <variable type="" id="[xBA4:X$sFL@Uv08DFm#">basicTariffPremium</variable>
  </variables>
  <block type="procedures_defreturn" id="%~(f2n[Ed!f(4L~xH3SJ" x="-1062" y="-863">
    <mutation>
      <arg name="coverType" varid="p5N~{ng1Yb_iD#z%8?s6"></arg>
      <arg name="engineCapacity" varid="j-zEaRT;DkM?yZoohi||"></arg>
      <arg name="vehicleMake" varid="mUE6WvL{kvI?Bthi%W{{"></arg>
      <arg name="vehicleModel" varid="w!98e.12rmn)Q}d[F=-/"></arg>
      <arg name="insuranceValue" varid="TvK)vu1d)@b#@h~3rt@."></arg>
    </mutation>
    <field name="NAME">getbasicTariffPremium</field>
    <comment pinned="false" h="80" w="160">get basic tariff premium</comment>
    <statement name="STACK">
      <block type="variables_set" id="ug262Te@^{vx0ui^{@1Q">
        <field name="VAR" id="4uJ+~[:7B#)9?siM|7I;" variabletype="">fuelType</field>
        <value name="VALUE">
          <block type="dataquery" id=";RMAMpqExAuw)-.K$Svj">
            <value name="tableName">
              <block type="text" id=";F^X][d#S9|/1$m+s05K">
                <field name="TEXT">hkPrivateMotorVehicle</field>
              </block>
            </value>
            <value name="filterColumnNames">
              <block type="lists_create_with" id="_gQ:241c0Tz0*,!YeZ*6">
                <mutation items="2"></mutation>
                <value name="ADD0">
                  <block type="text" id="(;s_E2OH4h0Z!5VPggGm">
                    <field name="TEXT">make</field>
                  </block>
                </value>
                <value name="ADD1">
                  <block type="text" id="N5n~R+YZmLx|R.nm3~VU">
                    <field name="TEXT">model</field>
                  </block>
                </value>
              </block>
            </value>
            <value name="filterColumnValues">
              <block type="lists_create_with" id="y{*JuZXjHnUcDG[7K+/,">
                <mutation items="2"></mutation>
                <value name="ADD0">
                  <block type="variables_get" id="6.xl1@6D?M8Q@K(`/lKO">
                    <field name="VAR" id="mUE6WvL{kvI?Bthi%W{{" variabletype="">vehicleMake</field>
                  </block>
                </value>
                <value name="ADD1">
                  <block type="variables_get" id="e`RdjaR#O4lUwb*oG]a2">
                    <field name="VAR" id="w!98e.12rmn)Q}d[F=-/" variabletype="">vehicleModel</field>
                  </block>
                </value>
              </block>
            </value>
            <value name="outputColumn">
              <block type="text" id="Fi7gC+W,Bq[{F/nc]3`,">
                <field name="TEXT">fuelType</field>
              </block>
            </value>
          </block>
        </value>
        <next>
          <block type="controls_if" id="hsFm|){5^aLh_L5,_xh)">
            <mutation elseif="2"></mutation>
            <value name="IF0">
              <block type="logic_compare" id="HhA{rqJzv)acxo@:eFjQ">
                <field name="OP">EQ</field>
                <value name="A">
                  <block type="variables_get" id="UJEhMC^[hv5/hFHI{ul*">
                    <field name="VAR" id="p5N~{ng1Yb_iD#z%8?s6" variabletype="">coverType</field>
                  </block>
                </value>
                <value name="B">
                  <block type="text" id="+WW!;ue-wR]h;_5tENRz">
                    <field name="TEXT">comprehensive</field>
                  </block>
                </value>
              </block>
            </value>
            <statement name="DO0">
              <block type="controls_if" id="7bjtwo0QCb)!Cz2BHJ:y">
                <mutation elseif="1"></mutation>
                <value name="IF0">
                  <block type="logic_compare" id="qj}]j`?52t~a18Q5_`KE">
                    <field name="OP">EQ</field>
                    <value name="A">
                      <block type="variables_get" id="dq@,VrD:)Ry^=(hAOKC$">
                        <field name="VAR" id="4uJ+~[:7B#)9?siM|7I;" variabletype="">fuelType</field>
                      </block>
                    </value>
                    <value name="B">
                      <block type="text" id="g%A[,Jxd_MH0pxU*+ooT">
                        <field name="TEXT">gas</field>
                      </block>
                    </value>
                  </block>
                </value>
                <statement name="DO0">
                  <block type="controls_if" id="H]4Dyhl-/j{rdw.baVpN">
                    <mutation elseif="1" else="1"></mutation>
                    <value name="IF0">
                      <block type="logic_compare" id="$FI:HNlz8:A{5{c][U`z">
                        <field name="OP">LTE</field>
                        <value name="A">
                          <block type="variables_get" id="k-lD^3M-KC}~s_Uo5h[w">
                            <field name="VAR" id="j-zEaRT;DkM?yZoohi||" variabletype="">engineCapacity</field>
                          </block>
                        </value>
                        <value name="B">
                          <block type="bignumber" id="XbJs%v~Y{)Cslrt.o-R7">
                            <field name="number">1650</field>
                          </block>
                        </value>
                      </block>
                    </value>
                    <statement name="DO0">
                      <block type="variables_set" id="xn2uXWqtq+=;t_QRuf#j">
                        <field name="VAR" id="[xBA4:X$sFL@Uv08DFm#" variabletype="">basicTariffPremium</field>
                        <value name="VALUE">
                          <block type="bignumbercalculation" id="afS0T1HW,6~S)#ysC$pO">
                            <field name="operation">"plus"</field>
                            <value name="bigNumber1">
                              <block type="bignumber" id="J@,Knw|KLf*Z$MAjbO;)">
                                <field name="number">8600</field>
                              </block>
                            </value>
                            <value name="bigNumber2">
                              <block type="bignumbercalculation" id="a^DSVk;SiAeD02r1]3Gu">
                                <field name="operation">"times"</field>
                                <value name="bigNumber1">
                                  <block type="variables_get" id="Jd_^!1T=O~IJc#jkiAQn">
                                    <field name="VAR" id="TvK)vu1d)@b#@h~3rt@." variabletype="">insuranceValue</field>
                                  </block>
                                </value>
                                <value name="bigNumber2">
                                  <block type="bignumberpercent" id="s.@?RHl7|#0-A/Ez`=7%">
                                    <value name="bigNumber">
                                      <block type="bignumber" id="^`yMo2)Pn5)Mt/%,Fo%p">
                                        <field name="number">8.4</field>
                                      </block>
                                    </value>
                                  </block>
                                </value>
                              </block>
                            </value>
                          </block>
                        </value>
                        <next>
                          <block type="controls_if" id="p.5@5dqww#|,YW?pstV5">
                            <value name="IF0">
                              <block type="logic_compare" id="/Va/31gC0Z6Sj3TSjGR}">
                                <field name="OP">LT</field>
                                <value name="A">
                                  <block type="variables_get" id="3uP}2)$l0I6bWtgn^,S;">
                                    <field name="VAR" id="[xBA4:X$sFL@Uv08DFm#" variabletype="">basicTariffPremium</field>
                                  </block>
                                </value>
                                <value name="B">
                                  <block type="bignumber" id="y(!RuFY%pigb$]UTQ^5f">
                                    <field name="number">9600</field>
                                  </block>
                                </value>
                              </block>
                            </value>
                            <statement name="DO0">
                              <block type="variables_set" id="0M1bEtU@%3#,ksZ(i)i(">
                                <field name="VAR" id="[xBA4:X$sFL@Uv08DFm#" variabletype="">basicTariffPremium</field>
                                <value name="VALUE">
                                  <block type="bignumber" id="OecaFn3!vJ2pyz*GPs!F">
                                    <field name="number">9600</field>
                                  </block>
                                </value>
                              </block>
                            </statement>
                          </block>
                        </next>
                      </block>
                    </statement>
                    <value name="IF1">
                      <block type="logic_operation" id="q=$LtyCrElv3w8^@X;Ec">
                        <field name="OP">AND</field>
                        <value name="A">
                          <block type="logic_compare" id="!Laro`@MIju0.|m.+yrV">
                            <field name="OP">GTE</field>
                            <value name="A">
                              <block type="variables_get" id="YbmkL9p9$GV{BcI7$1BG">
                                <field name="VAR" id="j-zEaRT;DkM?yZoohi||" variabletype="">engineCapacity</field>
                              </block>
                            </value>
                            <value name="B">
                              <block type="bignumber" id="a$jYc4Q^u(w%+K$hiKb0">
                                <field name="number">1651</field>
                              </block>
                            </value>
                          </block>
                        </value>
                        <value name="B">
                          <block type="logic_compare" id="08.QA5voXt85BjFBe,+[">
                            <field name="OP">LTE</field>
                            <value name="A">
                              <block type="variables_get" id="KYO(*Q}BaQWPc[@0QVYV">
                                <field name="VAR" id="j-zEaRT;DkM?yZoohi||" variabletype="">engineCapacity</field>
                              </block>
                            </value>
                            <value name="B">
                              <block type="bignumber" id="L_Sb@PbDc,/X$u:t4/3.">
                                <field name="number">3500</field>
                              </block>
                            </value>
                          </block>
                        </value>
                      </block>
                    </value>
                    <statement name="DO1">
                      <block type="variables_set" id="wvy1uAwc?8j!,~2bQ?T2">
                        <field name="VAR" id="[xBA4:X$sFL@Uv08DFm#" variabletype="">basicTariffPremium</field>
                        <value name="VALUE">
                          <block type="bignumbercalculation" id="kC^jGJ~c`Nbc|^gg+o?C">
                            <field name="operation">"plus"</field>
                            <value name="bigNumber1">
                              <block type="bignumber" id="u`Sh,(o:rkT`kxg3b-4!">
                                <field name="number">9500</field>
                              </block>
                            </value>
                            <value name="bigNumber2">
                              <block type="bignumbercalculation" id="?59]32yE|+?Q9URWCS]M">
                                <field name="operation">"times"</field>
                                <value name="bigNumber1">
                                  <block type="variables_get" id="Fy(?6OE,nl_cvPZBNL;u">
                                    <field name="VAR" id="TvK)vu1d)@b#@h~3rt@." variabletype="">insuranceValue</field>
                                  </block>
                                </value>
                                <value name="bigNumber2">
                                  <block type="bignumberpercent" id="J1[pS0_Q8M~r5$mp)G;X">
                                    <value name="bigNumber">
                                      <block type="bignumber" id="Kr{A-_(T0yU;:T!8EUOi">
                                        <field name="number">5.5</field>
                                      </block>
                                    </value>
                                  </block>
                                </value>
                              </block>
                            </value>
                          </block>
                        </value>
                        <next>
                          <block type="controls_if" id="N;~7p0@?+^p;l%]~RK}1">
                            <value name="IF0">
                              <block type="logic_compare" id="uA=]mtJNnSI;:yj$Jmg@">
                                <field name="OP">LT</field>
                                <value name="A">
                                  <block type="variables_get" id="*-T;X*%dfgc]GN#F(%tt">
                                    <field name="VAR" id="[xBA4:X$sFL@Uv08DFm#" variabletype="">basicTariffPremium</field>
                                  </block>
                                </value>
                                <value name="B">
                                  <block type="bignumber" id="d.7SOE=N$8/?lR6;{+ev">
                                    <field name="number">10500</field>
                                  </block>
                                </value>
                              </block>
                            </value>
                            <statement name="DO0">
                              <block type="variables_set" id="l:}u6Z5cbUGZ24953;-x">
                                <field name="VAR" id="[xBA4:X$sFL@Uv08DFm#" variabletype="">basicTariffPremium</field>
                                <value name="VALUE">
                                  <block type="bignumber" id="6!!zk%aV:GS|G/pn-K`K">
                                    <field name="number">10500</field>
                                  </block>
                                </value>
                              </block>
                            </statement>
                          </block>
                        </next>
                      </block>
                    </statement>
                    <statement name="ELSE">
                      <block type="variables_set" id="xq(I]ZnqJxiO!X5V0?|u">
                        <field name="VAR" id="[xBA4:X$sFL@Uv08DFm#" variabletype="">basicTariffPremium</field>
                        <value name="VALUE">
                          <block type="bignumbercalculation" id="^GBa}qo+etnR@WmdmqN7">
                            <field name="operation">"plus"</field>
                            <value name="bigNumber1">
                              <block type="bignumber" id="+)UV+yiND]DCE#C?zR`d">
                                <field name="number">9700</field>
                              </block>
                            </value>
                            <value name="bigNumber2">
                              <block type="bignumbercalculation" id="*Eg=6@6JDg,ONM2iyrLh">
                                <field name="operation">"times"</field>
                                <value name="bigNumber1">
                                  <block type="variables_get" id="KZyu-9p2FVZ}W,#9F.R]">
                                    <field name="VAR" id="TvK)vu1d)@b#@h~3rt@." variabletype="">insuranceValue</field>
                                  </block>
                                </value>
                                <value name="bigNumber2">
                                  <block type="bignumberpercent" id="wVtE;?L~U@do%$@si21C">
                                    <value name="bigNumber">
                                      <block type="bignumber" id="N3|M`b|N}NDl|{.3Iez(">
                                        <field name="number">5.8</field>
                                      </block>
                                    </value>
                                  </block>
                                </value>
                              </block>
                            </value>
                          </block>
                        </value>
                        <next>
                          <block type="controls_if" id="4O{^m3FU,QE60zsZ+F;m">
                            <value name="IF0">
                              <block type="logic_compare" id="7qUArbQ$E?X35q~DCx%}">
                                <field name="OP">LT</field>
                                <value name="A">
                                  <block type="variables_get" id="Z9+4n@49ZHiHA?pgymj~">
                                    <field name="VAR" id="[xBA4:X$sFL@Uv08DFm#" variabletype="">basicTariffPremium</field>
                                  </block>
                                </value>
                                <value name="B">
                                  <block type="bignumber" id="4!0`f809DEL.u4Vd=_Op">
                                    <field name="number">10700</field>
                                  </block>
                                </value>
                              </block>
                            </value>
                            <statement name="DO0">
                              <block type="variables_set" id="gLkADm#53]$DMEtc!_o*">
                                <field name="VAR" id="[xBA4:X$sFL@Uv08DFm#" variabletype="">basicTariffPremium</field>
                                <value name="VALUE">
                                  <block type="bignumber" id="!Y|0%OvwfIT%+vq/FfFW">
                                    <field name="number">10700</field>
                                  </block>
                                </value>
                              </block>
                            </statement>
                          </block>
                        </next>
                      </block>
                    </statement>
                  </block>
                </statement>
                <value name="IF1">
                  <block type="logic_compare" id="QO[w.V|W7vOEQ1|4xqj(">
                    <field name="OP">EQ</field>
                    <value name="A">
                      <block type="variables_get" id="3D(wjvXaG4!,.Ln}8(k0">
                        <field name="VAR" id="4uJ+~[:7B#)9?siM|7I;" variabletype="">fuelType</field>
                      </block>
                    </value>
                    <value name="B">
                      <block type="text" id="to1+a?p/A}pHz5#CR94!">
                        <field name="TEXT">electric</field>
                      </block>
                    </value>
                  </block>
                </value>
                <statement name="DO1">
                  <block type="variables_set" id="hS.B%^qRQS1[r9*]I2=w">
                    <field name="VAR" id="[xBA4:X$sFL@Uv08DFm#" variabletype="">basicTariffPremium</field>
                    <value name="VALUE">
                      <block type="bignumbercalculation" id="X9=3wY{+U$Uxg|Y87s5%">
                        <field name="operation">"plus"</field>
                        <value name="bigNumber1">
                          <block type="bignumber" id="s7]Dc!_i^p^f8N}?cgN-">
                            <field name="number">8600</field>
                          </block>
                        </value>
                        <value name="bigNumber2">
                          <block type="bignumbercalculation" id="e)}B*UVIJZIm|#O$yX(P">
                            <field name="operation">"times"</field>
                            <value name="bigNumber1">
                              <block type="variables_get" id="Cb^Y$=9UX$D603g0)m]i">
                                <field name="VAR" id="TvK)vu1d)@b#@h~3rt@." variabletype="">insuranceValue</field>
                              </block>
                            </value>
                            <value name="bigNumber2">
                              <block type="bignumberpercent" id="*#Yff/O]y%YMZ,$f*+}R">
                                <value name="bigNumber">
                                  <block type="bignumber" id="oCBY)Y6*PV6p^3UOB;hH">
                                    <field name="number">8.4</field>
                                  </block>
                                </value>
                              </block>
                            </value>
                          </block>
                        </value>
                      </block>
                    </value>
                    <next>
                      <block type="controls_if" id="O!w?RMBXQ]?w2u$OGk5y">
                        <value name="IF0">
                          <block type="logic_compare" id="C[URRkz%lIbj;@J;!RZZ">
                            <field name="OP">LT</field>
                            <value name="A">
                              <block type="variables_get" id="*R]Vd+MSCXnCC[~8ULDf">
                                <field name="VAR" id="[xBA4:X$sFL@Uv08DFm#" variabletype="">basicTariffPremium</field>
                              </block>
                            </value>
                            <value name="B">
                              <block type="bignumber" id="z|kY-poB_/)`}Ap~n0p3">
                                <field name="number">9600</field>
                              </block>
                            </value>
                          </block>
                        </value>
                        <statement name="DO0">
                          <block type="variables_set" id="$M#+p8Z*x#%$Dz1r[5F+">
                            <field name="VAR" id="[xBA4:X$sFL@Uv08DFm#" variabletype="">basicTariffPremium</field>
                            <value name="VALUE">
                              <block type="bignumber" id="Vo6P9,Q_y`lRRf.Wy/hB">
                                <field name="number">9600</field>
                              </block>
                            </value>
                          </block>
                        </statement>
                      </block>
                    </next>
                  </block>
                </statement>
              </block>
            </statement>
            <value name="IF1">
              <block type="logic_compare" id="$?%BF9nu,w(/r(($iOVl">
                <field name="OP">EQ</field>
                <value name="A">
                  <block type="variables_get" id=",oPi:)*/QhkHm1Uo2yJ~">
                    <field name="VAR" id="p5N~{ng1Yb_iD#z%8?s6" variabletype="">coverType</field>
                  </block>
                </value>
                <value name="B">
                  <block type="text" id="qHu7Z+]2TIKW-a~WUivD">
                    <field name="TEXT">third party only</field>
                  </block>
                </value>
              </block>
            </value>
            <statement name="DO1">
              <block type="controls_if" id=".JfXSDay*e$U%o[|:^Z#">
                <mutation elseif="1"></mutation>
                <value name="IF0">
                  <block type="logic_compare" id="ZpEO!wiJ~w`_/N[x#iWV">
                    <field name="OP">EQ</field>
                    <value name="A">
                      <block type="variables_get" id="-r+-II}cX=yON8cgAcCR">
                        <field name="VAR" id="4uJ+~[:7B#)9?siM|7I;" variabletype="">fuelType</field>
                      </block>
                    </value>
                    <value name="B">
                      <block type="text" id="HM--,cEn!#OXj^t7$Xdj">
                        <field name="TEXT">gas</field>
                      </block>
                    </value>
                  </block>
                </value>
                <statement name="DO0">
                  <block type="controls_if" id="BGY^~=V-9h-B|FhL4-q|">
                    <mutation elseif="1" else="1"></mutation>
                    <value name="IF0">
                      <block type="logic_compare" id="UAL,-E{aL(m^nN7F6Zu^">
                        <field name="OP">LTE</field>
                        <value name="A">
                          <block type="variables_get" id="TCH~OvfM6n`Un@gr+h7z">
                            <field name="VAR" id="j-zEaRT;DkM?yZoohi||" variabletype="">engineCapacity</field>
                          </block>
                        </value>
                        <value name="B">
                          <block type="bignumber" id="=F24{*0O6?eBrU7IoY$1">
                            <field name="number">1650</field>
                          </block>
                        </value>
                      </block>
                    </value>
                    <statement name="DO0">
                      <block type="variables_set" id="/#CsBk5_-IPL8^$$m:%2">
                        <field name="VAR" id="[xBA4:X$sFL@Uv08DFm#" variabletype="">basicTariffPremium</field>
                        <value name="VALUE">
                          <block type="bignumber" id="FC:B3OCslp.k%v5z.F9P">
                            <field name="number">5000</field>
                          </block>
                        </value>
                      </block>
                    </statement>
                    <value name="IF1">
                      <block type="logic_operation" id="%}F?l;6:zD%=@g:YdE@b">
                        <field name="OP">AND</field>
                        <value name="A">
                          <block type="logic_compare" id="bINZjc|FyCBCZO;DNP10">
                            <field name="OP">GTE</field>
                            <value name="A">
                              <block type="variables_get" id="{!abe^0aQJem!|t=e@T,">
                                <field name="VAR" id="j-zEaRT;DkM?yZoohi||" variabletype="">engineCapacity</field>
                              </block>
                            </value>
                            <value name="B">
                              <block type="bignumber" id="MEm2HpybB@R$/Ag2h)7R">
                                <field name="number">1651</field>
                              </block>
                            </value>
                          </block>
                        </value>
                        <value name="B">
                          <block type="logic_compare" id="v:H(R`HQNyBRF;@[YrrR">
                            <field name="OP">LTE</field>
                            <value name="A">
                              <block type="variables_get" id="usWh%;g/JMXtc5P);[:!">
                                <field name="VAR" id="j-zEaRT;DkM?yZoohi||" variabletype="">engineCapacity</field>
                              </block>
                            </value>
                            <value name="B">
                              <block type="bignumber" id="XW5ZC*@=JBk1rz,roK?C">
                                <field name="number">3500</field>
                              </block>
                            </value>
                          </block>
                        </value>
                      </block>
                    </value>
                    <statement name="DO1">
                      <block type="variables_set" id="Macb(x[h-sHWyghtQg}m">
                        <field name="VAR" id="[xBA4:X$sFL@Uv08DFm#" variabletype="">basicTariffPremium</field>
                        <value name="VALUE">
                          <block type="bignumber" id="CbH%ke:J[2qd,F4`4|Sg">
                            <field name="number">5000</field>
                          </block>
                        </value>
                      </block>
                    </statement>
                    <statement name="ELSE">
                      <block type="variables_set" id="AhX5Y|L4}2W;n+gd139b">
                        <field name="VAR" id="[xBA4:X$sFL@Uv08DFm#" variabletype="">basicTariffPremium</field>
                        <value name="VALUE">
                          <block type="bignumber" id="Zzm`,Gc(Nf@oHjbyu@6Z">
                            <field name="number">5000</field>
                          </block>
                        </value>
                      </block>
                    </statement>
                  </block>
                </statement>
                <value name="IF1">
                  <block type="logic_compare" id=";X^5E,f2:jM$[+JSlT(e">
                    <field name="OP">EQ</field>
                    <value name="A">
                      <block type="variables_get" id="ZDn)=4v_GO%E-HT9v@O.">
                        <field name="VAR" id="4uJ+~[:7B#)9?siM|7I;" variabletype="">fuelType</field>
                      </block>
                    </value>
                    <value name="B">
                      <block type="text" id="YsI%#MP~Tu_vF9K}BK.-">
                        <field name="TEXT">electric</field>
                      </block>
                    </value>
                  </block>
                </value>
                <statement name="DO1">
                  <block type="variables_set" id=".l!]O15A(kgxk_CX2ig%">
                    <field name="VAR" id="[xBA4:X$sFL@Uv08DFm#" variabletype="">basicTariffPremium</field>
                    <value name="VALUE">
                      <block type="bignumber" id="Jd6LO_ZrV#G|w^tK{gy,">
                        <field name="number">5000</field>
                      </block>
                    </value>
                  </block>
                </statement>
              </block>
            </statement>
            <value name="IF2">
              <block type="logic_compare" id="4yOeDH`9*Z83@kcZ|kra">
                <field name="OP">EQ</field>
                <value name="A">
                  <block type="variables_get" id="GqHn:1;{1J8?%~:u:Fm?">
                    <field name="VAR" id="p5N~{ng1Yb_iD#z%8?s6" variabletype="">coverType</field>
                  </block>
                </value>
                <value name="B">
                  <block type="text" id="X}Q(M[dR__Fg@D_5aDt(">
                    <field name="TEXT">third party fire and theft</field>
                  </block>
                </value>
              </block>
            </value>
            <statement name="DO2">
              <block type="controls_if" id="4on5/lmbrF_r?(Y5xxH)">
                <mutation elseif="1"></mutation>
                <value name="IF0">
                  <block type="logic_compare" id="BAO2~Z,qn!I`(Wo7pj#:">
                    <field name="OP">EQ</field>
                    <value name="A">
                      <block type="variables_get" id="%nPnpH`Q)t+5NRH9L4(-">
                        <field name="VAR" id="4uJ+~[:7B#)9?siM|7I;" variabletype="">fuelType</field>
                      </block>
                    </value>
                    <value name="B">
                      <block type="text" id="h?_1pR}n=akFih5xpdok">
                        <field name="TEXT">gas</field>
                      </block>
                    </value>
                  </block>
                </value>
                <statement name="DO0">
                  <block type="controls_if" id="LaAe}p*.T6crT#I[wyZC">
                    <mutation elseif="1" else="1"></mutation>
                    <value name="IF0">
                      <block type="logic_compare" id="R@C%)Nw;]CO~U)p+~EN,">
                        <field name="OP">LTE</field>
                        <value name="A">
                          <block type="variables_get" id="t$$d`=O}=UsC$Nn?J[Q?">
                            <field name="VAR" id="j-zEaRT;DkM?yZoohi||" variabletype="">engineCapacity</field>
                          </block>
                        </value>
                        <value name="B">
                          <block type="bignumber" id="]i-]9I?@?Dpa{M{z,7.1">
                            <field name="number">1650</field>
                          </block>
                        </value>
                      </block>
                    </value>
                    <statement name="DO0">
                      <block type="variables_set" id="CVV0cJP#Q)+A?!tGBK[h">
                        <field name="VAR" id="[xBA4:X$sFL@Uv08DFm#" variabletype="">basicTariffPremium</field>
                        <value name="VALUE">
                          <block type="bignumbercalculation" id="@-6q8Dm)vKpwt%n[QX0=">
                            <field name="operation">"plus"</field>
                            <value name="bigNumber1">
                              <block type="bignumber" id="43td}NIY(WeG:W5--5u)">
                                <field name="number">5000</field>
                              </block>
                            </value>
                            <value name="bigNumber2">
                              <block type="bignumbercalculation" id="k9;7m|0P%}K(lhc=%sXp">
                                <field name="operation">"times"</field>
                                <value name="bigNumber1">
                                  <block type="variables_get" id="t?-U|f#U$QhdM?n:cq7j">
                                    <field name="VAR" id="TvK)vu1d)@b#@h~3rt@." variabletype="">insuranceValue</field>
                                  </block>
                                </value>
                                <value name="bigNumber2">
                                  <block type="bignumberpercent" id="(2VU(VJn;U[H=1Q57f1?">
                                    <value name="bigNumber">
                                      <block type="bignumber" id="dm[`7)H6Pm(?`f$cK{NU">
                                        <field name="number">1.6</field>
                                      </block>
                                    </value>
                                  </block>
                                </value>
                              </block>
                            </value>
                          </block>
                        </value>
                        <next>
                          <block type="controls_if" id="O|fUv@xmp/Mp4xa$:xU|">
                            <value name="IF0">
                              <block type="logic_compare" id="7!U)nHL)as}_3AyHd2V5">
                                <field name="OP">LT</field>
                                <value name="A">
                                  <block type="variables_get" id="o+}prnu]4N#_Un~ZC;97">
                                    <field name="VAR" id="[xBA4:X$sFL@Uv08DFm#" variabletype="">basicTariffPremium</field>
                                  </block>
                                </value>
                                <value name="B">
                                  <block type="bignumber" id="n!aux3^*^![RISi|FFl`">
                                    <field name="number">5500</field>
                                  </block>
                                </value>
                              </block>
                            </value>
                            <statement name="DO0">
                              <block type="variables_set" id="oJMDN4(T.oR)(.CYzqM{">
                                <field name="VAR" id="[xBA4:X$sFL@Uv08DFm#" variabletype="">basicTariffPremium</field>
                                <value name="VALUE">
                                  <block type="bignumber" id="D1a4G*5f$MN(E].Nt~ig">
                                    <field name="number">5500</field>
                                  </block>
                                </value>
                              </block>
                            </statement>
                          </block>
                        </next>
                      </block>
                    </statement>
                    <value name="IF1">
                      <block type="logic_operation" id="12B@jrnlK}_CeNY#$t!B">
                        <field name="OP">AND</field>
                        <value name="A">
                          <block type="logic_compare" id=".`$%9+9//EW|qP=u}8Os">
                            <field name="OP">GTE</field>
                            <value name="A">
                              <block type="variables_get" id="F2q-),FqkX2^gvjp2Qk!">
                                <field name="VAR" id="j-zEaRT;DkM?yZoohi||" variabletype="">engineCapacity</field>
                              </block>
                            </value>
                            <value name="B">
                              <block type="bignumber" id="K(l3#mPh:0b=**m1nWvF">
                                <field name="number">1651</field>
                              </block>
                            </value>
                          </block>
                        </value>
                        <value name="B">
                          <block type="logic_compare" id="A,SipqLJhgCc}9;3U?LQ">
                            <field name="OP">LTE</field>
                            <value name="A">
                              <block type="variables_get" id="(,{%7!h;sQjfT=Qk%Ux*">
                                <field name="VAR" id="j-zEaRT;DkM?yZoohi||" variabletype="">engineCapacity</field>
                              </block>
                            </value>
                            <value name="B">
                              <block type="bignumber" id="f.(pJh6dp=;8Yk8[6XzZ">
                                <field name="number">3500</field>
                              </block>
                            </value>
                          </block>
                        </value>
                      </block>
                    </value>
                    <statement name="DO1">
                      <block type="variables_set" id="ZwAHYmj^){OpYU]J@jJt">
                        <field name="VAR" id="[xBA4:X$sFL@Uv08DFm#" variabletype="">basicTariffPremium</field>
                        <value name="VALUE">
                          <block type="bignumbercalculation" id="QmPcEWAkV3p(*SSk:)$;">
                            <field name="operation">"plus"</field>
                            <value name="bigNumber1">
                              <block type="bignumber" id="LU-kDI:}Mt!PB2%X,%*:">
                                <field name="number">5000</field>
                              </block>
                            </value>
                            <value name="bigNumber2">
                              <block type="bignumbercalculation" id="s@p_D~P9YPnCw7`=od+(">
                                <field name="operation">"times"</field>
                                <value name="bigNumber1">
                                  <block type="variables_get" id="uJH~)hB{u?r/GN7r{jdE">
                                    <field name="VAR" id="TvK)vu1d)@b#@h~3rt@." variabletype="">insuranceValue</field>
                                  </block>
                                </value>
                                <value name="bigNumber2">
                                  <block type="bignumberpercent" id="0YCOOyPBT|Q0~`.DCVup">
                                    <value name="bigNumber">
                                      <block type="bignumber" id="Ffu{jQAk(rYz@`Z^c0Kr">
                                        <field name="number">1.6</field>
                                      </block>
                                    </value>
                                  </block>
                                </value>
                              </block>
                            </value>
                          </block>
                        </value>
                        <next>
                          <block type="controls_if" id="Sy,q.)`H-Ty~oAQ6DbY:">
                            <value name="IF0">
                              <block type="logic_compare" id="_jo+%o*c{t*.~/2qjSZw">
                                <field name="OP">LT</field>
                                <value name="A">
                                  <block type="variables_get" id="?(-*k#9S=W/@00{YjZK7">
                                    <field name="VAR" id="[xBA4:X$sFL@Uv08DFm#" variabletype="">basicTariffPremium</field>
                                  </block>
                                </value>
                                <value name="B">
                                  <block type="bignumber" id="V;S@[CY1nn+8B+//(IYk">
                                    <field name="number">5500</field>
                                  </block>
                                </value>
                              </block>
                            </value>
                            <statement name="DO0">
                              <block type="variables_set" id="62[|]5{IeWB~NkG[ELVL">
                                <field name="VAR" id="[xBA4:X$sFL@Uv08DFm#" variabletype="">basicTariffPremium</field>
                                <value name="VALUE">
                                  <block type="bignumber" id="^pe}82f+b/$1uFot~7,C">
                                    <field name="number">5500</field>
                                  </block>
                                </value>
                              </block>
                            </statement>
                          </block>
                        </next>
                      </block>
                    </statement>
                    <statement name="ELSE">
                      <block type="variables_set" id="2u%~|8mC.={!w?4Jus$;">
                        <field name="VAR" id="[xBA4:X$sFL@Uv08DFm#" variabletype="">basicTariffPremium</field>
                        <value name="VALUE">
                          <block type="bignumbercalculation" id="ZC}q-(uuF|NZhuguusJT">
                            <field name="operation">"plus"</field>
                            <value name="bigNumber1">
                              <block type="bignumber" id="xa#Zvv%]6Np27RT~veY8">
                                <field name="number">5000</field>
                              </block>
                            </value>
                            <value name="bigNumber2">
                              <block type="bignumbercalculation" id="Ot*N-tq@rTq=--WI[$G)">
                                <field name="operation">"times"</field>
                                <value name="bigNumber1">
                                  <block type="variables_get" id="O3l5FTfY1YYLjXzIj+S9">
                                    <field name="VAR" id="TvK)vu1d)@b#@h~3rt@." variabletype="">insuranceValue</field>
                                  </block>
                                </value>
                                <value name="bigNumber2">
                                  <block type="bignumberpercent" id="48(?LU2x3nA,,.Wf}+Hc">
                                    <value name="bigNumber">
                                      <block type="bignumber" id="-VBe3,y71Elro]iU[*FS">
                                        <field name="number">1.6</field>
                                      </block>
                                    </value>
                                  </block>
                                </value>
                              </block>
                            </value>
                          </block>
                        </value>
                        <next>
                          <block type="controls_if" id="MT9w^5h]^aN4y^|glrei">
                            <value name="IF0">
                              <block type="logic_compare" id="=mB#.%wd6@1oMq^$7Cpw">
                                <field name="OP">LT</field>
                                <value name="A">
                                  <block type="variables_get" id="_qk/~kQzB_dUt[jip@zu">
                                    <field name="VAR" id="[xBA4:X$sFL@Uv08DFm#" variabletype="">basicTariffPremium</field>
                                  </block>
                                </value>
                                <value name="B">
                                  <block type="bignumber" id="+S1/?56r,XdAK?auM(*H">
                                    <field name="number">5500</field>
                                  </block>
                                </value>
                              </block>
                            </value>
                            <statement name="DO0">
                              <block type="variables_set" id="sph-$yGeNfdssg/;m0XB">
                                <field name="VAR" id="[xBA4:X$sFL@Uv08DFm#" variabletype="">basicTariffPremium</field>
                                <value name="VALUE">
                                  <block type="bignumber" id="U|E@Ge=B^%ba|.t]~5`b">
                                    <field name="number">5500</field>
                                  </block>
                                </value>
                              </block>
                            </statement>
                          </block>
                        </next>
                      </block>
                    </statement>
                  </block>
                </statement>
                <value name="IF1">
                  <block type="logic_compare" id="7YhIr}*mQ;ltD6+iIsv+">
                    <field name="OP">EQ</field>
                    <value name="A">
                      <block type="variables_get" id="3IE[3fuWahyXj}15NIhb">
                        <field name="VAR" id="4uJ+~[:7B#)9?siM|7I;" variabletype="">fuelType</field>
                      </block>
                    </value>
                    <value name="B">
                      <block type="text" id="kHWn:srRgC80oW|NrS5r">
                        <field name="TEXT">electric</field>
                      </block>
                    </value>
                  </block>
                </value>
                <statement name="DO1">
                  <block type="variables_set" id="P/nuJu((^YI!T0Fwz3Pm">
                    <field name="VAR" id="[xBA4:X$sFL@Uv08DFm#" variabletype="">basicTariffPremium</field>
                    <value name="VALUE">
                      <block type="bignumbercalculation" id="XIobP|q@k=E)7xZ/4S{O">
                        <field name="operation">"plus"</field>
                        <value name="bigNumber1">
                          <block type="bignumber" id="%nkP-ou)x!m;@N18Vtjf">
                            <field name="number">5000</field>
                          </block>
                        </value>
                        <value name="bigNumber2">
                          <block type="bignumbercalculation" id="Hn#[*jL0bWdekW:2}Tw3">
                            <field name="operation">"times"</field>
                            <value name="bigNumber1">
                              <block type="variables_get" id="WR=*,^lbS0hkWH~s#Y}V">
                                <field name="VAR" id="TvK)vu1d)@b#@h~3rt@." variabletype="">insuranceValue</field>
                              </block>
                            </value>
                            <value name="bigNumber2">
                              <block type="bignumberpercent" id="!YX6FTGOik%3l|NX~]5h">
                                <value name="bigNumber">
                                  <block type="bignumber" id="WW8HA2WXmLa(P_)%PG{F">
                                    <field name="number">1.6</field>
                                  </block>
                                </value>
                              </block>
                            </value>
                          </block>
                        </value>
                      </block>
                    </value>
                    <next>
                      <block type="controls_if" id="Li-s%g?V@r*K0NG(vQu7">
                        <value name="IF0">
                          <block type="logic_compare" id="GO7AZNBoSn/w7*qE2Ebc">
                            <field name="OP">LT</field>
                            <value name="A">
                              <block type="variables_get" id=".i-R$b.oVTVqTJycQs_i">
                                <field name="VAR" id="[xBA4:X$sFL@Uv08DFm#" variabletype="">basicTariffPremium</field>
                              </block>
                            </value>
                            <value name="B">
                              <block type="bignumber" id="TBFK@Gdbv-EdN*x*]0H?">
                                <field name="number">5500</field>
                              </block>
                            </value>
                          </block>
                        </value>
                        <statement name="DO0">
                          <block type="variables_set" id="cKfwTF`a;wt.7$VR$Ou=">
                            <field name="VAR" id="[xBA4:X$sFL@Uv08DFm#" variabletype="">basicTariffPremium</field>
                            <value name="VALUE">
                              <block type="bignumber" id="{[1QjQaZG$KhqEr($DPS">
                                <field name="number">5500</field>
                              </block>
                            </value>
                          </block>
                        </statement>
                      </block>
                    </next>
                  </block>
                </statement>
              </block>
            </statement>
          </block>
        </next>
      </block>
    </statement>
    <value name="RETURN">
      <block type="variables_get" id="qmq_G)8=2#Hz@),F9qRd">
        <field name="VAR" id="[xBA4:X$sFL@Uv08DFm#" variabletype="">basicTariffPremium</field>
      </block>
    </value>
  </block>
  <block type="procedures_callreturn" id="}U|(QSH6dphDhC[Ky#U@" x="-313" y="-862">
    <mutation name="getbasicTariffPremium">
      <arg name="coverType"></arg>
      <arg name="engineCapacity"></arg>
      <arg name="vehicleMake"></arg>
      <arg name="vehicleModel"></arg>
      <arg name="insuranceValue"></arg>
    </mutation>
    <value name="ARG0">
      <block type="text" id="=E)_+O|MZs6$x2jH~5iU">
        <field name="TEXT">comprehensive</field>
      </block>
    </value>
    <value name="ARG1">
      <block type="bignumber" id=":OMgF{b`%]4*wPC$HD^!">
        <field name="number">1497</field>
      </block>
    </value>
    <value name="ARG2">
      <block type="text" id="?|sEp)T;hHur5-EVPyB)">
        <field name="TEXT">HONDA</field>
      </block>
    </value>
    <value name="ARG3">
      <block type="text" id="M4LIf!4qwz@mv8YaMrJ3">
        <field name="TEXT">CIVIC 1.8</field>
      </block>
    </value>
    <value name="ARG4">
      <block type="bignumber" id="l9i}|E)g#4eS-bSB=:oi">
        <field name="number">100000</field>
      </block>
    </value>
  </block>
</xml>