<xml xmlns="http://www.w3.org/1999/xhtml">
  <variables>
    <variable type="" id="rSg27!x58Olq*z7PK6Q:">noClaimDiscountPercent</variable>
    <variable type="" id=")!5-jsP([-Sq46ehBfDb">inputPremium</variable>
    <variable type="" id="[HLiwZLO*V`LAQgVE-W#">fleetRatingDiscountPercent</variable>
    <variable type="" id="RSWgx#xBOdp+8=SrRmBK">noClaimDiscountAmount</variable>
    <variable type="" id="v{#a)hFN!OS|PTU!j%?D">fleetRatingDiscountAmount</variable>
    <variable type="" id="_5LvNlO(i}$tmNb`dA~)">noClaimFleetRatingDiscountPercent</variable>
    <variable type="" id="U8[TUvVw~a`_uQ1`z5I:">noClaimFleetRatingDiscountAmount</variable>
    <variable type="" id="qmOud[,+FgtfO`wJfm,.">noClaimFleetRatingDiscountPremium</variable>
  </variables>
  <block type="variables_set" id="/I(}KANSV4Qs+x=_BJi[" x="837" y="12">
    <field name="VAR" id="rSg27!x58Olq*z7PK6Q:" variabletype="">noClaimDiscountPercent</field>
    <value name="VALUE">
      <block type="bignumber" id="4$Vhu|{gD4X.O_XNZ4I,">
        <field name="number">20</field>
      </block>
    </value>
    <next>
      <block type="variables_set" id="uU}C0N3BW^;GPyJQp(gH">
        <field name="VAR" id="[HLiwZLO*V`LAQgVE-W#" variabletype="">fleetRatingDiscountPercent</field>
        <value name="VALUE">
          <block type="bignumber" id=";HITuUK0HyWjW+BhA7cv">
            <field name="number">5</field>
          </block>
        </value>
        <next>
          <block type="variables_set" id="i-~n:@v}|IJ]3*0{Bl_a">
            <field name="VAR" id=")!5-jsP([-Sq46ehBfDb" variabletype="">inputPremium</field>
            <value name="VALUE">
              <block type="bignumber" id="{SC?~AX(O+QRN!Vm[l.+">
                <field name="number">9600</field>
              </block>
            </value>
            <next>
              <block type="procedures_callnoreturn" id="fJri=g!nDDlR^+?r6@=+">
                <mutation name="getNoClaimDiscount">
                  <arg name="noClaimDiscountPercent"></arg>
                  <arg name="inputPremium"></arg>
                </mutation>
                <value name="ARG0">
                  <block type="variables_get" id="_bMC.Pt*h}O^a=QHpfJO">
                    <field name="VAR" id="rSg27!x58Olq*z7PK6Q:" variabletype="">noClaimDiscountPercent</field>
                  </block>
                </value>
                <value name="ARG1">
                  <block type="variables_get" id="{AzLZrmal^/^hJqG1Zt+">
                    <field name="VAR" id=")!5-jsP([-Sq46ehBfDb" variabletype="">inputPremium</field>
                  </block>
                </value>
                <next>
                  <block type="procedures_callnoreturn" id="eq_4t-VH}}f|t%NAHYKX">
                    <mutation name="getFleetRatingDiscount">
                      <arg name="fleetRatingDiscountPercent"></arg>
                      <arg name="inputPremium"></arg>
                    </mutation>
                    <value name="ARG0">
                      <block type="variables_get" id="|E{qCUE1,n2]SGK+(6sl">
                        <field name="VAR" id="[HLiwZLO*V`LAQgVE-W#" variabletype="">fleetRatingDiscountPercent</field>
                      </block>
                    </value>
                    <value name="ARG1">
                      <block type="variables_get" id="?6ebGSC3`T9/w+;JtTf]">
                        <field name="VAR" id=")!5-jsP([-Sq46ehBfDb" variabletype="">inputPremium</field>
                      </block>
                    </value>
                    <next>
                      <block type="variables_set" id="TEh:,z^|(-@HNVaO,bc!">
                        <field name="VAR" id="_5LvNlO(i}$tmNb`dA~)" variabletype="">noClaimFleetRatingDiscountPercent</field>
                        <value name="VALUE">
                          <block type="bignumberlistoperation" id="OThRb)bAZ:o6P0Jij8Zl">
                            <field name="operation">"sum"</field>
                            <value name="bigNumberList">
                              <block type="lists_create_with" id="qoD3`D|ug=MbArLfWw@q">
                                <mutation items="2"></mutation>
                                <value name="ADD0">
                                  <block type="variables_get" id="tkv%aMsAd5q@j$tGc.to">
                                    <field name="VAR" id="rSg27!x58Olq*z7PK6Q:" variabletype="">noClaimDiscountPercent</field>
                                  </block>
                                </value>
                                <value name="ADD1">
                                  <block type="variables_get" id="S08Z1oW@Qic4[w$%^/Z[">
                                    <field name="VAR" id="[HLiwZLO*V`LAQgVE-W#" variabletype="">fleetRatingDiscountPercent</field>
                                  </block>
                                </value>
                              </block>
                            </value>
                          </block>
                        </value>
                        <next>
                          <block type="variables_set" id="[KiNgqMI{7IeTq[k-|rm">
                            <field name="VAR" id="U8[TUvVw~a`_uQ1`z5I:" variabletype="">noClaimFleetRatingDiscountAmount</field>
                            <value name="VALUE">
                              <block type="bignumbercalculation" id="OZ3[HOq,g!1B3+V.jr,8">
                                <field name="operation">"times"</field>
                                <value name="bigNumber1">
                                  <block type="bignumbercalculation" id=",Rd8CC[Mn=(`T*dj(}*M">
                                    <field name="operation">"dividedBy"</field>
                                    <value name="bigNumber1">
                                      <block type="variables_get" id="o^n;Ox?y8%:-j}2KY2dh">
                                        <field name="VAR" id="_5LvNlO(i}$tmNb`dA~)" variabletype="">noClaimFleetRatingDiscountPercent</field>
                                      </block>
                                    </value>
                                    <value name="bigNumber2">
                                      <block type="bignumber" id="$m|cIOAi2XLeIQX!amy3">
                                        <field name="number">100</field>
                                      </block>
                                    </value>
                                  </block>
                                </value>
                                <value name="bigNumber2">
                                  <block type="variables_get" id="*DUax7@HmY,qe:|Rcb,{">
                                    <field name="VAR" id=")!5-jsP([-Sq46ehBfDb" variabletype="">inputPremium</field>
                                  </block>
                                </value>
                              </block>
                            </value>
                            <next>
                              <block type="variables_set" id="_VAW|Qzu-luHa,XhhJGl">
                                <field name="VAR" id="qmOud[,+FgtfO`wJfm,." variabletype="">noClaimFleetRatingDiscountPremium</field>
                                <value name="VALUE">
                                  <block type="bignumbercalculation" id="O+d,21v^;#QQW#JG!`Ew">
                                    <field name="operation">"minus"</field>
                                    <value name="bigNumber1">
                                      <block type="variables_get" id="$d;Mm:Q=*XR-EsSz$jv.">
                                        <field name="VAR" id=")!5-jsP([-Sq46ehBfDb" variabletype="">inputPremium</field>
                                      </block>
                                    </value>
                                    <value name="bigNumber2">
                                      <block type="variables_get" id="Xo7RFsSvgZLFm%XZb]yh">
                                        <field name="VAR" id="U8[TUvVw~a`_uQ1`z5I:" variabletype="">noClaimFleetRatingDiscountAmount</field>
                                      </block>
                                    </value>
                                  </block>
                                </value>
                              </block>
                            </next>
                          </block>
                        </next>
                      </block>
                    </next>
                  </block>
                </next>
              </block>
            </next>
          </block>
        </next>
      </block>
    </next>
  </block>
  <block type="procedures_defnoreturn" id="B%8Q1D]g@Au=o%aSI~y=" x="38" y="63">
    <mutation>
      <arg name="noClaimDiscountPercent" varid="rSg27!x58Olq*z7PK6Q:"></arg>
      <arg name="inputPremium" varid=")!5-jsP([-Sq46ehBfDb"></arg>
    </mutation>
    <field name="NAME">getNoClaimDiscount</field>
    <comment pinned="false" h="80" w="160">Describe this function...</comment>
    <statement name="STACK">
      <block type="variables_set" id="zwn46s{-zE$U1/!b-#TN">
        <field name="VAR" id="RSWgx#xBOdp+8=SrRmBK" variabletype="">noClaimDiscountAmount</field>
        <value name="VALUE">
          <block type="bignumbercalculation" id="I:O2}xsGwBo*v(UH[T=B">
            <field name="operation">"times"</field>
            <value name="bigNumber1">
              <block type="variables_get" id="tsU,7K!J5@][y05w9j}~">
                <field name="VAR" id=")!5-jsP([-Sq46ehBfDb" variabletype="">inputPremium</field>
              </block>
            </value>
            <value name="bigNumber2">
              <block type="bignumberpercent" id="Ktbt#m+P{bxl)t}J%{/l">
                <value name="bigNumber">
                  <block type="variables_get" id="MG!%zZO7ulCATB#3:sjv">
                    <field name="VAR" id="rSg27!x58Olq*z7PK6Q:" variabletype="">noClaimDiscountPercent</field>
                  </block>
                </value>
              </block>
            </value>
          </block>
        </value>
      </block>
    </statement>
  </block>
  <block type="procedures_defnoreturn" id="F{9ZHr4b237vxr_r!GuY" x="38" y="188">
    <mutation>
      <arg name="fleetRatingDiscountPercent" varid="[HLiwZLO*V`LAQgVE-W#"></arg>
      <arg name="inputPremium" varid=")!5-jsP([-Sq46ehBfDb"></arg>
    </mutation>
    <field name="NAME">getFleetRatingDiscount</field>
    <comment pinned="false" h="80" w="160">Describe this function...</comment>
    <statement name="STACK">
      <block type="variables_set" id="wx;]a+PZ9Uhs7){*Nb9f">
        <field name="VAR" id="v{#a)hFN!OS|PTU!j%?D" variabletype="">fleetRatingDiscountAmount</field>
        <value name="VALUE">
          <block type="bignumbercalculation" id="))`9;85B{%1lD~pwH+L9">
            <field name="operation">"times"</field>
            <value name="bigNumber1">
              <block type="variables_get" id="rHf}SpToLM1DHAw4{qp;">
                <field name="VAR" id=")!5-jsP([-Sq46ehBfDb" variabletype="">inputPremium</field>
              </block>
            </value>
            <value name="bigNumber2">
              <block type="bignumberpercent" id="+2IZ*z(!F%FX_[!E]X1,">
                <value name="bigNumber">
                  <block type="variables_get" id="N5XAwo|dVto70]{+yF;3">
                    <field name="VAR" id="[HLiwZLO*V`LAQgVE-W#" variabletype="">fleetRatingDiscountPercent</field>
                  </block>
                </value>
              </block>
            </value>
          </block>
        </value>
      </block>
    </statement>
  </block>
</xml>