<xml xmlns="http://www.w3.org/1999/xhtml">
  <variables>
    <variable type="" id="^unPG9x;xUQ(SgnD/+x:">tradePlateNumber</variable>
    <variable type="" id="p#7f2VE;th@9un=8u[aG">namedDriverNumber</variable>
    <variable type="" id="qti@o:l^Ue=;v+JsA+Vc">coverType</variable>
    <variable type="" id="vnmEVI4QV#;gTpol6l#H">ownDamageAmount</variable>
    <variable type="" id="Lp[8tHfV5!X;cGaz.@tC">tppdAmount</variable>
    <variable type="" id="ATpU8j,JqiJMQQnZKz;y">youngDriverAmount</variable>
    <variable type="" id="{(Udf]$!+r*~y,Q2B5_@">tppdYoungDriverAmount</variable>
    <variable type="" id="aqU~SR@pd}WWQGlN+FvY">inexperiencedDriverAmount</variable>
    <variable type="" id="3b,8a]KMR+.~x*!hwvOo">tppdInexperienceDriverAmount</variable>
  </variables>
  <block type="procedures_defnoreturn" id="=VEa3-.VY%[(m4dagS_4" x="212" y="138">
    <mutation>
      <arg name="tradePlateNumber" varid="^unPG9x;xUQ(SgnD/+x:"></arg>
      <arg name="namedDriverNumber" varid="p#7f2VE;th@9un=8u[aG"></arg>
      <arg name="coverType" varid="qti@o:l^Ue=;v+JsA+Vc"></arg>
    </mutation>
    <field name="NAME">getExcesses</field>
    <comment pinned="false" h="80" w="160">Describe this function...</comment>
    <statement name="STACK">
      <block type="controls_if" id="Gu.iW_e?O9f]/}`,p:ig">
        <mutation elseif="1"></mutation>
        <value name="IF0">
          <block type="numbercomparison" id="XH4ALF;v=(i/LsVbRBl`">
            <field name="operation">"GT"</field>
            <value name="bigNumber1">
              <block type="variables_get" id="=589@Z%+24n}E4HhUCRd">
                <field name="VAR" id="p#7f2VE;th@9un=8u[aG" variabletype="">namedDriverNumber</field>
              </block>
            </value>
            <value name="bigNumber2">
              <block type="bignumber" id="arm94/}PW^ausZuH;yQ{">
                <field name="number">0</field>
              </block>
            </value>
          </block>
        </value>
        <statement name="DO0">
          <block type="controls_if" id="*L{3SOJUWCCLUydaLci5">
            <value name="IF0">
              <block type="logic_compare" id="%%vpF{w8jjQu;OXroYJU">
                <field name="OP">EQ</field>
                <value name="A">
                  <block type="variables_get" id="6f}/nf5G-5HN!;nf/7W`">
                    <field name="VAR" id="qti@o:l^Ue=;v+JsA+Vc" variabletype="">coverType</field>
                  </block>
                </value>
                <value name="B">
                  <block type="text" id="UvOHux/Nmn1MCvJm|IrG">
                    <field name="TEXT">comprehensive</field>
                  </block>
                </value>
              </block>
            </value>
            <statement name="DO0">
              <block type="variables_set" id="Q9Lwhs+I*#c~Rbqz%/tK">
                <field name="VAR" id="vnmEVI4QV#;gTpol6l#H" variabletype="">ownDamageAmount</field>
                <value name="VALUE">
                  <block type="bignumber" id="c}Q!a3r_[YkeQ=Au*voW">
                    <field name="number">5000</field>
                  </block>
                </value>
              </block>
            </statement>
            <next>
              <block type="variables_set" id="xo;a7Usl=$tP/_dB$JbU">
                <field name="VAR" id="Lp[8tHfV5!X;cGaz.@tC" variabletype="">tppdAmount</field>
                <value name="VALUE">
                  <block type="bignumber" id="9fBix2g7J[:5HS:zfbLU">
                    <field name="number">10000</field>
                  </block>
                </value>
              </block>
            </next>
          </block>
        </statement>
        <value name="IF1">
          <block type="numbercomparison" id="8?v*$bLbp%Af|P6lHjQV">
            <field name="operation">"GT"</field>
            <value name="bigNumber1">
              <block type="variables_get" id="}+-c|,y_{Ly`vz:yKBR)">
                <field name="VAR" id="^unPG9x;xUQ(SgnD/+x:" variabletype="">tradePlateNumber</field>
              </block>
            </value>
            <value name="bigNumber2">
              <block type="bignumber" id="Uoj}b?q(oU,C.t^uvQI`">
                <field name="number">0</field>
              </block>
            </value>
          </block>
        </value>
        <statement name="DO1">
          <block type="controls_if" id="Y?cdi6jJ9]gm8DZ*w;D=">
            <value name="IF0">
              <block type="logic_compare" id="11x3F,?ap|!zPnLicCbV">
                <field name="OP">EQ</field>
                <value name="A">
                  <block type="variables_get" id="Gv/V+dY{XPicIovc+FWK">
                    <field name="VAR" id="qti@o:l^Ue=;v+JsA+Vc" variabletype="">coverType</field>
                  </block>
                </value>
                <value name="B">
                  <block type="text" id="AhP,_,WYVc`P2.VL3lJI">
                    <field name="TEXT">comprehensive</field>
                  </block>
                </value>
              </block>
            </value>
            <statement name="DO0">
              <block type="variables_set" id="dHI6m;O^5sa)=sI_oy6=">
                <field name="VAR" id="vnmEVI4QV#;gTpol6l#H" variabletype="">ownDamageAmount</field>
                <value name="VALUE">
                  <block type="bignumber" id="=4[|G=jx3=prhl.!{j!{">
                    <field name="number">10000</field>
                  </block>
                </value>
                <next>
                  <block type="variables_set" id="U2[[Y%}RF{$p4-!nV*c/">
                    <field name="VAR" id="ATpU8j,JqiJMQQnZKz;y" variabletype="">youngDriverAmount</field>
                    <value name="VALUE">
                      <block type="bignumber" id="[Z4chEmXX/VzmQ^wmMRJ">
                        <field name="number">20000</field>
                      </block>
                    </value>
                    <next>
                      <block type="variables_set" id="|i/{S:=~N@M6P~-Y4l,[">
                        <field name="VAR" id="aqU~SR@pd}WWQGlN+FvY" variabletype="">inexperiencedDriverAmount</field>
                        <value name="VALUE">
                          <block type="bignumber" id="5Jy6#K.v:goNIoq3yM!V">
                            <field name="number">20000</field>
                          </block>
                        </value>
                      </block>
                    </next>
                  </block>
                </next>
              </block>
            </statement>
            <next>
              <block type="variables_set" id=":t{DDi(d;aLOb{m^uzkO">
                <field name="VAR" id="Lp[8tHfV5!X;cGaz.@tC" variabletype="">tppdAmount</field>
                <value name="VALUE">
                  <block type="bignumber" id="`Ozcf;{ZQ2=;,Fs)_G[v">
                    <field name="number">10000</field>
                  </block>
                </value>
                <next>
                  <block type="variables_set" id="CUvc|ox#VMf_o.5w]X~Z">
                    <field name="VAR" id="{(Udf]$!+r*~y,Q2B5_@" variabletype="">tppdYoungDriverAmount</field>
                    <value name="VALUE">
                      <block type="bignumber" id=",$4+sf?M3I2F;0,(9Y$Y">
                        <field name="number">20000</field>
                      </block>
                    </value>
                    <next>
                      <block type="variables_set" id="ca9Ph212YIIFI)^T{uD5">
                        <field name="VAR" id="3b,8a]KMR+.~x*!hwvOo" variabletype="">tppdInexperienceDriverAmount</field>
                        <value name="VALUE">
                          <block type="bignumber" id="/{s?LFJ{Dfygm!o!Cr_F">
                            <field name="number">20000</field>
                          </block>
                        </value>
                      </block>
                    </next>
                  </block>
                </next>
              </block>
            </next>
          </block>
        </statement>
      </block>
    </statement>
  </block>
  <block type="variables_set" id="pWHV)wgB3Ge:p|[sGRT;" x="888" y="113">
    <field name="VAR" id="^unPG9x;xUQ(SgnD/+x:" variabletype="">tradePlateNumber</field>
    <value name="VALUE">
      <block type="bignumber" id="*3It4B~S_HLBYYPf|^iM">
        <field name="number">10</field>
      </block>
    </value>
    <next>
      <block type="variables_set" id="k4a}$lRx]:O]z.@hY5YQ">
        <field name="VAR" id="p#7f2VE;th@9un=8u[aG" variabletype="">namedDriverNumber</field>
        <value name="VALUE">
          <block type="bignumber" id="g1UZ))/X8+7Q{IDUl]O;">
            <field name="number">0</field>
          </block>
        </value>
        <next>
          <block type="variables_set" id="Q0kH`4uV4FHn~~`=k=/V">
            <field name="VAR" id="qti@o:l^Ue=;v+JsA+Vc" variabletype="">coverType</field>
            <value name="VALUE">
              <block type="text" id="nrLFG-qSoUb[`^!./DHU">
                <field name="TEXT">comprehensive</field>
              </block>
            </value>
            <next>
              <block type="procedures_callnoreturn" id=";O#)/Sna)bV.(JKgVx)P">
                <mutation name="getExcesses">
                  <arg name="tradePlateNumber"></arg>
                  <arg name="namedDriverNumber"></arg>
                  <arg name="coverType"></arg>
                </mutation>
                <value name="ARG0">
                  <block type="variables_get" id="5LO(Jy6o*@*/3-BV840N">
                    <field name="VAR" id="^unPG9x;xUQ(SgnD/+x:" variabletype="">tradePlateNumber</field>
                  </block>
                </value>
                <value name="ARG1">
                  <block type="variables_get" id="N6J@,t::3t}[cws//UQ*">
                    <field name="VAR" id="p#7f2VE;th@9un=8u[aG" variabletype="">namedDriverNumber</field>
                  </block>
                </value>
                <value name="ARG2">
                  <block type="variables_get" id="l,4865tmh1v}7~6A1T86">
                    <field name="VAR" id="qti@o:l^Ue=;v+JsA+Vc" variabletype="">coverType</field>
                  </block>
                </value>
              </block>
            </next>
          </block>
        </next>
      </block>
    </next>
  </block>
</xml>