<xml xmlns="http://www.w3.org/1999/xhtml">
  <variables>
    <variable type="" id="Vt=(:@xkOr3(e|q|Ws,!">coverType</variable>
    <variable type="" id="#lM*r@K|FI,GBep9ibNA">tradePlateNumber</variable>
    <variable type="" id="vC$UqwO(ZNV?`Tzuo(gz">namedDriverNumber</variable>
    <variable type="" id="Z5$z`5OR/;E,L(*hG`Wp">basicTariffPremium</variable>
  </variables>
  <block type="procedures_defreturn" id="?U2.;p)E~UR%;?:p!4uk" x="137" y="-288">
    <mutation>
      <arg name="coverType" varid="Vt=(:@xkOr3(e|q|Ws,!"></arg>
      <arg name="tradePlateNumber" varid="#lM*r@K|FI,GBep9ibNA"></arg>
      <arg name="namedDriverNumber" varid="vC$UqwO(ZNV?`Tzuo(gz"></arg>
    </mutation>
    <field name="NAME">getBasicTariffPremium</field>
    <comment pinned="false" h="80" w="160">Describe this function...</comment>
    <statement name="STACK">
      <block type="controls_if" id="kRb_E0dGt!MbK5JBpS%D">
        <mutation elseif="1"></mutation>
        <value name="IF0">
          <block type="logic_compare" id="V,n%TVK+nmge2fzoJzwC">
            <field name="OP">EQ</field>
            <value name="A">
              <block type="variables_get" id=".UA4B8o}tEu)LYm@q`Xn">
                <field name="VAR" id="Vt=(:@xkOr3(e|q|Ws,!" variabletype="">coverType</field>
              </block>
            </value>
            <value name="B">
              <block type="text" id="`sax5e+hpxe}.nZu;kcv">
                <field name="TEXT">comprehensive</field>
              </block>
            </value>
          </block>
        </value>
        <statement name="DO0">
          <block type="controls_if" id="Y~+yV4S?.~|di$FcCwoD">
            <mutation elseif="1"></mutation>
            <value name="IF0">
              <block type="numbercomparison" id="N;@kvg$2`Z1H[W4}-N+w">
                <field name="operation">"GT"</field>
                <value name="bigNumber1">
                  <block type="variables_get" id="%9Wz]qzNWB3o=P!/MoXl">
                    <field name="VAR" id="#lM*r@K|FI,GBep9ibNA" variabletype="">tradePlateNumber</field>
                  </block>
                </value>
                <value name="bigNumber2">
                  <block type="bignumber" id="JGGK[6QBk`u$F4^LsU]M">
                    <field name="number">0</field>
                  </block>
                </value>
              </block>
            </value>
            <statement name="DO0">
              <block type="variables_set" id="Df5obBH{8O0JxfCIXDnM">
                <field name="VAR" id="Z5$z`5OR/;E,L(*hG`Wp" variabletype="">basicTariffPremium</field>
                <value name="VALUE">
                  <block type="bignumbercalculation" id="8rtZ85;PV~rRqlPlZ/[g">
                    <field name="operation">"times"</field>
                    <value name="bigNumber1">
                      <block type="bignumber" id="0N..cz/_FJq^7^]/!9eL">
                        <field name="number">46200</field>
                      </block>
                    </value>
                    <value name="bigNumber2">
                      <block type="variables_get" id="oBv`*bf8B40_1xrX21#6">
                        <field name="VAR" id="#lM*r@K|FI,GBep9ibNA" variabletype="">tradePlateNumber</field>
                      </block>
                    </value>
                  </block>
                </value>
              </block>
            </statement>
            <value name="IF1">
              <block type="numbercomparison" id="{OfNdW@.:KJ}M(wkXVhR">
                <field name="operation">"GT"</field>
                <value name="bigNumber1">
                  <block type="variables_get" id="vA897joe]xjQ/|r]]}C4">
                    <field name="VAR" id="vC$UqwO(ZNV?`Tzuo(gz" variabletype="">namedDriverNumber</field>
                  </block>
                </value>
                <value name="bigNumber2">
                  <block type="bignumber" id="x@~w:(2LCsPdq5-VfIl7">
                    <field name="number">0</field>
                  </block>
                </value>
              </block>
            </value>
            <statement name="DO1">
              <block type="variables_set" id="1VC09?}-uL+cg,@uKvR+">
                <field name="VAR" id="Z5$z`5OR/;E,L(*hG`Wp" variabletype="">basicTariffPremium</field>
                <value name="VALUE">
                  <block type="bignumbercalculation" id="*Vf(|mzl%FZkmlll[)xb">
                    <field name="operation">"times"</field>
                    <value name="bigNumber1">
                      <block type="bignumber" id="oHI%:M}OO|_R5csh,m8c">
                        <field name="number">23100</field>
                      </block>
                    </value>
                    <value name="bigNumber2">
                      <block type="variables_get" id="tq8w^}2h2~A]zp:8.bGD">
                        <field name="VAR" id="vC$UqwO(ZNV?`Tzuo(gz" variabletype="">namedDriverNumber</field>
                      </block>
                    </value>
                  </block>
                </value>
              </block>
            </statement>
          </block>
        </statement>
        <value name="IF1">
          <block type="logic_compare" id="^$A:0G+eWY0//tVr6}F?">
            <field name="OP">EQ</field>
            <value name="A">
              <block type="variables_get" id="W$yTUIrM;zZ{WlbUe,TA">
                <field name="VAR" id="Vt=(:@xkOr3(e|q|Ws,!" variabletype="">coverType</field>
              </block>
            </value>
            <value name="B">
              <block type="text" id="pMdnSb1wU@SrZy]_d1=^">
                <field name="TEXT">third party only</field>
              </block>
            </value>
          </block>
        </value>
        <statement name="DO1">
          <block type="controls_if" id="EQiq}y3Zf+Se83K~vA9:">
            <mutation elseif="1"></mutation>
            <value name="IF0">
              <block type="numbercomparison" id="^UM+;Y#25r[lr(ETcfV|">
                <field name="operation">"GT"</field>
                <value name="bigNumber1">
                  <block type="variables_get" id="XUMdeF4gyv99^Cw(*I;J">
                    <field name="VAR" id="#lM*r@K|FI,GBep9ibNA" variabletype="">tradePlateNumber</field>
                  </block>
                </value>
                <value name="bigNumber2">
                  <block type="bignumber" id="3ttL(m(DYc0B$pn9Rao=">
                    <field name="number">0</field>
                  </block>
                </value>
              </block>
            </value>
            <statement name="DO0">
              <block type="variables_set" id="|6?fP!al43W(Ksi0Z]7P">
                <field name="VAR" id="Z5$z`5OR/;E,L(*hG`Wp" variabletype="">basicTariffPremium</field>
                <value name="VALUE">
                  <block type="bignumbercalculation" id="l1lug0yZ1xSM}bm0}6n0">
                    <field name="operation">"times"</field>
                    <value name="bigNumber1">
                      <block type="bignumber" id="^*VbEh9@Cxv:+1Y|D$37">
                        <field name="number">7900</field>
                      </block>
                    </value>
                    <value name="bigNumber2">
                      <block type="variables_get" id="izOh6_m2xw8@{oY]$ovX">
                        <field name="VAR" id="#lM*r@K|FI,GBep9ibNA" variabletype="">tradePlateNumber</field>
                      </block>
                    </value>
                  </block>
                </value>
              </block>
            </statement>
            <value name="IF1">
              <block type="numbercomparison" id="UZ(NuAUcb{XAJ/eqsU,:">
                <field name="operation">"GT"</field>
                <value name="bigNumber1">
                  <block type="variables_get" id="1cM:%y1yp-.|pF$:Wby;">
                    <field name="VAR" id="vC$UqwO(ZNV?`Tzuo(gz" variabletype="">namedDriverNumber</field>
                  </block>
                </value>
                <value name="bigNumber2">
                  <block type="bignumber" id="#1{q,P|uL7W:Mf+(MIQd">
                    <field name="number">0</field>
                  </block>
                </value>
              </block>
            </value>
            <statement name="DO1">
              <block type="variables_set" id="uUz[P8Gts84%DM[T69,$">
                <field name="VAR" id="Z5$z`5OR/;E,L(*hG`Wp" variabletype="">basicTariffPremium</field>
                <value name="VALUE">
                  <block type="bignumbercalculation" id="N;5:E/Hbx-=lu?rcCsqH">
                    <field name="operation">"times"</field>
                    <value name="bigNumber1">
                      <block type="bignumber" id="KGP99Py7:NuQ=MGYA?]q">
                        <field name="number">3700</field>
                      </block>
                    </value>
                    <value name="bigNumber2">
                      <block type="variables_get" id="vZGF7DR[PVCC.j_Eb]5#">
                        <field name="VAR" id="vC$UqwO(ZNV?`Tzuo(gz" variabletype="">namedDriverNumber</field>
                      </block>
                    </value>
                  </block>
                </value>
              </block>
            </statement>
          </block>
        </statement>
      </block>
    </statement>
    <value name="RETURN">
      <block type="variables_get" id="n%N$q.zHelcd1Z-}#r;@">
        <field name="VAR" id="Z5$z`5OR/;E,L(*hG`Wp" variabletype="">basicTariffPremium</field>
      </block>
    </value>
  </block>
</xml>