<xml xmlns="http://www.w3.org/1999/xhtml">
  <variables>
    <variable type="" id="EBk`CAKGxt[UMX:d0)4q">inputPremium</variable>
    <variable type="" id="R_%.}_[]B)+mnlO:o*gX">clientDiscountPercentage</variable>
    <variable type="" id="hQ*o=`!Nu*L]aN$=CYoF">clientDiscountPercent</variable>
    <variable type="" id="v$p~@}$|qLb/h%6vxYXo">clientDiscountAmount</variable>
    <variable type="" id="R];lTu@S}cBY7Mj33sI*">clientDiscountPremium</variable>
  </variables>
  <block type="variables_set" id="+3r61m(gV(eoipqt3r4P" x="887" y="13">
    <field name="VAR" id="EBk`CAKGxt[UMX:d0)4q" variabletype="">inputPremium</field>
    <value name="VALUE">
      <block type="bignumber" id="J1wLH1jD+cxbF:d9@F2A">
        <field name="number">9600</field>
      </block>
    </value>
    <next>
      <block type="variables_set" id="o,q8+c8HvSJb,7tA]7Ly">
        <field name="VAR" id="R_%.}_[]B)+mnlO:o*gX" variabletype="">clientDiscountPercentage</field>
        <value name="VALUE">
          <block type="bignumber" id="+_U~NlLK9JpEtVDjotBm">
            <field name="number">5</field>
          </block>
        </value>
        <next>
          <block type="procedures_callnoreturn" id="{aWqg@F;1Zi}{#%zv6+*">
            <mutation name="getClientDiscount">
              <arg name="inputPremium"></arg>
              <arg name="clientDiscountPercentage"></arg>
            </mutation>
            <value name="ARG0">
              <block type="variables_get" id="(RPw)hwTs(VWmGs5),Zi">
                <field name="VAR" id="EBk`CAKGxt[UMX:d0)4q" variabletype="">inputPremium</field>
              </block>
            </value>
            <value name="ARG1">
              <block type="variables_get" id="aS+084cw{~p?-H~lZ`g/">
                <field name="VAR" id="R_%.}_[]B)+mnlO:o*gX" variabletype="">clientDiscountPercentage</field>
              </block>
            </value>
            <next>
              <block type="variables_set" id="z*|MHt=f;EuOCFX1GvWT">
                <field name="VAR" id="R];lTu@S}cBY7Mj33sI*" variabletype="">clientDiscountPremium</field>
                <value name="VALUE">
                  <block type="bignumbercalculation" id="9r:EfyJmXRf3}{$yy3uH">
                    <field name="operation">"minus"</field>
                    <value name="bigNumber1">
                      <block type="variables_get" id="9eYmH]ZHW]89q^:/t9Ht">
                        <field name="VAR" id="EBk`CAKGxt[UMX:d0)4q" variabletype="">inputPremium</field>
                      </block>
                    </value>
                    <value name="bigNumber2">
                      <block type="variables_get" id="UVH3,u~iwrtKKb()XkP:">
                        <field name="VAR" id="v$p~@}$|qLb/h%6vxYXo" variabletype="">clientDiscountAmount</field>
                      </block>
                    </value>
                  </block>
                </value>
              </block>
            </next>
          </block>
        </next>
      </block>
    </next>
  </block>
  <block type="procedures_defnoreturn" id="!KO!i){/;bflu^S,_haW" x="113" y="63">
    <mutation>
      <arg name="inputPremium" varid="EBk`CAKGxt[UMX:d0)4q"></arg>
      <arg name="clientDiscountPercentage" varid="R_%.}_[]B)+mnlO:o*gX"></arg>
    </mutation>
    <field name="NAME">getClientDiscount</field>
    <comment pinned="false" h="80" w="160">Describe this function...</comment>
    <statement name="STACK">
      <block type="variables_set" id="O`T`gaGbN`nM9(^{Zh^O">
        <field name="VAR" id="hQ*o=`!Nu*L]aN$=CYoF" variabletype="">clientDiscountPercent</field>
        <value name="VALUE">
          <block type="variables_get" id="_}|)pg4D(RMN]Aqh;tca">
            <field name="VAR" id="R_%.}_[]B)+mnlO:o*gX" variabletype="">clientDiscountPercentage</field>
          </block>
        </value>
        <next>
          <block type="variables_set" id="6tRJUg!RGg!ls8P:OgS-">
            <field name="VAR" id="v$p~@}$|qLb/h%6vxYXo" variabletype="">clientDiscountAmount</field>
            <value name="VALUE">
              <block type="bignumbercalculation" id="Kx(v_eW-F[z/fNwmU,_M">
                <field name="operation">"times"</field>
                <value name="bigNumber1">
                  <block type="variables_get" id="IKXg=.cx8%pZa1o)CXJ}">
                    <field name="VAR" id="EBk`CAKGxt[UMX:d0)4q" variabletype="">inputPremium</field>
                  </block>
                </value>
                <value name="bigNumber2">
                  <block type="bignumberpercent" id="SWX+^PmOSx^WltP~2?99">
                    <value name="bigNumber">
                      <block type="variables_get" id=".s#)lPzP{+Dz[z(M?n(8">
                        <field name="VAR" id="hQ*o=`!Nu*L]aN$=CYoF" variabletype="">clientDiscountPercent</field>
                      </block>
                    </value>
                  </block>
                </value>
              </block>
            </value>
          </block>
        </next>
      </block>
    </statement>
  </block>
</xml>