<xml xmlns="http://www.w3.org/1999/xhtml">
  <variables>
    <variable type="" id="1NLTq=2[Y7x)(,BFL9;A">inputPremium</variable>
    <variable type="" id="bM_*$=h6RJnx$=)C.EM[">multipleItemsDiscountPercentage</variable>
    <variable type="" id="Z|PaQ`9y2K=B}@A[RE;j">multipleItemsDiscountPercent</variable>
    <variable type="" id="8,~U8zBdD*XCERTS/hRT">multipleItemsDiscountAmount</variable>
    <variable type="" id="|z@Vwa%6FT(,mi!Z|Z#x">multipleItemsDiscountPremium</variable>
  </variables>
  <block type="procedures_defnoreturn" id="@Yuk?2H4beNIwXasUsZI" x="188" y="88">
    <mutation>
      <arg name="inputPremium" varid="1NLTq=2[Y7x)(,BFL9;A"></arg>
      <arg name="multipleItemsDiscountPercentage" varid="bM_*$=h6RJnx$=)C.EM["></arg>
    </mutation>
    <field name="NAME">getMultipleItemsDiscount</field>
    <comment pinned="false" h="80" w="160">Describe this function...</comment>
    <statement name="STACK">
      <block type="variables_set" id=":t]Z|=PAxD#y+I)ms9,i">
        <field name="VAR" id="Z|PaQ`9y2K=B}@A[RE;j" variabletype="">multipleItemsDiscountPercent</field>
        <value name="VALUE">
          <block type="variables_get" id=";s:O_R$(%ZZYi]sm%8Ig">
            <field name="VAR" id="bM_*$=h6RJnx$=)C.EM[" variabletype="">multipleItemsDiscountPercentage</field>
          </block>
        </value>
        <next>
          <block type="variables_set" id="imb*6[TTAxXyoR^WVW6p">
            <field name="VAR" id="8,~U8zBdD*XCERTS/hRT" variabletype="">multipleItemsDiscountAmount</field>
            <value name="VALUE">
              <block type="bignumbercalculation" id="q4bnr5^A#h-FahfNQNfY">
                <field name="operation">"times"</field>
                <value name="bigNumber1">
                  <block type="variables_get" id="BNT{Gq^RbZBW}^~qL2hk">
                    <field name="VAR" id="1NLTq=2[Y7x)(,BFL9;A" variabletype="">inputPremium</field>
                  </block>
                </value>
                <value name="bigNumber2">
                  <block type="bignumberpercent" id="UT;!i-DA,K,vTk#1EDm2">
                    <value name="bigNumber">
                      <block type="variables_get" id="EQK4nCu{rDJ!S5.Q6AXX">
                        <field name="VAR" id="Z|PaQ`9y2K=B}@A[RE;j" variabletype="">multipleItemsDiscountPercent</field>
                      </block>
                    </value>
                  </block>
                </value>
              </block>
            </value>
          </block>
        </next>
      </block>
    </statement>
  </block>
  <block type="variables_set" id="lc(ph.o=lJ@s6LY8CZGx" x="1038" y="87">
    <field name="VAR" id="1NLTq=2[Y7x)(,BFL9;A" variabletype="">inputPremium</field>
    <value name="VALUE">
      <block type="bignumber" id=";n5e-Uw;h4bs^YrP0igH">
        <field name="number">9600</field>
      </block>
    </value>
    <next>
      <block type="variables_set" id="0_5[-CTs1v(/:]QO@x9Y">
        <field name="VAR" id="bM_*$=h6RJnx$=)C.EM[" variabletype="">multipleItemsDiscountPercentage</field>
        <value name="VALUE">
          <block type="bignumber" id="`SX-l9W5)uTjmF+x(J34">
            <field name="number">5</field>
          </block>
        </value>
        <next>
          <block type="procedures_callnoreturn" id="(V{2mRbwch.2jV?Bzinb">
            <mutation name="getMultipleItemsDiscount">
              <arg name="inputPremium"></arg>
              <arg name="multipleItemsDiscountPercentage"></arg>
            </mutation>
            <value name="ARG0">
              <block type="variables_get" id="7iA7_%@JSj2_OPxa9SHj">
                <field name="VAR" id="1NLTq=2[Y7x)(,BFL9;A" variabletype="">inputPremium</field>
              </block>
            </value>
            <value name="ARG1">
              <block type="variables_get" id="5K]A{UZ4/!u2]yMDH@+k">
                <field name="VAR" id="bM_*$=h6RJnx$=)C.EM[" variabletype="">multipleItemsDiscountPercentage</field>
              </block>
            </value>
            <next>
              <block type="variables_set" id="q0R;8MrRr+%,eTlqC?Me">
                <field name="VAR" id="|z@Vwa%6FT(,mi!Z|Z#x" variabletype="">multipleItemsDiscountPremium</field>
                <value name="VALUE">
                  <block type="bignumbercalculation" id="@R1%#%;P%hj/8sEfTmLy">
                    <field name="operation">"minus"</field>
                    <value name="bigNumber1">
                      <block type="variables_get" id=",28Csvf+W=g4zwjQ3WtF">
                        <field name="VAR" id="1NLTq=2[Y7x)(,BFL9;A" variabletype="">inputPremium</field>
                      </block>
                    </value>
                    <value name="bigNumber2">
                      <block type="variables_get" id="A7M/%CF0+mu!$C@,ZoM1">
                        <field name="VAR" id="8,~U8zBdD*XCERTS/hRT" variabletype="">multipleItemsDiscountAmount</field>
                      </block>
                    </value>
                  </block>
                </value>
              </block>
            </next>
          </block>
        </next>
      </block>
    </next>
  </block>
</xml>