<xml xmlns="http://www.w3.org/1999/xhtml">
  <variables>
    <variable type="" id="sCC$zw,?0EIc8Izm6sj|">inputPremium</variable>
    <variable type="" id="(IsylGA-5~u#2pA(_~6n">thirdPartyBasicPremium</variable>
    <variable type="" id="B?l1MlGXq`3vNt;x](Hb">includeDemonstration</variable>
    <variable type="" id="i?wn`9*~fuoo=Mz]0!IL">demonstrationLoadingAmount</variable>
    <variable type="" id="$W{NUR9PA`{sw[)WA0m$">demonstrationLoadingPercent</variable>
    <variable type="" id="a/LbHV2[I=J3V:m1DwPr">additionalExtensionsBenefitsAmount</variable>
    <variable type="" id="MV0mK_=)lRx|YNlKEx%.">additionalExtensionsBenefitsPercent</variable>
    <variable type="" id="*4,4xZ+8],l,5b9mbQ[R">additionalExtensionsBenefitsPremium</variable>
  </variables>
  <block type="variables_set" id="JY7PcH4WoIHwjRV,Om@1" x="1013" y="63">
    <field name="VAR" id="sCC$zw,?0EIc8Izm6sj|" variabletype="">inputPremium</field>
    <value name="VALUE">
      <block type="bignumber" id="jr(e=R9SyB|=)V5G}o;^">
        <field name="number">9600</field>
      </block>
    </value>
    <next>
      <block type="variables_set" id="y.I@P[@D$Ug3J_Ey~-ZU">
        <field name="VAR" id="(IsylGA-5~u#2pA(_~6n" variabletype="">thirdPartyBasicPremium</field>
        <value name="VALUE">
          <block type="bignumber" id="+XRE^t/_bsoEj~z4vB3.">
            <field name="number">2000</field>
          </block>
        </value>
        <next>
          <block type="procedures_callnoreturn" id="QnA|M_E7:gueL_JM.sOj">
            <mutation name="getDemonstrationLoading">
              <arg name="inputPremium"></arg>
              <arg name="thirdPartyBasicPremium"></arg>
              <arg name="includeDemonstration"></arg>
            </mutation>
            <value name="ARG0">
              <block type="variables_get" id="+-Z~I-l-ug(*hd6RFr;{">
                <field name="VAR" id="sCC$zw,?0EIc8Izm6sj|" variabletype="">inputPremium</field>
              </block>
            </value>
            <value name="ARG1">
              <block type="variables_get" id="k,z9EaxrUC*_Ke?CZ=Gx">
                <field name="VAR" id="(IsylGA-5~u#2pA(_~6n" variabletype="">thirdPartyBasicPremium</field>
              </block>
            </value>
            <value name="ARG2">
              <block type="logic_boolean" id="aIh|NNUHSm.m+[ttE.K6">
                <field name="BOOL">TRUE</field>
              </block>
            </value>
            <next>
              <block type="variables_set" id="o.e`:4ogkrtdqgW%Q3;@">
                <field name="VAR" id="a/LbHV2[I=J3V:m1DwPr" variabletype="">additionalExtensionsBenefitsAmount</field>
                <value name="VALUE">
                  <block type="bignumberfromstring" id="ZBmkSndohxX~Uk-8S]Xl">
                    <value name="number">
                      <block type="variables_get" id="Zve{U(jAT9mDLRPkT[lC">
                        <field name="VAR" id="i?wn`9*~fuoo=Mz]0!IL" variabletype="">demonstrationLoadingAmount</field>
                      </block>
                    </value>
                  </block>
                </value>
                <next>
                  <block type="variables_set" id="w75RrcnvaoV|1*vW?So.">
                    <field name="VAR" id="MV0mK_=)lRx|YNlKEx%." variabletype="">additionalExtensionsBenefitsPercent</field>
                    <value name="VALUE">
                      <block type="bignumbercalculation" id="|`}(R+dg+V5B=p%I,P76">
                        <field name="operation">"dividedBy"</field>
                        <value name="bigNumber1">
                          <block type="bignumbercalculation" id="TNA.k#RXzN4(QMT2zst(">
                            <field name="operation">"times"</field>
                            <value name="bigNumber1">
                              <block type="variables_get" id="(`Uc^E,39#iC.y`lp/f7">
                                <field name="VAR" id="a/LbHV2[I=J3V:m1DwPr" variabletype="">additionalExtensionsBenefitsAmount</field>
                              </block>
                            </value>
                            <value name="bigNumber2">
                              <block type="bignumber" id="zetdlo`nU=0Paf^LppBI">
                                <field name="number">100</field>
                              </block>
                            </value>
                          </block>
                        </value>
                        <value name="bigNumber2">
                          <block type="variables_get" id="z~_7(!3Ie`r^ep]1*8Q7">
                            <field name="VAR" id="sCC$zw,?0EIc8Izm6sj|" variabletype="">inputPremium</field>
                          </block>
                        </value>
                      </block>
                    </value>
                    <next>
                      <block type="variables_set" id="aCepS.8#[W@1BHlthb,.">
                        <field name="VAR" id="*4,4xZ+8],l,5b9mbQ[R" variabletype="">additionalExtensionsBenefitsPremium</field>
                        <value name="VALUE">
                          <block type="bignumbercalculation" id="a2w9grvJS[A+TN/2{uNv">
                            <field name="operation">"plus"</field>
                            <value name="bigNumber1">
                              <block type="variables_get" id="ScR+k@#YDe1z+Na`e1/?">
                                <field name="VAR" id="a/LbHV2[I=J3V:m1DwPr" variabletype="">additionalExtensionsBenefitsAmount</field>
                              </block>
                            </value>
                            <value name="bigNumber2">
                              <block type="variables_get" id=",T.x[N;z[?](q{k6fdfZ">
                                <field name="VAR" id="sCC$zw,?0EIc8Izm6sj|" variabletype="">inputPremium</field>
                              </block>
                            </value>
                          </block>
                        </value>
                      </block>
                    </next>
                  </block>
                </next>
              </block>
            </next>
          </block>
        </next>
      </block>
    </next>
  </block>
  <block type="procedures_defnoreturn" id="cHp@Rq`41mB)[f~B]LNO" x="12" y="238">
    <mutation>
      <arg name="inputPremium" varid="sCC$zw,?0EIc8Izm6sj|"></arg>
      <arg name="thirdPartyBasicPremium" varid="(IsylGA-5~u#2pA(_~6n"></arg>
      <arg name="includeDemonstration" varid="B?l1MlGXq`3vNt;x](Hb"></arg>
    </mutation>
    <field name="NAME">getDemonstrationLoading</field>
    <comment pinned="false" h="80" w="160">Describe this function...</comment>
    <statement name="STACK">
      <block type="controls_if" id="cx~Emqw=O6z+Q3rZQ0NW">
        <mutation else="1"></mutation>
        <value name="IF0">
          <block type="variables_get" id="evz}e,#[S$%wE2YNxMy#">
            <field name="VAR" id="B?l1MlGXq`3vNt;x](Hb" variabletype="">includeDemonstration</field>
          </block>
        </value>
        <statement name="DO0">
          <block type="variables_set" id="X2=L2I9%.3b.f5Z6sdES">
            <field name="VAR" id="i?wn`9*~fuoo=Mz]0!IL" variabletype="">demonstrationLoadingAmount</field>
            <value name="VALUE">
              <block type="bignumbercalculation" id="H**5/ZbmQ@|)`{r2y,@u">
                <field name="operation">"dividedBy"</field>
                <value name="bigNumber1">
                  <block type="bignumbercalculation" id="o(V!!B`C.etJQu8d`-N[">
                    <field name="operation">"times"</field>
                    <value name="bigNumber1">
                      <block type="variables_get" id="By8wyQDc[;^F.!wW-E^+">
                        <field name="VAR" id="(IsylGA-5~u#2pA(_~6n" variabletype="">thirdPartyBasicPremium</field>
                      </block>
                    </value>
                    <value name="bigNumber2">
                      <block type="bignumber" id="W_(hp5830pFXLtL5es_f">
                        <field name="number">10</field>
                      </block>
                    </value>
                  </block>
                </value>
                <value name="bigNumber2">
                  <block type="bignumber" id="$AF6]P@mjAcN#2[{(NIw">
                    <field name="number">100</field>
                  </block>
                </value>
              </block>
            </value>
          </block>
        </statement>
        <statement name="ELSE">
          <block type="variables_set" id="t,oWokf-6:%z@[ZrEqyX">
            <field name="VAR" id="i?wn`9*~fuoo=Mz]0!IL" variabletype="">demonstrationLoadingAmount</field>
            <value name="VALUE">
              <block type="bignumber" id="CYkBQtvlf;H]*-6EL=sZ">
                <field name="number">0</field>
              </block>
            </value>
          </block>
        </statement>
        <next>
          <block type="variables_set" id="Tp(mztH2{6N{DW9a_uWC">
            <field name="VAR" id="$W{NUR9PA`{sw[)WA0m$" variabletype="">demonstrationLoadingPercent</field>
            <value name="VALUE">
              <block type="bignumbercalculation" id="U1Cn-T(~w664Poug5_5$">
                <field name="operation">"dividedBy"</field>
                <value name="bigNumber1">
                  <block type="bignumbercalculation" id="waJ=kACK0P]TOInFpl?(">
                    <field name="operation">"times"</field>
                    <value name="bigNumber1">
                      <block type="variables_get" id="%iedX/i4ZoX@.-Vb_{Pk">
                        <field name="VAR" id="i?wn`9*~fuoo=Mz]0!IL" variabletype="">demonstrationLoadingAmount</field>
                      </block>
                    </value>
                    <value name="bigNumber2">
                      <block type="bignumber" id="d`f}?}2~j3asdjmlo(JB">
                        <field name="number">100</field>
                      </block>
                    </value>
                  </block>
                </value>
                <value name="bigNumber2">
                  <block type="variables_get" id="m$VO#t()Ii]p}Haj/~_`">
                    <field name="VAR" id="sCC$zw,?0EIc8Izm6sj|" variabletype="">inputPremium</field>
                  </block>
                </value>
              </block>
            </value>
          </block>
        </next>
      </block>
    </statement>
  </block>
</xml>