<xml xmlns="http://www.w3.org/1999/xhtml">
  <variables>
    <variable type="" id="{wmPv{}NUx:RzzbpQddt">inputPremium</variable>
    <variable type="" id="?BT,C|x2|DJ:XX:{a/89">youngestNamedDriverAge</variable>
    <variable type="" id="*n~!c0q_L?~#9wF;$MT*">coverType</variable>
    <variable type="" id="b|F}!Dn=8Eaef_vwoay)">drivingExperience</variable>
    <variable type="" id="fZ?i@`=dAipyI7_w:apk">hasPoorClaimsRecord</variable>
    <variable type="" id="}EXD4mtdl0(syvk9Ofx*">motorTradeYoungestNamedDriverAgeLoadingAmount</variable>
    <variable type="" id="Vo@K}`c5+?-0rNb3,s`e">motorTradeYoungestNamedDriverAgeLoadingPercent</variable>
    <variable type="" id="0gE|5)[}d`O]`lBzf;Um">motorTradeInexperiencedDriverLoadingAmount</variable>
    <variable type="" id="*!n?7c1FKhoTh5f}^tcJ">motorTradeInexperiencedDriverLoadingPercent</variable>
    <variable type="" id="3Y,cSC|0C_q.pEja8z@8">motorTradePoorClaimRecordLoadingPercent</variable>
    <variable type="" id="!q+O86EmwiBn)3`r:Nm}">motorTradePoorClaimRecordLoadingAmount</variable>
    <variable type="" id="3x7xXJ#0#O^shwQu,CL8">loadingPercent</variable>
    <variable type="" id="dBJ}X05SjUxNw=$ZmN?s">loadingAmount</variable>
    <variable type="" id="3ui4]0Ns[PuUt4IECNYf">loadingPremium</variable>
  </variables>
  <block type="procedures_defnoreturn" id="_)9.jfKA,bA~7%mg:py7" x="263" y="137">
    <mutation>
      <arg name="inputPremium" varid="{wmPv{}NUx:RzzbpQddt"></arg>
      <arg name="youngestNamedDriverAge" varid="?BT,C|x2|DJ:XX:{a/89"></arg>
      <arg name="coverType" varid="*n~!c0q_L?~#9wF;$MT*"></arg>
    </mutation>
    <field name="NAME">getMotorTradeYoungestNamedDriverAgeLoading</field>
    <comment pinned="false" h="80" w="160">Describe this function...</comment>
    <statement name="STACK">
      <block type="controls_if" id="kfmV9xi%SAqbDhm-GCyX">
        <mutation else="1"></mutation>
        <value name="IF0">
          <block type="logic_compare" id="f^[DS8xfKD4Cs`Fpko_n">
            <field name="OP">LT</field>
            <value name="A">
              <block type="variables_get" id="xi2|/G,m);l|V%f5Vy51">
                <field name="VAR" id="?BT,C|x2|DJ:XX:{a/89" variabletype="">youngestNamedDriverAge</field>
              </block>
            </value>
            <value name="B">
              <block type="bignumber" id="g:cJs?U/BLsz1^7SSwPD">
                <field name="number">25</field>
              </block>
            </value>
          </block>
        </value>
        <statement name="DO0">
          <block type="controls_if" id="q~H1|UpgqhEimc?v(Kdy">
            <mutation elseif="1"></mutation>
            <value name="IF0">
              <block type="logic_compare" id="b:E5MgS4m3~FZGmO?O+X">
                <field name="OP">EQ</field>
                <value name="A">
                  <block type="variables_get" id="M_8ea#y!]!%-Oq!Rf.TG">
                    <field name="VAR" id="*n~!c0q_L?~#9wF;$MT*" variabletype="">coverType</field>
                  </block>
                </value>
                <value name="B">
                  <block type="text" id="PIX%WyguN*{su)Umn+@G">
                    <field name="TEXT">comprehensive</field>
                  </block>
                </value>
              </block>
            </value>
            <statement name="DO0">
              <block type="variables_set" id="+N%q9Hs7qXxt|~a9,:bk">
                <field name="VAR" id="Vo@K}`c5+?-0rNb3,s`e" variabletype="">motorTradeYoungestNamedDriverAgeLoadingPercent</field>
                <value name="VALUE">
                  <block type="bignumber" id="@~^02%0TKmWY}x77w}k:">
                    <field name="number">25</field>
                  </block>
                </value>
              </block>
            </statement>
            <value name="IF1">
              <block type="logic_compare" id="7%)orX3g{LfiG](3dMPY">
                <field name="OP">EQ</field>
                <value name="A">
                  <block type="variables_get" id="aeax,f*3Dbd?NTKnb+Zj">
                    <field name="VAR" id="*n~!c0q_L?~#9wF;$MT*" variabletype="">coverType</field>
                  </block>
                </value>
                <value name="B">
                  <block type="text" id="{TLWzQZhb%7!0S_no_[]">
                    <field name="TEXT">third party only</field>
                  </block>
                </value>
              </block>
            </value>
            <statement name="DO1">
              <block type="variables_set" id=",W|6`9eg[lP`pFXk(|qa">
                <field name="VAR" id="Vo@K}`c5+?-0rNb3,s`e" variabletype="">motorTradeYoungestNamedDriverAgeLoadingPercent</field>
                <value name="VALUE">
                  <block type="bignumber" id="~?wQ1McF7jKamUWb,6z.">
                    <field name="number">50</field>
                  </block>
                </value>
              </block>
            </statement>
          </block>
        </statement>
        <statement name="ELSE">
          <block type="variables_set" id="XmBopW/[^{j4=IBimUPf">
            <field name="VAR" id="Vo@K}`c5+?-0rNb3,s`e" variabletype="">motorTradeYoungestNamedDriverAgeLoadingPercent</field>
            <value name="VALUE">
              <block type="bignumber" id="2W3H:,qF~T9fE97}T7DC">
                <field name="number">0</field>
              </block>
            </value>
          </block>
        </statement>
        <next>
          <block type="variables_set" id="`Nzi?jsAkeZraB{mnoAD">
            <field name="VAR" id="}EXD4mtdl0(syvk9Ofx*" variabletype="">motorTradeYoungestNamedDriverAgeLoadingAmount</field>
            <value name="VALUE">
              <block type="bignumbercalculation" id="F.80_*`vmk)E$1g1DUHX">
                <field name="operation">"times"</field>
                <value name="bigNumber1">
                  <block type="bignumberpercent" id="IQQ.JzXPrI|V;AfOpxq7">
                    <value name="bigNumber">
                      <block type="variables_get" id="@^cY6;@g~|7K9=NnFn|T">
                        <field name="VAR" id="Vo@K}`c5+?-0rNb3,s`e" variabletype="">motorTradeYoungestNamedDriverAgeLoadingPercent</field>
                      </block>
                    </value>
                  </block>
                </value>
                <value name="bigNumber2">
                  <block type="variables_get" id="L!TAEr~7KVh#{mQ!R}CS">
                    <field name="VAR" id="{wmPv{}NUx:RzzbpQddt" variabletype="">inputPremium</field>
                  </block>
                </value>
              </block>
            </value>
          </block>
        </next>
      </block>
    </statement>
  </block>
  <block type="variables_set" id="HwJJN#^tYz|0mO$sw0Y}" x="1512" y="213">
    <field name="VAR" id="{wmPv{}NUx:RzzbpQddt" variabletype="">inputPremium</field>
    <value name="VALUE">
      <block type="bignumber" id=")!aZ4_[pU{17jx+eml-B">
        <field name="number">9600</field>
      </block>
    </value>
    <next>
      <block type="variables_set" id="L-Tp%7okXSpwIJ@SW/`9">
        <field name="VAR" id="?BT,C|x2|DJ:XX:{a/89" variabletype="">youngestNamedDriverAge</field>
        <value name="VALUE">
          <block type="bignumber" id="YqpmS3D(xx!VMH(i5#|K">
            <field name="number">20</field>
          </block>
        </value>
        <next>
          <block type="variables_set" id="VQRwMa5Ao}lIxc~vKy`B">
            <field name="VAR" id="*n~!c0q_L?~#9wF;$MT*" variabletype="">coverType</field>
            <value name="VALUE">
              <block type="text" id="V,$YN*2g/^GAKKWuxf]G">
                <field name="TEXT">comprehensive</field>
              </block>
            </value>
            <next>
              <block type="variables_set" id="~qCQt7U.2KHUN]%wi:gt">
                <field name="VAR" id="b|F}!Dn=8Eaef_vwoay)" variabletype="">drivingExperience</field>
                <value name="VALUE">
                  <block type="bignumber" id="UnDeTyaS8{)~3.y1z]#x">
                    <field name="number">12</field>
                  </block>
                </value>
                <next>
                  <block type="procedures_callnoreturn" id="OYcpHv`]e9S==*)G$Zds">
                    <mutation name="getMotorTradeYoungestNamedDriverAgeLoading">
                      <arg name="inputPremium"></arg>
                      <arg name="youngestNamedDriverAge"></arg>
                      <arg name="coverType"></arg>
                    </mutation>
                    <value name="ARG0">
                      <block type="variables_get" id="3[OwZF#GuprgiI-;VcJz">
                        <field name="VAR" id="{wmPv{}NUx:RzzbpQddt" variabletype="">inputPremium</field>
                      </block>
                    </value>
                    <value name="ARG1">
                      <block type="variables_get" id="v!Y3hdaHOU|c.3*s!COH">
                        <field name="VAR" id="?BT,C|x2|DJ:XX:{a/89" variabletype="">youngestNamedDriverAge</field>
                      </block>
                    </value>
                    <value name="ARG2">
                      <block type="variables_get" id="Xz=/Aan3@lGv_VPs!FvF">
                        <field name="VAR" id="*n~!c0q_L?~#9wF;$MT*" variabletype="">coverType</field>
                      </block>
                    </value>
                    <next>
                      <block type="procedures_callnoreturn" id="@g;?@[N5~zl^XnMv%t2]">
                        <mutation name="getMotorTradeInexperiencedDriverLoading">
                          <arg name="inputPremium"></arg>
                          <arg name="drivingExperience"></arg>
                          <arg name="coverType"></arg>
                        </mutation>
                        <value name="ARG0">
                          <block type="variables_get" id="x9OuAJol,LU*c0CsXtTW">
                            <field name="VAR" id="{wmPv{}NUx:RzzbpQddt" variabletype="">inputPremium</field>
                          </block>
                        </value>
                        <value name="ARG1">
                          <block type="variables_get" id="V+{NlPnJ0sr6~L}.q82~">
                            <field name="VAR" id="b|F}!Dn=8Eaef_vwoay)" variabletype="">drivingExperience</field>
                          </block>
                        </value>
                        <value name="ARG2">
                          <block type="variables_get" id="M3%G[G}+~DJ1RIyrKr3q">
                            <field name="VAR" id="*n~!c0q_L?~#9wF;$MT*" variabletype="">coverType</field>
                          </block>
                        </value>
                        <next>
                          <block type="procedures_callnoreturn" id="I=[{pAPCEyM{)~AX|btD">
                            <mutation name="getMotorTradePoorClaimRecordLoading">
                              <arg name="inputPremium"></arg>
                              <arg name="hasPoorClaimsRecord"></arg>
                            </mutation>
                            <value name="ARG0">
                              <block type="variables_get" id="zy6iUX?YkAdv41[[.MvY">
                                <field name="VAR" id="{wmPv{}NUx:RzzbpQddt" variabletype="">inputPremium</field>
                              </block>
                            </value>
                            <value name="ARG1">
                              <block type="logic_boolean" id="E0{#^2.I(.*Uh.^qmU(+">
                                <field name="BOOL">TRUE</field>
                              </block>
                            </value>
                            <next>
                              <block type="variables_set" id="s)GgvL)kxz~UI[@FpP3[">
                                <field name="VAR" id="3x7xXJ#0#O^shwQu,CL8" variabletype="">loadingPercent</field>
                                <value name="VALUE">
                                  <block type="bignumberlistoperation" id="Bfm[f{=QxMk4~r`IC]%/">
                                    <field name="operation">"sum"</field>
                                    <value name="bigNumberList">
                                      <block type="lists_create_with" id="fdOC.Fp:g4}E^{uF3b]z">
                                        <mutation items="3"></mutation>
                                        <value name="ADD0">
                                          <block type="variables_get" id="UK0xq||1-t/|]`IO~asO">
                                            <field name="VAR" id="Vo@K}`c5+?-0rNb3,s`e" variabletype="">motorTradeYoungestNamedDriverAgeLoadingPercent</field>
                                          </block>
                                        </value>
                                        <value name="ADD1">
                                          <block type="variables_get" id="YRMC0uDT^HaS;VonD24H">
                                            <field name="VAR" id="*!n?7c1FKhoTh5f}^tcJ" variabletype="">motorTradeInexperiencedDriverLoadingPercent</field>
                                          </block>
                                        </value>
                                        <value name="ADD2">
                                          <block type="variables_get" id="O{*J2$1=Kip2hk:~Bn5|">
                                            <field name="VAR" id="3Y,cSC|0C_q.pEja8z@8" variabletype="">motorTradePoorClaimRecordLoadingPercent</field>
                                          </block>
                                        </value>
                                      </block>
                                    </value>
                                  </block>
                                </value>
                                <next>
                                  <block type="variables_set" id="[F;yGvmy.a3rEXQIT-{2">
                                    <field name="VAR" id="dBJ}X05SjUxNw=$ZmN?s" variabletype="">loadingAmount</field>
                                    <value name="VALUE">
                                      <block type="bignumbercalculation" id="CV[QeV~1:00XJb|%qgT)">
                                        <field name="operation">"times"</field>
                                        <value name="bigNumber1">
                                          <block type="variables_get" id="k;qnrS0_F;ouPV,%$h[v">
                                            <field name="VAR" id="{wmPv{}NUx:RzzbpQddt" variabletype="">inputPremium</field>
                                          </block>
                                        </value>
                                        <value name="bigNumber2">
                                          <block type="bignumberpercent" id=")9#5}(a2O0KxiB[4C:bd">
                                            <value name="bigNumber">
                                              <block type="variables_get" id="/#CZAuURo#NIqC=u@x#m">
                                                <field name="VAR" id="3x7xXJ#0#O^shwQu,CL8" variabletype="">loadingPercent</field>
                                              </block>
                                            </value>
                                          </block>
                                        </value>
                                      </block>
                                    </value>
                                    <next>
                                      <block type="variables_set" id="xT@{M=1eQ~)yqAakv!S7">
                                        <field name="VAR" id="3ui4]0Ns[PuUt4IECNYf" variabletype="">loadingPremium</field>
                                        <value name="VALUE">
                                          <block type="bignumbercalculation" id="uS#w=yp{hinG(?rNciPg">
                                            <field name="operation">"plus"</field>
                                            <value name="bigNumber1">
                                              <block type="variables_get" id="9V{x`N^*z28C=WH[a@lZ">
                                                <field name="VAR" id="{wmPv{}NUx:RzzbpQddt" variabletype="">inputPremium</field>
                                              </block>
                                            </value>
                                            <value name="bigNumber2">
                                              <block type="variables_get" id="gLy2ntB83_GYcgoZaRs+">
                                                <field name="VAR" id="dBJ}X05SjUxNw=$ZmN?s" variabletype="">loadingAmount</field>
                                              </block>
                                            </value>
                                          </block>
                                        </value>
                                      </block>
                                    </next>
                                  </block>
                                </next>
                              </block>
                            </next>
                          </block>
                        </next>
                      </block>
                    </next>
                  </block>
                </next>
              </block>
            </next>
          </block>
        </next>
      </block>
    </next>
  </block>
  <block type="procedures_defnoreturn" id="S?b3XL(8ncxiM9DBdvL[" x="263" y="487">
    <mutation>
      <arg name="inputPremium" varid="{wmPv{}NUx:RzzbpQddt"></arg>
      <arg name="drivingExperience" varid="b|F}!Dn=8Eaef_vwoay)"></arg>
      <arg name="coverType" varid="*n~!c0q_L?~#9wF;$MT*"></arg>
    </mutation>
    <field name="NAME">getMotorTradeInexperiencedDriverLoading</field>
    <comment pinned="false" h="80" w="160">Describe this function...</comment>
    <statement name="STACK">
      <block type="controls_if" id="~W_O9lfZG8OfS,{GrPsq">
        <mutation else="1"></mutation>
        <value name="IF0">
          <block type="logic_compare" id="m}[qnymSR~AxlRf@tr[B">
            <field name="OP">LT</field>
            <value name="A">
              <block type="variables_get" id="eo2;xFhI0v0:_IW9xc,n">
                <field name="VAR" id="b|F}!Dn=8Eaef_vwoay)" variabletype="">drivingExperience</field>
              </block>
            </value>
            <value name="B">
              <block type="bignumber" id="joJQVEu+E!u6{oHSpHWE">
                <field name="number">24</field>
              </block>
            </value>
          </block>
        </value>
        <statement name="DO0">
          <block type="controls_if" id="FB8k#Zm}hg@IRd^l$irH">
            <mutation elseif="1"></mutation>
            <value name="IF0">
              <block type="logic_compare" id="QDI|aU*+%]4(P@H;Kq8d">
                <field name="OP">EQ</field>
                <value name="A">
                  <block type="variables_get" id="$3:k;6%{aw5=q8-7%2wL">
                    <field name="VAR" id="*n~!c0q_L?~#9wF;$MT*" variabletype="">coverType</field>
                  </block>
                </value>
                <value name="B">
                  <block type="text" id="S_!m:d9T*H0(nj+IQRnx">
                    <field name="TEXT">comprehensive</field>
                  </block>
                </value>
              </block>
            </value>
            <statement name="DO0">
              <block type="variables_set" id="Jdx|h)G+9tS9(SCc;T2S">
                <field name="VAR" id="*!n?7c1FKhoTh5f}^tcJ" variabletype="">motorTradeInexperiencedDriverLoadingPercent</field>
                <value name="VALUE">
                  <block type="bignumber" id="ZEbEjehq}qCg@$ym)-:;">
                    <field name="number">25</field>
                  </block>
                </value>
              </block>
            </statement>
            <value name="IF1">
              <block type="logic_compare" id="M[vKK56K@t@ROu-dM3;7">
                <field name="OP">EQ</field>
                <value name="A">
                  <block type="variables_get" id="L}m_$/Gutm;W~b+f62c9">
                    <field name="VAR" id="*n~!c0q_L?~#9wF;$MT*" variabletype="">coverType</field>
                  </block>
                </value>
                <value name="B">
                  <block type="text" id="p0}VCCW(%B:KfDx7C+B7">
                    <field name="TEXT">third party only</field>
                  </block>
                </value>
              </block>
            </value>
            <statement name="DO1">
              <block type="variables_set" id="A+Sj48;81TU::lwVIl|!">
                <field name="VAR" id="*!n?7c1FKhoTh5f}^tcJ" variabletype="">motorTradeInexperiencedDriverLoadingPercent</field>
                <value name="VALUE">
                  <block type="bignumber" id="q?jz3dD:K4NXkh$]NPtW">
                    <field name="number">50</field>
                  </block>
                </value>
              </block>
            </statement>
          </block>
        </statement>
        <statement name="ELSE">
          <block type="variables_set" id="!t`e]n}E/pq~`bOW$-Ho">
            <field name="VAR" id="*!n?7c1FKhoTh5f}^tcJ" variabletype="">motorTradeInexperiencedDriverLoadingPercent</field>
            <value name="VALUE">
              <block type="bignumber" id="_Y)Hw_GIJze7:mW(oyEF">
                <field name="number">0</field>
              </block>
            </value>
          </block>
        </statement>
        <next>
          <block type="variables_set" id="PDoe_.08h8n4aPI`X+sW">
            <field name="VAR" id="0gE|5)[}d`O]`lBzf;Um" variabletype="">motorTradeInexperiencedDriverLoadingAmount</field>
            <value name="VALUE">
              <block type="bignumbercalculation" id="xm!OUj[ZPIj-@umc,0#[">
                <field name="operation">"times"</field>
                <value name="bigNumber1">
                  <block type="bignumberpercent" id="nxMrLUNeV?esenv/hqlx">
                    <value name="bigNumber">
                      <block type="variables_get" id="y,+fVfZur8(2/-3-C?@d">
                        <field name="VAR" id="*!n?7c1FKhoTh5f}^tcJ" variabletype="">motorTradeInexperiencedDriverLoadingPercent</field>
                      </block>
                    </value>
                  </block>
                </value>
                <value name="bigNumber2">
                  <block type="variables_get" id="WaVu4+#W?A!*NY#X%Ui,">
                    <field name="VAR" id="{wmPv{}NUx:RzzbpQddt" variabletype="">inputPremium</field>
                  </block>
                </value>
              </block>
            </value>
          </block>
        </next>
      </block>
    </statement>
  </block>
  <block type="procedures_defnoreturn" id="_dm9b?(s@Y2$/[m[#kZn" x="262" y="887">
    <mutation>
      <arg name="inputPremium" varid="{wmPv{}NUx:RzzbpQddt"></arg>
      <arg name="hasPoorClaimsRecord" varid="fZ?i@`=dAipyI7_w:apk"></arg>
    </mutation>
    <field name="NAME">getMotorTradePoorClaimRecordLoading</field>
    <comment pinned="false" h="80" w="160">Describe this function...</comment>
    <statement name="STACK">
      <block type="controls_if" id="h`rHR=ZvO#U6d6;3*RWF">
        <mutation else="1"></mutation>
        <value name="IF0">
          <block type="variables_get" id="hgDtD4Kdg#(k[Oujild7">
            <field name="VAR" id="fZ?i@`=dAipyI7_w:apk" variabletype="">hasPoorClaimsRecord</field>
          </block>
        </value>
        <statement name="DO0">
          <block type="variables_set" id="Rx$QE}Kv4|t69oOoBlgb">
            <field name="VAR" id="3Y,cSC|0C_q.pEja8z@8" variabletype="">motorTradePoorClaimRecordLoadingPercent</field>
            <value name="VALUE">
              <block type="bignumber" id=":[94)l%/?lol_Z,/GIWt">
                <field name="number">15</field>
              </block>
            </value>
          </block>
        </statement>
        <statement name="ELSE">
          <block type="variables_set" id="7{Z0%,+^:I(KC.!zc}dp">
            <field name="VAR" id="3Y,cSC|0C_q.pEja8z@8" variabletype="">motorTradePoorClaimRecordLoadingPercent</field>
            <value name="VALUE">
              <block type="bignumber" id="Wn7m8sATAstL%u4-Q{nm">
                <field name="number">0</field>
              </block>
            </value>
          </block>
        </statement>
        <next>
          <block type="variables_set" id="}BvFtgSx]hNG[m@!^2Qv">
            <field name="VAR" id="!q+O86EmwiBn)3`r:Nm}" variabletype="">motorTradePoorClaimRecordLoadingAmount</field>
            <value name="VALUE">
              <block type="bignumbercalculation" id="v6hrI,DHGrd]ANVXqRmO">
                <field name="operation">"times"</field>
                <value name="bigNumber1">
                  <block type="bignumberpercent" id="J!2ktCRM4zUh2`0C7zgR">
                    <value name="bigNumber">
                      <block type="variables_get" id="lY[]:=m|Y6V[76=tOA8{">
                        <field name="VAR" id="3Y,cSC|0C_q.pEja8z@8" variabletype="">motorTradePoorClaimRecordLoadingPercent</field>
                      </block>
                    </value>
                  </block>
                </value>
                <value name="bigNumber2">
                  <block type="variables_get" id="hD.=Ys~eAKIG(weK?u%%">
                    <field name="VAR" id="{wmPv{}NUx:RzzbpQddt" variabletype="">inputPremium</field>
                  </block>
                </value>
              </block>
            </value>
          </block>
        </next>
      </block>
    </statement>
  </block>
</xml>