<xml xmlns="http://www.w3.org/1999/xhtml">
  <variables>
    <variable type="" id="+%-!3FMY)}5Z.Mtcf8?c">clientDiscountPercent</variable>
    <variable type="" id="UR2/gdEP#D*-`IVEUHhm">inputPremium</variable>
    <variable type="" id="Z@?}lrhfOO,0d-m9T/KC">clientDiscountAmount</variable>
    <variable type="" id="#%`=@z+v[iQk8H$MU)W$">clientDiscountPremium</variable>
  </variables>
  <block type="procedures_defnoreturn" id="Logo|PqOs4|4PS/}f/w}" x="188" y="113">
    <mutation>
      <arg name="clientDiscountPercent" varid="+%-!3FMY)}5Z.Mtcf8?c"></arg>
      <arg name="inputPremium" varid="UR2/gdEP#D*-`IVEUHhm"></arg>
    </mutation>
    <field name="NAME">getClientDiscount</field>
    <comment pinned="false" h="80" w="160">Describe this function...</comment>
    <statement name="STACK">
      <block type="variables_set" id="px1oaIh91}a%?RL/!+u$">
        <field name="VAR" id="Z@?}lrhfOO,0d-m9T/KC" variabletype="">clientDiscountAmount</field>
        <value name="VALUE">
          <block type="bignumbercalculation" id="~CM[$j2G{SlZ,|sP6?/S">
            <field name="operation">"times"</field>
            <value name="bigNumber1">
              <block type="variables_get" id="#rgJotNyIr!Zyl~n;pW1">
                <field name="VAR" id="UR2/gdEP#D*-`IVEUHhm" variabletype="">inputPremium</field>
              </block>
            </value>
            <value name="bigNumber2">
              <block type="bignumberpercent" id="[$iwd3J:uZYL8HG$2{q(">
                <value name="bigNumber">
                  <block type="variables_get" id="KGRdE;d;5R(3};/Mq}Vz">
                    <field name="VAR" id="+%-!3FMY)}5Z.Mtcf8?c" variabletype="">clientDiscountPercent</field>
                  </block>
                </value>
              </block>
            </value>
          </block>
        </value>
      </block>
    </statement>
  </block>
  <block type="variables_set" id="_BlQV27~Wz*mFlG@Wda?" x="187" y="238">
    <field name="VAR" id="UR2/gdEP#D*-`IVEUHhm" variabletype="">inputPremium</field>
    <value name="VALUE">
      <block type="bignumber" id="9h`^v}Rz1XkC9oM4-#m.">
        <field name="number">9600</field>
      </block>
    </value>
    <next>
      <block type="variables_set" id="YsbF_AfGs1$}UlvIen4`">
        <field name="VAR" id="+%-!3FMY)}5Z.Mtcf8?c" variabletype="">clientDiscountPercent</field>
        <value name="VALUE">
          <block type="bignumber" id="t`b9PwkEa)1P88WQ%Mk0">
            <field name="number">20</field>
          </block>
        </value>
        <next>
          <block type="procedures_callnoreturn" id="|_J1BVy/62x(Ts3)-eF-">
            <mutation name="getClientDiscount">
              <arg name="clientDiscountPercent"></arg>
              <arg name="inputPremium"></arg>
            </mutation>
            <value name="ARG0">
              <block type="variables_get" id="0V4{{}Na#w|9t@PQDm#Y">
                <field name="VAR" id="+%-!3FMY)}5Z.Mtcf8?c" variabletype="">clientDiscountPercent</field>
              </block>
            </value>
            <value name="ARG1">
              <block type="variables_get" id="`NEm1LRh;O~1su=OT;o2">
                <field name="VAR" id="UR2/gdEP#D*-`IVEUHhm" variabletype="">inputPremium</field>
              </block>
            </value>
            <next>
              <block type="variables_set" id="ppJjsZ@IL]$4NJJ9%ad{">
                <field name="VAR" id="#%`=@z+v[iQk8H$MU)W$" variabletype="">clientDiscountPremium</field>
                <value name="VALUE">
                  <block type="bignumbercalculation" id="2dNTT[~g,t^m_*QJ4dCS">
                    <field name="operation">"minus"</field>
                    <value name="bigNumber1">
                      <block type="variables_get" id="!3t^L{%YRr]rZ#Exa#8J">
                        <field name="VAR" id="UR2/gdEP#D*-`IVEUHhm" variabletype="">inputPremium</field>
                      </block>
                    </value>
                    <value name="bigNumber2">
                      <block type="variables_get" id="#c6X6U/3L?u;@[A_eu1X">
                        <field name="VAR" id="Z@?}lrhfOO,0d-m9T/KC" variabletype="">clientDiscountAmount</field>
                      </block>
                    </value>
                  </block>
                </value>
              </block>
            </next>
          </block>
        </next>
      </block>
    </next>
  </block>
</xml>