<xml xmlns="http://www.w3.org/1999/xhtml">
  <variables>
    <variable type="" id="]pbWi!a$7Ig/z=8xKP*^">inputPremium</variable>
    <variable type="" id="-yfVxT`#ORD@S{0HCWgo">noClaimDiscountPercent</variable>
    <variable type="" id=",HlUZ3?Pm%Dzndb3G{o^">fleetRatingDiscountPercent</variable>
    <variable type="" id="~A`IZfcvtJuNb-11.),H">noClaimDiscountAmount</variable>
    <variable type="" id="ZFxvlDN(JbFVT[s:`t*Z">fleetRatingDiscountAmount</variable>
    <variable type="" id="TrDN!b$B2~KVL!A+4Rad">noClaimFleetRatingDiscountPercent</variable>
    <variable type="" id="9ac;)SI`M:FNAp3OjSu!">noClaimFleetRatingDiscountAmount</variable>
    <variable type="" id="jjb.U$5c}TH8uk)~GC2A">noClaimFleetRatingDiscountPremium</variable>
  </variables>
  <block type="procedures_defnoreturn" id="nAP.!+t1JqXqAhJOdZq9" x="137" y="87">
    <mutation>
      <arg name="inputPremium" varid="]pbWi!a$7Ig/z=8xKP*^"></arg>
      <arg name="noClaimDiscountPercent" varid="-yfVxT`#ORD@S{0HCWgo"></arg>
    </mutation>
    <field name="NAME">getNoClaimDiscount</field>
    <comment pinned="false" h="80" w="160">Describe this function...</comment>
    <statement name="STACK">
      <block type="variables_set" id="hYs/pZz.eON,^r[?!-Rl">
        <field name="VAR" id="~A`IZfcvtJuNb-11.),H" variabletype="">noClaimDiscountAmount</field>
        <value name="VALUE">
          <block type="bignumbercalculation" id="axMs6;46Id-p(aCtZy5*">
            <field name="operation">"times"</field>
            <value name="bigNumber1">
              <block type="variables_get" id="(75#,T?vd7FVDcwJQt9D">
                <field name="VAR" id="]pbWi!a$7Ig/z=8xKP*^" variabletype="">inputPremium</field>
              </block>
            </value>
            <value name="bigNumber2">
              <block type="bignumberpercent" id="BC/H3t%Cm`w`e;q[/?@#">
                <value name="bigNumber">
                  <block type="variables_get" id="WT{oeyk_!X5Wy:/6az@x">
                    <field name="VAR" id="-yfVxT`#ORD@S{0HCWgo" variabletype="">noClaimDiscountPercent</field>
                  </block>
                </value>
              </block>
            </value>
          </block>
        </value>
      </block>
    </statement>
  </block>
  <block type="variables_set" id="$W3d)`{#Y,E20wI?r`HM" x="1063" y="137">
    <field name="VAR" id="-yfVxT`#ORD@S{0HCWgo" variabletype="">noClaimDiscountPercent</field>
    <value name="VALUE">
      <block type="bignumber" id="i3`0SFJeBC]r^%f(VShQ">
        <field name="number">20</field>
      </block>
    </value>
    <next>
      <block type="variables_set" id="9i3-~(U}@!r4}GM#_^~E">
        <field name="VAR" id=",HlUZ3?Pm%Dzndb3G{o^" variabletype="">fleetRatingDiscountPercent</field>
        <value name="VALUE">
          <block type="bignumber" id="3SZ.g8N/a:bLW]BxD*qj">
            <field name="number">5</field>
          </block>
        </value>
        <next>
          <block type="variables_set" id="Ajel:1n+41b!|TPfL?!E">
            <field name="VAR" id="]pbWi!a$7Ig/z=8xKP*^" variabletype="">inputPremium</field>
            <value name="VALUE">
              <block type="bignumber" id="_NF|YA24DtLfK$!TnxlU">
                <field name="number">9600</field>
              </block>
            </value>
            <next>
              <block type="procedures_callnoreturn" id="nc1;ooV[n*DSq6C#w$_E">
                <mutation name="getFleetRatingDiscount">
                  <arg name="fleetRatingDiscountPercent"></arg>
                  <arg name="inputPremium"></arg>
                </mutation>
                <value name="ARG0">
                  <block type="variables_get" id="*p3!HG,oV||8fY;m/mj.">
                    <field name="VAR" id=",HlUZ3?Pm%Dzndb3G{o^" variabletype="">fleetRatingDiscountPercent</field>
                  </block>
                </value>
                <value name="ARG1">
                  <block type="variables_get" id="1rYZA85;t;Lw^F4Mt|M]">
                    <field name="VAR" id="]pbWi!a$7Ig/z=8xKP*^" variabletype="">inputPremium</field>
                  </block>
                </value>
                <next>
                  <block type="procedures_callnoreturn" id="meqg47_W0qF,XBtdZyVl">
                    <mutation name="getNoClaimDiscount">
                      <arg name="inputPremium"></arg>
                      <arg name="noClaimDiscountPercent"></arg>
                    </mutation>
                    <value name="ARG0">
                      <block type="variables_get" id="Mp+AsOU-qkO/a6xW97uZ">
                        <field name="VAR" id="]pbWi!a$7Ig/z=8xKP*^" variabletype="">inputPremium</field>
                      </block>
                    </value>
                    <value name="ARG1">
                      <block type="variables_get" id="y,7Ui{QXjEc9s-RPl=)3">
                        <field name="VAR" id="-yfVxT`#ORD@S{0HCWgo" variabletype="">noClaimDiscountPercent</field>
                      </block>
                    </value>
                    <next>
                      <block type="variables_set" id="mfS%G|b|Fl+S59}}Ih]7">
                        <field name="VAR" id="TrDN!b$B2~KVL!A+4Rad" variabletype="">noClaimFleetRatingDiscountPercent</field>
                        <value name="VALUE">
                          <block type="bignumberlistoperation" id="+nVZFsVIG2Q:7n@gBif)">
                            <field name="operation">"sum"</field>
                            <value name="bigNumberList">
                              <block type="lists_create_with" id="JCgBnuwQc7?y8YPOH?^J">
                                <mutation items="2"></mutation>
                                <value name="ADD0">
                                  <block type="variables_get" id="*bFGiAt7VB1hV0CtEWq7">
                                    <field name="VAR" id="-yfVxT`#ORD@S{0HCWgo" variabletype="">noClaimDiscountPercent</field>
                                  </block>
                                </value>
                                <value name="ADD1">
                                  <block type="variables_get" id="4Y#F!!(9A)[}wdr@4w1t">
                                    <field name="VAR" id=",HlUZ3?Pm%Dzndb3G{o^" variabletype="">fleetRatingDiscountPercent</field>
                                  </block>
                                </value>
                              </block>
                            </value>
                          </block>
                        </value>
                        <next>
                          <block type="variables_set" id="fa.zEI;o{=xzGchUiLRP">
                            <field name="VAR" id="9ac;)SI`M:FNAp3OjSu!" variabletype="">noClaimFleetRatingDiscountAmount</field>
                            <value name="VALUE">
                              <block type="bignumbercalculation" id="}5W/I[}_MoG{Ap6dVx^1">
                                <field name="operation">"times"</field>
                                <value name="bigNumber1">
                                  <block type="bignumberpercent" id="s8,/OhEa!kOc[sw=A)-=">
                                    <value name="bigNumber">
                                      <block type="variables_get" id="1,Q6KL~`m7:Y[h+5XhCe">
                                        <field name="VAR" id="TrDN!b$B2~KVL!A+4Rad" variabletype="">noClaimFleetRatingDiscountPercent</field>
                                      </block>
                                    </value>
                                  </block>
                                </value>
                                <value name="bigNumber2">
                                  <block type="variables_get" id="b[/.FpB32U[o^hI})e5h">
                                    <field name="VAR" id="]pbWi!a$7Ig/z=8xKP*^" variabletype="">inputPremium</field>
                                  </block>
                                </value>
                              </block>
                            </value>
                            <next>
                              <block type="variables_set" id="{j{h%HpS?tp1Qn=kuDi:">
                                <field name="VAR" id="jjb.U$5c}TH8uk)~GC2A" variabletype="">noClaimFleetRatingDiscountPremium</field>
                                <value name="VALUE">
                                  <block type="bignumbercalculation" id="rZc2rq@HpXdMl(#3Znx3">
                                    <field name="operation">"minus"</field>
                                    <value name="bigNumber1">
                                      <block type="variables_get" id="A6l?{Q[R+H@BlI@M2j3T">
                                        <field name="VAR" id="]pbWi!a$7Ig/z=8xKP*^" variabletype="">inputPremium</field>
                                      </block>
                                    </value>
                                    <value name="bigNumber2">
                                      <block type="variables_get" id="?{[?[_r!R];Pg7d)x;ZC">
                                        <field name="VAR" id="9ac;)SI`M:FNAp3OjSu!" variabletype="">noClaimFleetRatingDiscountAmount</field>
                                      </block>
                                    </value>
                                  </block>
                                </value>
                              </block>
                            </next>
                          </block>
                        </next>
                      </block>
                    </next>
                  </block>
                </next>
              </block>
            </next>
          </block>
        </next>
      </block>
    </next>
  </block>
  <block type="procedures_defnoreturn" id="}uam_Y@*jE7yv$sOe=_a" x="138" y="238">
    <mutation>
      <arg name="fleetRatingDiscountPercent" varid=",HlUZ3?Pm%Dzndb3G{o^"></arg>
      <arg name="inputPremium" varid="]pbWi!a$7Ig/z=8xKP*^"></arg>
    </mutation>
    <field name="NAME">getFleetRatingDiscount</field>
    <comment pinned="false" h="80" w="160">Describe this function...</comment>
    <statement name="STACK">
      <block type="variables_set" id=":7Q8#:F)DOTYIo)];U#K">
        <field name="VAR" id="ZFxvlDN(JbFVT[s:`t*Z" variabletype="">fleetRatingDiscountAmount</field>
        <value name="VALUE">
          <block type="bignumbercalculation" id="[f=6Fer[+h=dvz$e1m18">
            <field name="operation">"times"</field>
            <value name="bigNumber1">
              <block type="variables_get" id="?efa{-B,=,.w.K[j~eIK">
                <field name="VAR" id="]pbWi!a$7Ig/z=8xKP*^" variabletype="">inputPremium</field>
              </block>
            </value>
            <value name="bigNumber2">
              <block type="bignumberpercent" id="M^dyo^nbj!u;9*~l4l2-">
                <value name="bigNumber">
                  <block type="variables_get" id="bim-RMJqh!fM6X1xaZ8X">
                    <field name="VAR" id=",HlUZ3?Pm%Dzndb3G{o^" variabletype="">fleetRatingDiscountPercent</field>
                  </block>
                </value>
              </block>
            </value>
          </block>
        </value>
      </block>
    </statement>
  </block>
</xml>