<xml xmlns="http://www.w3.org/1999/xhtml">
  <variables>
    <variable type="" id="yUNTDm0MNiv`lv%#)Ln^">inputPremium</variable>
    <variable type="" id="1QML)L#;gY3!AT]_uP_A">workingRiskLiability</variable>
    <variable type="" id="/w!05@7vYHQZf^i}BJzS">includeAirsideLiability</variable>
    <variable type="" id="q%nP(iL#KFk*nB,rfc_H">lookupValue</variable>
    <variable type="" id="MsY8l?-szSkNyvwNoLW^">workingRiskLiabilityAmount</variable>
    <variable type="" id="|PGj_VpFq=W5+S~iJ.g=">airsideLiabilityAmount</variable>
    <variable type="" id="R/Lk1U])rnx9oDc^g{/H">airsideLiabilityPercent</variable>
    <variable type="" id="fVpH+*GjfF93;RA3Jj%I">workingRiskLiabilityPercent</variable>
    <variable type="" id="}]_]%|Ppw-4JF:]EzJ{k">liabilityAmount</variable>
    <variable type="" id="0-A8dt:AKrG,J4p2U)+i">liabilityPremium</variable>
    <variable type="" id="dCxt)Y%fp5Hy2PYTG:/?">liabilityPercent</variable>
  </variables>
  <block type="procedures_defnoreturn" id="d]/b)V6x`L(BmtWEWm!O" x="138" y="138">
    <mutation>
      <arg name="inputPremium" varid="yUNTDm0MNiv`lv%#)Ln^"></arg>
      <arg name="workingRiskLiability" varid="1QML)L#;gY3!AT]_uP_A"></arg>
    </mutation>
    <field name="NAME">getWorkingRiskLiability</field>
    <comment pinned="false" h="80" w="160">Describe this function...</comment>
    <statement name="STACK">
      <block type="variables_set" id="/:zy]ntf|dR]25rZ?uFg">
        <field name="VAR" id="q%nP(iL#KFk*nB,rfc_H" variabletype="">lookupValue</field>
        <value name="VALUE">
          <block type="dataquery" id="ep^I6XcS9S(T8BeH%*k:">
            <value name="tableName">
              <block type="text" id=";/+)=Nk;0};SNIcHvHV,">
                <field name="TEXT">hkCommercialVehicleWorkingRiskLiability</field>
              </block>
            </value>
            <value name="filterColumnNames">
              <block type="lists_create_with" id="I,.QD{C:Efqj}8bJgQyE">
                <mutation items="1"></mutation>
                <value name="ADD0">
                  <block type="text" id="3Gv)s?QXFOWAwQ!2xN_Y">
                    <field name="TEXT">workingRiskLiability</field>
                  </block>
                </value>
              </block>
            </value>
            <value name="filterColumnValues">
              <block type="lists_create_with" id=":*b$=UC,=Y`H[B8?Xy7V">
                <mutation items="1"></mutation>
                <value name="ADD0">
                  <block type="variables_get" id="^*?33)YaMaN5T#S5C=J=">
                    <field name="VAR" id="1QML)L#;gY3!AT]_uP_A" variabletype="">workingRiskLiability</field>
                  </block>
                </value>
              </block>
            </value>
            <value name="outputColumn">
              <block type="text" id="m}o8Atof.A?~p`Ol,gDX">
                <field name="TEXT">grossAmount</field>
              </block>
            </value>
          </block>
        </value>
        <next>
          <block type="variables_set" id="dYA3=hR?x/szLqVP=SaN">
            <field name="VAR" id="MsY8l?-szSkNyvwNoLW^" variabletype="">workingRiskLiabilityAmount</field>
            <value name="VALUE">
              <block type="bignumberfromstring" id="IGGrnk+RMYoL/I5+0Qw?">
                <value name="number">
                  <block type="variables_get" id="O4}5p#Y-A-Q?qs6Tj])%">
                    <field name="VAR" id="q%nP(iL#KFk*nB,rfc_H" variabletype="">lookupValue</field>
                  </block>
                </value>
              </block>
            </value>
            <next>
              <block type="variables_set" id="CH2|b/`%9p-xkBQJkA87">
                <field name="VAR" id="fVpH+*GjfF93;RA3Jj%I" variabletype="">workingRiskLiabilityPercent</field>
                <value name="VALUE">
                  <block type="bignumbercalculation" id="V2)^Nf.Z[oCd28bOOCQV">
                    <field name="operation">"dividedBy"</field>
                    <value name="bigNumber1">
                      <block type="bignumbercalculation" id="DFn?c~ScnGa=+6_STMk:">
                        <field name="operation">"times"</field>
                        <value name="bigNumber1">
                          <block type="variables_get" id="SD^Hk~3=J}^+CNcRF=!i">
                            <field name="VAR" id="MsY8l?-szSkNyvwNoLW^" variabletype="">workingRiskLiabilityAmount</field>
                          </block>
                        </value>
                        <value name="bigNumber2">
                          <block type="bignumber" id=",#eh;VYxF^{%j5?Z6QX_">
                            <field name="number">100</field>
                          </block>
                        </value>
                      </block>
                    </value>
                    <value name="bigNumber2">
                      <block type="variables_get" id="Gh=+dGG3Tn@4c6IaIi6S">
                        <field name="VAR" id="yUNTDm0MNiv`lv%#)Ln^" variabletype="">inputPremium</field>
                      </block>
                    </value>
                  </block>
                </value>
              </block>
            </next>
          </block>
        </next>
      </block>
    </statement>
  </block>
  <block type="variables_set" id="e[@+29@ceIs!t%0R{Kee" x="1038" y="112">
    <field name="VAR" id="yUNTDm0MNiv`lv%#)Ln^" variabletype="">inputPremium</field>
    <value name="VALUE">
      <block type="bignumber" id="NI7+T-)3un;+@uUQipB5">
        <field name="number">9600</field>
      </block>
    </value>
    <next>
      <block type="variables_set" id="p!d7R~*NM0v@.l]/mJdl">
        <field name="VAR" id="1QML)L#;gY3!AT]_uP_A" variabletype="">workingRiskLiability</field>
        <value name="VALUE">
          <block type="bignumber" id="pmeiQJEt^8WCnCJ!Wdi{">
            <field name="number">500000</field>
          </block>
        </value>
        <next>
          <block type="procedures_callnoreturn" id="O5/_(uyI/Q6)8mI-$f1E">
            <mutation name="getAirsideLiability">
              <arg name="inputPremium"></arg>
              <arg name="includeAirsideLiability"></arg>
            </mutation>
            <value name="ARG0">
              <block type="variables_get" id="ikCw(GxEy.L~bGQ@;oEH">
                <field name="VAR" id="yUNTDm0MNiv`lv%#)Ln^" variabletype="">inputPremium</field>
              </block>
            </value>
            <value name="ARG1">
              <block type="logic_boolean" id="4ydF4Cwe1VRg5DW?TLoL">
                <field name="BOOL">TRUE</field>
              </block>
            </value>
            <next>
              <block type="procedures_callnoreturn" id="bSu%-0Frn]/5mKDOL^RP">
                <mutation name="getWorkingRiskLiability">
                  <arg name="inputPremium"></arg>
                  <arg name="workingRiskLiability"></arg>
                </mutation>
                <value name="ARG0">
                  <block type="variables_get" id="MfX{28m`!F*Ka`B,-z*O">
                    <field name="VAR" id="yUNTDm0MNiv`lv%#)Ln^" variabletype="">inputPremium</field>
                  </block>
                </value>
                <value name="ARG1">
                  <block type="variables_get" id="^zgW-prhY7,Xxw1Ty.$b">
                    <field name="VAR" id="1QML)L#;gY3!AT]_uP_A" variabletype="">workingRiskLiability</field>
                  </block>
                </value>
                <next>
                  <block type="variables_set" id="TRrec2s-e%{Kl9c^:ShX">
                    <field name="VAR" id="}]_]%|Ppw-4JF:]EzJ{k" variabletype="">liabilityAmount</field>
                    <value name="VALUE">
                      <block type="bignumberlistoperation" id="osen=pyfC;f=|k4U,x3o">
                        <field name="operation">"sum"</field>
                        <value name="bigNumberList">
                          <block type="lists_create_with" id="v]1;Hi?}vmx5SXjJ][S)">
                            <mutation items="2"></mutation>
                            <value name="ADD0">
                              <block type="variables_get" id="~N/_xuE|I+E[N9Zr+sK.">
                                <field name="VAR" id="MsY8l?-szSkNyvwNoLW^" variabletype="">workingRiskLiabilityAmount</field>
                              </block>
                            </value>
                            <value name="ADD1">
                              <block type="variables_get" id="m+mAXT1bW(7.~}Z4nI~4">
                                <field name="VAR" id="|PGj_VpFq=W5+S~iJ.g=" variabletype="">airsideLiabilityAmount</field>
                              </block>
                            </value>
                          </block>
                        </value>
                      </block>
                    </value>
                    <next>
                      <block type="variables_set" id="9?f)p;c[G~idUZQoZWfj">
                        <field name="VAR" id="0-A8dt:AKrG,J4p2U)+i" variabletype="">liabilityPremium</field>
                        <value name="VALUE">
                          <block type="bignumbercalculation" id="?F~]*#l,i`}*BFiBP^-;">
                            <field name="operation">"plus"</field>
                            <value name="bigNumber1">
                              <block type="variables_get" id="Z(OZ1)a,AKj1bXV[.Kg*">
                                <field name="VAR" id="}]_]%|Ppw-4JF:]EzJ{k" variabletype="">liabilityAmount</field>
                              </block>
                            </value>
                            <value name="bigNumber2">
                              <block type="variables_get" id="-%g)wOpq%xbuXb=mww6p">
                                <field name="VAR" id="yUNTDm0MNiv`lv%#)Ln^" variabletype="">inputPremium</field>
                              </block>
                            </value>
                          </block>
                        </value>
                        <next>
                          <block type="variables_set" id="A]!$)s46o*#@:6qO:8vf">
                            <field name="VAR" id="dCxt)Y%fp5Hy2PYTG:/?" variabletype="">liabilityPercent</field>
                            <value name="VALUE">
                              <block type="bignumbercalculation" id="h:mUJ4]:/!nwP`$GZ*RK">
                                <field name="operation">"dividedBy"</field>
                                <value name="bigNumber1">
                                  <block type="bignumbercalculation" id="Op~zI?bp[Q~efm@{nT(~">
                                    <field name="operation">"times"</field>
                                    <value name="bigNumber1">
                                      <block type="variables_get" id="f!e^x8uyt[K9r.}$;m^O">
                                        <field name="VAR" id="}]_]%|Ppw-4JF:]EzJ{k" variabletype="">liabilityAmount</field>
                                      </block>
                                    </value>
                                    <value name="bigNumber2">
                                      <block type="bignumber" id="IC%f]jU5fNrdTLbm5q6i">
                                        <field name="number">100</field>
                                      </block>
                                    </value>
                                  </block>
                                </value>
                                <value name="bigNumber2">
                                  <block type="variables_get" id="]5^`0i%D.4a%$QfDzLbr">
                                    <field name="VAR" id="yUNTDm0MNiv`lv%#)Ln^" variabletype="">inputPremium</field>
                                  </block>
                                </value>
                              </block>
                            </value>
                          </block>
                        </next>
                      </block>
                    </next>
                  </block>
                </next>
              </block>
            </next>
          </block>
        </next>
      </block>
    </next>
  </block>
  <block type="procedures_defnoreturn" id=";,K7X%@ARJX4#ARLZzjI" x="138" y="437">
    <mutation>
      <arg name="inputPremium" varid="yUNTDm0MNiv`lv%#)Ln^"></arg>
      <arg name="includeAirsideLiability" varid="/w!05@7vYHQZf^i}BJzS"></arg>
    </mutation>
    <field name="NAME">getAirsideLiability</field>
    <comment pinned="false" h="80" w="160">Describe this function...</comment>
    <statement name="STACK">
      <block type="controls_if" id="01Rpn~sKg]wk1B~.K?FW">
        <mutation else="1"></mutation>
        <value name="IF0">
          <block type="variables_get" id="~b*$!{,_pSJN!ZFcP_N!">
            <field name="VAR" id="/w!05@7vYHQZf^i}BJzS" variabletype="">includeAirsideLiability</field>
          </block>
        </value>
        <statement name="DO0">
          <block type="variables_set" id="sI=To/0;,ChvLvvBEl1z">
            <field name="VAR" id="|PGj_VpFq=W5+S~iJ.g=" variabletype="">airsideLiabilityAmount</field>
            <value name="VALUE">
              <block type="bignumber" id=")|T6c1)PiifTrS8#uJh0">
                <field name="number">10000</field>
              </block>
            </value>
          </block>
        </statement>
        <statement name="ELSE">
          <block type="variables_set" id="1t`aNG|w%vj8T@sNEj5?">
            <field name="VAR" id="|PGj_VpFq=W5+S~iJ.g=" variabletype="">airsideLiabilityAmount</field>
            <value name="VALUE">
              <block type="bignumber" id="!5aoy=5to:Oyv(OXZ9G+">
                <field name="number">0</field>
              </block>
            </value>
          </block>
        </statement>
        <next>
          <block type="variables_set" id="3A8G5G#o^E^1h/:Xx9eG">
            <field name="VAR" id="R/Lk1U])rnx9oDc^g{/H" variabletype="">airsideLiabilityPercent</field>
            <value name="VALUE">
              <block type="bignumbercalculation" id="T1^RfWsuOjvBu`4C:8.B">
                <field name="operation">"dividedBy"</field>
                <value name="bigNumber1">
                  <block type="bignumbercalculation" id="G)tL.jOw[Nb={sD9#Vga">
                    <field name="operation">"times"</field>
                    <value name="bigNumber1">
                      <block type="variables_get" id="rqedx))5]ZRHz9W*//`Z">
                        <field name="VAR" id="|PGj_VpFq=W5+S~iJ.g=" variabletype="">airsideLiabilityAmount</field>
                      </block>
                    </value>
                    <value name="bigNumber2">
                      <block type="bignumber" id="LDxPP{m62F71M^?{D?/B">
                        <field name="number">100</field>
                      </block>
                    </value>
                  </block>
                </value>
                <value name="bigNumber2">
                  <block type="variables_get" id="6#HGbwe_6X%qh1Fv8do5">
                    <field name="VAR" id="yUNTDm0MNiv`lv%#)Ln^" variabletype="">inputPremium</field>
                  </block>
                </value>
              </block>
            </value>
          </block>
        </next>
      </block>
    </statement>
  </block>
</xml>