<xml xmlns="http://www.w3.org/1999/xhtml">
  <variables>
    <variable type="" id=";ct?+|x!x1R).NGR/#9A">includeChinaExtension</variable>
    <variable type="" id="yvLRT~5yn+s;GpJqojkB">inputPremium</variable>
    <variable type="" id="2_,PCu;a3S[5S,!lW={P">includeSrcc</variable>
    <variable type="" id="IWvsK0H.Y3B=1G{bQ]CW">insuredValue</variable>
    <variable type="" id="tYT2iseTQb~Nl;,siYKj">includeTrailer</variable>
    <variable type="" id="*15:AG)_l-|ud(d*99)N">coverType</variable>
    <variable type="" id="}%dqO6)zgxDsL+]U)X,o">thirdPartyPropertyDamageLimit</variable>
    <variable type="" id="St*90uwnw^{nC;qAIV4S">thirdPartyOnlyPremium</variable>
    <variable type="" id="nf(B0u^0;l*YgH4jNshR">lookupValue</variable>
    <variable type="" id="oSQio{76FaLb]$kD1l4~">chinaExtensionsLoadingPercent</variable>
    <variable type="" id="DJ_yOah|80OwSne)%uau">chinaExtensionsLoadingAmount</variable>
    <variable type="" id="6C1{+b.=:H/oZ|Km_9Bc">srccLoadingAmount</variable>
    <variable type="" id="_kA~?]rYNwGLf!#OC*7t">srccLoadingPercent</variable>
    <variable type="" id="DP,19Y9Qx$U5qV;Ft6kD">trailerLoadingAmount</variable>
    <variable type="" id="qqQ{*EP?TJC1muGC_hUN">trailerLoadingPercent</variable>
    <variable type="" id="pX$P;D~(l)pYnJ2MYE0d">thirdPartyPropertyDamageLimitPercentage</variable>
    <variable type="" id="rx~][NVWFQ_A~vOOWOA1">increasedThirdPartyPropertyDamageAmount</variable>
    <variable type="" id="1iTEtwu$t_-@IUtzLmm}">increasedThirdPartyPropertyDamagePercent</variable>
    <variable type="" id="wlAYnipRL7]-g!A7t|UU">additionalExtensionsBenefitAmount</variable>
    <variable type="" id="%#83=-SPsvry|02y#CSa">additionalExtensionsBenefitPercent</variable>
    <variable type="" id="_#8I1q52u7Tr2dao%,{p">additionalExtensionsBenefitPremium</variable>
  </variables>
  <block type="procedures_defnoreturn" id="VvX*9:C-`[6_7C?mgV9$" x="63" y="38">
    <mutation>
      <arg name="includeChinaExtension" varid=";ct?+|x!x1R).NGR/#9A"></arg>
      <arg name="inputPremium" varid="yvLRT~5yn+s;GpJqojkB"></arg>
    </mutation>
    <field name="NAME">getChinaExtensionsLoading</field>
    <comment pinned="false" h="80" w="160">Describe this function...</comment>
    <statement name="STACK">
      <block type="controls_if" id="qJafgRmfR/!XQzH=EUq7">
        <mutation else="1"></mutation>
        <value name="IF0">
          <block type="variables_get" id="zXWjc1tQHg]5nV~u2P@v">
            <field name="VAR" id=";ct?+|x!x1R).NGR/#9A" variabletype="">includeChinaExtension</field>
          </block>
        </value>
        <statement name="DO0">
          <block type="variables_set" id="~9CWV_)u:Z*P,*8GuuU@">
            <field name="VAR" id="oSQio{76FaLb]$kD1l4~" variabletype="">chinaExtensionsLoadingPercent</field>
            <value name="VALUE">
              <block type="bignumber" id="hm=quRejfXOjqT||^[NQ">
                <field name="number">15</field>
              </block>
            </value>
          </block>
        </statement>
        <statement name="ELSE">
          <block type="variables_set" id="QDi-/(qR_?Bit@LvyYb{">
            <field name="VAR" id="oSQio{76FaLb]$kD1l4~" variabletype="">chinaExtensionsLoadingPercent</field>
            <value name="VALUE">
              <block type="bignumber" id="|OO]Teg;+nU!aK:sSb!l">
                <field name="number">0</field>
              </block>
            </value>
          </block>
        </statement>
        <next>
          <block type="variables_set" id=")j.R._6RaX}K@U-jQ-R:">
            <field name="VAR" id="DJ_yOah|80OwSne)%uau" variabletype="">chinaExtensionsLoadingAmount</field>
            <value name="VALUE">
              <block type="bignumbercalculation" id="Oc.nh.?g!eLhBa|5g9id">
                <field name="operation">"times"</field>
                <value name="bigNumber1">
                  <block type="variables_get" id="4d-h_Ouil+-icRpO4M56">
                    <field name="VAR" id="yvLRT~5yn+s;GpJqojkB" variabletype="">inputPremium</field>
                  </block>
                </value>
                <value name="bigNumber2">
                  <block type="bignumberpercent" id="s9BB,Bt+QffQ43%n;bj5">
                    <value name="bigNumber">
                      <block type="variables_get" id="m2m5;#P@9]*6p1OqS=UY">
                        <field name="VAR" id="oSQio{76FaLb]$kD1l4~" variabletype="">chinaExtensionsLoadingPercent</field>
                      </block>
                    </value>
                  </block>
                </value>
              </block>
            </value>
          </block>
        </next>
      </block>
    </statement>
  </block>
  <block type="variables_set" id=":)V1g7e_HxUqT1cH,cT/" x="1038" y="88">
    <field name="VAR" id="yvLRT~5yn+s;GpJqojkB" variabletype="">inputPremium</field>
    <value name="VALUE">
      <block type="bignumber" id="V4PM6Y:^{8z(ORbL|t3:">
        <field name="number">10000</field>
      </block>
    </value>
    <next>
      <block type="variables_set" id="ml]|A}nWKn/T|pqtIg=,">
        <field name="VAR" id="IWvsK0H.Y3B=1G{bQ]CW" variabletype="">insuredValue</field>
        <value name="VALUE">
          <block type="bignumber" id="e$5nTn(d{^`NbXY1![_2">
            <field name="number">5000</field>
          </block>
        </value>
        <next>
          <block type="variables_set" id="!74Zu[~wm{Iew0ql-]h8">
            <field name="VAR" id="}%dqO6)zgxDsL+]U)X,o" variabletype="">thirdPartyPropertyDamageLimit</field>
            <value name="VALUE">
              <block type="bignumber" id="Hd)!N_$6*+0+54!S/D9;">
                <field name="number">5000000</field>
              </block>
            </value>
            <next>
              <block type="variables_set" id="mT-g5H(OHOKQ%)[tLO~j">
                <field name="VAR" id="St*90uwnw^{nC;qAIV4S" variabletype="">thirdPartyOnlyPremium</field>
                <value name="VALUE">
                  <block type="bignumber" id="s-ZyV5!!xQ%I@vOnUn;A">
                    <field name="number">2000</field>
                  </block>
                </value>
                <next>
                  <block type="procedures_callnoreturn" id="m#|Wym0!j=qeT_?{wUz|">
                    <mutation name="getSrccLoading">
                      <arg name="includeSrcc"></arg>
                      <arg name="inputPremium"></arg>
                      <arg name="insuredValue"></arg>
                    </mutation>
                    <value name="ARG0">
                      <block type="logic_boolean" id="fJn=pC^MHqTWo#E;,ZB+">
                        <field name="BOOL">TRUE</field>
                      </block>
                    </value>
                    <value name="ARG1">
                      <block type="variables_get" id="oAFTso{nxyt/qB{cZ;N|">
                        <field name="VAR" id="yvLRT~5yn+s;GpJqojkB" variabletype="">inputPremium</field>
                      </block>
                    </value>
                    <value name="ARG2">
                      <block type="variables_get" id="]mAf-KT~C$[`+G!OJ`_~">
                        <field name="VAR" id="IWvsK0H.Y3B=1G{bQ]CW" variabletype="">insuredValue</field>
                      </block>
                    </value>
                    <next>
                      <block type="procedures_callnoreturn" id="N[h8E`:j]Zb=X/{:;y-f">
                        <mutation name="getTrailerLoading">
                          <arg name="includeTrailer"></arg>
                          <arg name="coverType"></arg>
                          <arg name="insuredValue"></arg>
                          <arg name="inputPremium"></arg>
                        </mutation>
                        <value name="ARG0">
                          <block type="logic_boolean" id="FjT~7k=`NNEMkiWgO+PI">
                            <field name="BOOL">TRUE</field>
                          </block>
                        </value>
                        <value name="ARG1">
                          <block type="variables_get" id="i~=MpF2uEp[9(PK(9LA$">
                            <field name="VAR" id="*15:AG)_l-|ud(d*99)N" variabletype="">coverType</field>
                          </block>
                        </value>
                        <value name="ARG2">
                          <block type="variables_get" id="H$kDRf*MHA$HdvF8htf?">
                            <field name="VAR" id="IWvsK0H.Y3B=1G{bQ]CW" variabletype="">insuredValue</field>
                          </block>
                        </value>
                        <value name="ARG3">
                          <block type="variables_get" id="x(mweJO].jUMW/M,iVCM">
                            <field name="VAR" id="yvLRT~5yn+s;GpJqojkB" variabletype="">inputPremium</field>
                          </block>
                        </value>
                        <next>
                          <block type="procedures_callnoreturn" id="V?wf+SkvDcj/J+SwE~y=">
                            <mutation name="getIncreasedThirdPartyPropertyDamage">
                              <arg name="thirdPartyPropertyDamageLimit"></arg>
                              <arg name="thirdPartyOnlyPremium"></arg>
                              <arg name="inputPremium"></arg>
                            </mutation>
                            <value name="ARG0">
                              <block type="variables_get" id="k9Fp{o!j^KD`E$[@aL-V">
                                <field name="VAR" id="}%dqO6)zgxDsL+]U)X,o" variabletype="">thirdPartyPropertyDamageLimit</field>
                              </block>
                            </value>
                            <value name="ARG1">
                              <block type="variables_get" id="tJN-MD=ZOW@i^?cFR]0N">
                                <field name="VAR" id="St*90uwnw^{nC;qAIV4S" variabletype="">thirdPartyOnlyPremium</field>
                              </block>
                            </value>
                            <value name="ARG2">
                              <block type="variables_get" id="yFBUR:7DulNoWW8y{V*#">
                                <field name="VAR" id="yvLRT~5yn+s;GpJqojkB" variabletype="">inputPremium</field>
                              </block>
                            </value>
                            <next>
                              <block type="procedures_callnoreturn" id="%Jrz7hFdw{Cz31Z9h:^}">
                                <mutation name="getChinaExtensionsLoading">
                                  <arg name="includeChinaExtension"></arg>
                                  <arg name="inputPremium"></arg>
                                </mutation>
                                <value name="ARG0">
                                  <block type="logic_boolean" id="hOnWt7=cTPj[o1GLWR5X">
                                    <field name="BOOL">TRUE</field>
                                  </block>
                                </value>
                                <value name="ARG1">
                                  <block type="variables_get" id="BMy}=!zt@wY_V{$VI#J2">
                                    <field name="VAR" id="yvLRT~5yn+s;GpJqojkB" variabletype="">inputPremium</field>
                                  </block>
                                </value>
                                <next>
                                  <block type="variables_set" id="!Pw[fQw:jBsS:_eGy.V3">
                                    <field name="VAR" id="wlAYnipRL7]-g!A7t|UU" variabletype="">additionalExtensionsBenefitAmount</field>
                                    <value name="VALUE">
                                      <block type="bignumberlistoperation" id="(.QtaO^[M+QG(_fOxswD">
                                        <field name="operation">"sum"</field>
                                        <value name="bigNumberList">
                                          <block type="lists_create_with" id="hz1v@993*uZ{kOg^DBs(">
                                            <mutation items="4"></mutation>
                                            <value name="ADD0">
                                              <block type="bignumbercalculation" id="RI=yW@Aq2I;{3jUA2[f7">
                                                <field name="operation">"dividedBy"</field>
                                                <value name="bigNumber1">
                                                  <block type="bignumbercalculation" id="tI@0Vt_^JnbwFI%5%:QU">
                                                    <field name="operation">"times"</field>
                                                    <value name="bigNumber1">
                                                      <block type="variables_get" id="O$||o8ftY815.!sNx9Mm">
                                                        <field name="VAR" id="yvLRT~5yn+s;GpJqojkB" variabletype="">inputPremium</field>
                                                      </block>
                                                    </value>
                                                    <value name="bigNumber2">
                                                      <block type="variables_get" id="X^}HIdO2|(htRUo8#M/s">
                                                        <field name="VAR" id="oSQio{76FaLb]$kD1l4~" variabletype="">chinaExtensionsLoadingPercent</field>
                                                      </block>
                                                    </value>
                                                  </block>
                                                </value>
                                                <value name="bigNumber2">
                                                  <block type="bignumber" id="Wd{OyQdQXzhKwgw;6VUc">
                                                    <field name="number">100</field>
                                                  </block>
                                                </value>
                                              </block>
                                            </value>
                                            <value name="ADD1">
                                              <block type="variables_get" id="PKFoU)_3Ut7t2@A]i5FN">
                                                <field name="VAR" id="6C1{+b.=:H/oZ|Km_9Bc" variabletype="">srccLoadingAmount</field>
                                              </block>
                                            </value>
                                            <value name="ADD2">
                                              <block type="variables_get" id="}gWWk|G5;Q0vmGh9g@UN">
                                                <field name="VAR" id="DP,19Y9Qx$U5qV;Ft6kD" variabletype="">trailerLoadingAmount</field>
                                              </block>
                                            </value>
                                            <value name="ADD3">
                                              <block type="variables_get" id="_i.k{)buuRu;I!mo`FkE">
                                                <field name="VAR" id="rx~][NVWFQ_A~vOOWOA1" variabletype="">increasedThirdPartyPropertyDamageAmount</field>
                                              </block>
                                            </value>
                                          </block>
                                        </value>
                                      </block>
                                    </value>
                                    <next>
                                      <block type="variables_set" id="pE?QZ.GJlZ;]E}hcSSr@">
                                        <field name="VAR" id="%#83=-SPsvry|02y#CSa" variabletype="">additionalExtensionsBenefitPercent</field>
                                        <value name="VALUE">
                                          <block type="bignumbercalculation" id="Tif.-uIK5Wbp8IMW_7h-">
                                            <field name="operation">"dividedBy"</field>
                                            <value name="bigNumber1">
                                              <block type="bignumbercalculation" id="A7|r+]|%|@oHVO2Tj%-X">
                                                <field name="operation">"times"</field>
                                                <value name="bigNumber1">
                                                  <block type="variables_get" id="MoSdD/rQ/n,}9Zd9wp|%">
                                                    <field name="VAR" id="wlAYnipRL7]-g!A7t|UU" variabletype="">additionalExtensionsBenefitAmount</field>
                                                  </block>
                                                </value>
                                                <value name="bigNumber2">
                                                  <block type="bignumber" id="7=N^V%hj+uhSx8oHDfrX">
                                                    <field name="number">100</field>
                                                  </block>
                                                </value>
                                              </block>
                                            </value>
                                            <value name="bigNumber2">
                                              <block type="variables_get" id="G.(1rRRd5lQi2n`s8x67">
                                                <field name="VAR" id="yvLRT~5yn+s;GpJqojkB" variabletype="">inputPremium</field>
                                              </block>
                                            </value>
                                          </block>
                                        </value>
                                        <next>
                                          <block type="variables_set" id=";~dzA8o9v,QuqM217*Cb">
                                            <field name="VAR" id="_#8I1q52u7Tr2dao%,{p" variabletype="">additionalExtensionsBenefitPremium</field>
                                            <value name="VALUE">
                                              <block type="bignumbercalculation" id="p=2-#RE{wkbyl{3C!%8M">
                                                <field name="operation">"plus"</field>
                                                <value name="bigNumber1">
                                                  <block type="variables_get" id="U5H:!8-nougr~E*k^mKG">
                                                    <field name="VAR" id="wlAYnipRL7]-g!A7t|UU" variabletype="">additionalExtensionsBenefitAmount</field>
                                                  </block>
                                                </value>
                                                <value name="bigNumber2">
                                                  <block type="variables_get" id="0uy|6hb?G74+GT)_nJiN">
                                                    <field name="VAR" id="yvLRT~5yn+s;GpJqojkB" variabletype="">inputPremium</field>
                                                  </block>
                                                </value>
                                              </block>
                                            </value>
                                          </block>
                                        </next>
                                      </block>
                                    </next>
                                  </block>
                                </next>
                              </block>
                            </next>
                          </block>
                        </next>
                      </block>
                    </next>
                  </block>
                </next>
              </block>
            </next>
          </block>
        </next>
      </block>
    </next>
  </block>
  <block type="procedures_defnoreturn" id="z?+~n|7w9(*;=]g:]jFh" x="63" y="262">
    <mutation>
      <arg name="includeSrcc" varid="2_,PCu;a3S[5S,!lW={P"></arg>
      <arg name="inputPremium" varid="yvLRT~5yn+s;GpJqojkB"></arg>
      <arg name="insuredValue" varid="IWvsK0H.Y3B=1G{bQ]CW"></arg>
    </mutation>
    <field name="NAME">getSrccLoading</field>
    <comment pinned="false" h="80" w="160">Describe this function...</comment>
    <statement name="STACK">
      <block type="controls_if" id="}h;DWHW$dkya6@AzurGT">
        <mutation else="1"></mutation>
        <value name="IF0">
          <block type="variables_get" id="#p%bHZ*$lWd@gZ98o7T]">
            <field name="VAR" id="2_,PCu;a3S[5S,!lW={P" variabletype="">includeSrcc</field>
          </block>
        </value>
        <statement name="DO0">
          <block type="variables_set" id="+:W%-me.=WuU,9VFv6)=">
            <field name="VAR" id="6C1{+b.=:H/oZ|Km_9Bc" variabletype="">srccLoadingAmount</field>
            <value name="VALUE">
              <block type="bignumbercalculation" id="QupE#|sT((,4Ak8,NRUP">
                <field name="operation">"dividedBy"</field>
                <value name="bigNumber1">
                  <block type="bignumbercalculation" id="5?sN$}r[OmQU0DQ8k^A2">
                    <field name="operation">"times"</field>
                    <value name="bigNumber1">
                      <block type="variables_get" id="t]w+d@vxb{s,+Gh-Puwe">
                        <field name="VAR" id="IWvsK0H.Y3B=1G{bQ]CW" variabletype="">insuredValue</field>
                      </block>
                    </value>
                    <value name="bigNumber2">
                      <block type="bignumber" id="o~{N663ibL2?)17TFsct">
                        <field name="number">0.5</field>
                      </block>
                    </value>
                  </block>
                </value>
                <value name="bigNumber2">
                  <block type="bignumber" id="]mL?#TtSG-/F_}6y;`p]">
                    <field name="number">100</field>
                  </block>
                </value>
              </block>
            </value>
          </block>
        </statement>
        <statement name="ELSE">
          <block type="variables_set" id="._dbM=Hws/wPkZ[9gfxu">
            <field name="VAR" id="6C1{+b.=:H/oZ|Km_9Bc" variabletype="">srccLoadingAmount</field>
            <value name="VALUE">
              <block type="bignumber" id="}PjTKRMA{%a16cBn9N)g">
                <field name="number">0</field>
              </block>
            </value>
          </block>
        </statement>
        <next>
          <block type="variables_set" id="DbpjW`v-s1^c=#P]Q,tk">
            <field name="VAR" id="_kA~?]rYNwGLf!#OC*7t" variabletype="">srccLoadingPercent</field>
            <value name="VALUE">
              <block type="bignumbercalculation" id="QGrL!+_(,BY^hy*Qsvk*">
                <field name="operation">"dividedBy"</field>
                <value name="bigNumber1">
                  <block type="bignumbercalculation" id="$g{33fvim;:Z#l!%??z9">
                    <field name="operation">"times"</field>
                    <value name="bigNumber1">
                      <block type="variables_get" id="amk$B]XcrcrphoiTPna,">
                        <field name="VAR" id="6C1{+b.=:H/oZ|Km_9Bc" variabletype="">srccLoadingAmount</field>
                      </block>
                    </value>
                    <value name="bigNumber2">
                      <block type="bignumber" id="Yh,-h6K%@ZESaqjtwK?=">
                        <field name="number">100</field>
                      </block>
                    </value>
                  </block>
                </value>
                <value name="bigNumber2">
                  <block type="variables_get" id="DL.Rp}nKeN$l6lXX_oEP">
                    <field name="VAR" id="yvLRT~5yn+s;GpJqojkB" variabletype="">inputPremium</field>
                  </block>
                </value>
              </block>
            </value>
          </block>
        </next>
      </block>
    </statement>
  </block>
  <block type="procedures_defnoreturn" id="~Dlb.n3PXc8}@*0W]vFL" x="63" y="512">
    <mutation>
      <arg name="includeTrailer" varid="tYT2iseTQb~Nl;,siYKj"></arg>
      <arg name="coverType" varid="*15:AG)_l-|ud(d*99)N"></arg>
      <arg name="insuredValue" varid="IWvsK0H.Y3B=1G{bQ]CW"></arg>
      <arg name="inputPremium" varid="yvLRT~5yn+s;GpJqojkB"></arg>
    </mutation>
    <field name="NAME">getTrailerLoading</field>
    <comment pinned="false" h="80" w="160">Describe this function...</comment>
    <statement name="STACK">
      <block type="controls_if" id="[vDS/|XSW]mL-=Pd0A8y">
        <mutation else="1"></mutation>
        <value name="IF0">
          <block type="variables_get" id="Myp?bIh1tQJ3x`kis4;O">
            <field name="VAR" id="tYT2iseTQb~Nl;,siYKj" variabletype="">includeTrailer</field>
          </block>
        </value>
        <statement name="DO0">
          <block type="controls_if" id="tqA,sTCyC:3/HQT4,:TD">
            <mutation elseif="1"></mutation>
            <value name="IF0">
              <block type="logic_compare" id="(a?/e;vSG3D!Cu@!oDDt">
                <field name="OP">EQ</field>
                <value name="A">
                  <block type="variables_get" id="!gXRN3jmwy]O3qg3=csB">
                    <field name="VAR" id="*15:AG)_l-|ud(d*99)N" variabletype="">coverType</field>
                  </block>
                </value>
                <value name="B">
                  <block type="text" id="Hz{]o-:ZtDkA{2-|GAZV">
                    <field name="TEXT">comprehensive</field>
                  </block>
                </value>
              </block>
            </value>
            <statement name="DO0">
              <block type="variables_set" id="t,rlr-3LjY*c6d^CV^3@">
                <field name="VAR" id="DP,19Y9Qx$U5qV;Ft6kD" variabletype="">trailerLoadingAmount</field>
                <value name="VALUE">
                  <block type="bignumbercalculation" id="/|p#?5)u+XG=-@^JFwn9">
                    <field name="operation">"plus"</field>
                    <value name="bigNumber1">
                      <block type="bignumbercalculation" id="}cyC0bUlBoSlH9wgH/nB">
                        <field name="operation">"times"</field>
                        <value name="bigNumber1">
                          <block type="bignumberpercent" id="eD.n7oLU*)jysxL|hQG*">
                            <value name="bigNumber">
                              <block type="bignumber" id="C2k(M|CN;kqQ{c]b|GT2">
                                <field name="number">2.1</field>
                              </block>
                            </value>
                          </block>
                        </value>
                        <value name="bigNumber2">
                          <block type="variables_get" id="VIv0$M=gsoMA!Dm;=et?">
                            <field name="VAR" id="IWvsK0H.Y3B=1G{bQ]CW" variabletype="">insuredValue</field>
                          </block>
                        </value>
                      </block>
                    </value>
                    <value name="bigNumber2">
                      <block type="bignumber" id="l1*hXX/4w]j%1a|FS0|9">
                        <field name="number">450</field>
                      </block>
                    </value>
                  </block>
                </value>
              </block>
            </statement>
            <value name="IF1">
              <block type="logic_compare" id="*RkPhgK%UG%)t_V)omI2">
                <field name="OP">EQ</field>
                <value name="A">
                  <block type="variables_get" id="=~je:3/IKFsQ,[a:b^US">
                    <field name="VAR" id="*15:AG)_l-|ud(d*99)N" variabletype="">coverType</field>
                  </block>
                </value>
                <value name="B">
                  <block type="text" id="|yvJ?G(#tOU.Djf!ZI5t">
                    <field name="TEXT">third party only</field>
                  </block>
                </value>
              </block>
            </value>
            <statement name="DO1">
              <block type="variables_set" id="+eDVZu/I(/Ju8]Q2JloY">
                <field name="VAR" id="DP,19Y9Qx$U5qV;Ft6kD" variabletype="">trailerLoadingAmount</field>
                <value name="VALUE">
                  <block type="bignumber" id="M=|s#)JwR^}9R`qI,LU_">
                    <field name="number">410</field>
                  </block>
                </value>
              </block>
            </statement>
          </block>
        </statement>
        <statement name="ELSE">
          <block type="variables_set" id=")cf7BB9nuV[VpXfj.P*T">
            <field name="VAR" id="DP,19Y9Qx$U5qV;Ft6kD" variabletype="">trailerLoadingAmount</field>
            <value name="VALUE">
              <block type="bignumber" id="QkEpS0j_]8NRWoE6Bjb7">
                <field name="number">0</field>
              </block>
            </value>
          </block>
        </statement>
        <next>
          <block type="variables_set" id="Bl}Jeqs*3!WQiQ)=I/Jo">
            <field name="VAR" id="qqQ{*EP?TJC1muGC_hUN" variabletype="">trailerLoadingPercent</field>
            <value name="VALUE">
              <block type="bignumbercalculation" id="E+4rg}XMcEA_}BYs,Jne">
                <field name="operation">"dividedBy"</field>
                <value name="bigNumber1">
                  <block type="bignumbercalculation" id="bK:E?_uqOVXJ|pV8$dOD">
                    <field name="operation">"times"</field>
                    <value name="bigNumber1">
                      <block type="variables_get" id="a8%u0$Cxs](-k?_/IuyB">
                        <field name="VAR" id="DP,19Y9Qx$U5qV;Ft6kD" variabletype="">trailerLoadingAmount</field>
                      </block>
                    </value>
                    <value name="bigNumber2">
                      <block type="bignumber" id="%}Ng|;On,C2ig,7kWOOI">
                        <field name="number">100</field>
                      </block>
                    </value>
                  </block>
                </value>
                <value name="bigNumber2">
                  <block type="variables_get" id="]6dv6J@##.N:|%3o|F%g">
                    <field name="VAR" id="yvLRT~5yn+s;GpJqojkB" variabletype="">inputPremium</field>
                  </block>
                </value>
              </block>
            </value>
          </block>
        </next>
      </block>
    </statement>
  </block>
  <block type="procedures_defnoreturn" id="ddwtt**ZvJ8Cqx}Poq*m" x="62" y="913">
    <mutation>
      <arg name="thirdPartyPropertyDamageLimit" varid="}%dqO6)zgxDsL+]U)X,o"></arg>
      <arg name="thirdPartyOnlyPremium" varid="St*90uwnw^{nC;qAIV4S"></arg>
      <arg name="inputPremium" varid="yvLRT~5yn+s;GpJqojkB"></arg>
    </mutation>
    <field name="NAME">getIncreasedThirdPartyPropertyDamage</field>
    <comment pinned="false" h="80" w="160">Describe this function...</comment>
    <statement name="STACK">
      <block type="variables_set" id="BQOrZpA5D~n5#7Rpn`x_">
        <field name="VAR" id="nf(B0u^0;l*YgH4jNshR" variabletype="">lookupValue</field>
        <value name="VALUE">
          <block type="dataquery" id="}2dNm=2]jt{0elM-fm(`">
            <value name="tableName">
              <block type="text" id="SC4Ek|m{i1l,g+Tp6pYN">
                <field name="TEXT">hkCommercialVehicleThirdPartyPropertyDamageLimit</field>
              </block>
            </value>
            <value name="filterColumnNames">
              <block type="lists_create_with" id="GMz@t*,}/lawHRdx@zM!">
                <mutation items="1"></mutation>
                <value name="ADD0">
                  <block type="text" id="JP-f}F^ZB{fCcVF5-IOm">
                    <field name="TEXT">thirdPartyPropertyDamageLimit</field>
                  </block>
                </value>
              </block>
            </value>
            <value name="filterColumnValues">
              <block type="lists_create_with" id="n0s^O4fm,m-,mXlY}ZJT">
                <mutation items="1"></mutation>
                <value name="ADD0">
                  <block type="variables_get" id="l/Lr*?587m||S^FVlGl9">
                    <field name="VAR" id="}%dqO6)zgxDsL+]U)X,o" variabletype="">thirdPartyPropertyDamageLimit</field>
                  </block>
                </value>
              </block>
            </value>
            <value name="outputColumn">
              <block type="text" id=":b1MB9:gAW5fdmR@`?4!">
                <field name="TEXT">loadingPercentage</field>
              </block>
            </value>
          </block>
        </value>
        <next>
          <block type="controls_if" id="E;znK0!6pJUo2*xN[H%_">
            <mutation else="1"></mutation>
            <value name="IF0">
              <block type="logic_compare" id="V:=KDrsaAIgs)@K;4soo">
                <field name="OP">EQ</field>
                <value name="A">
                  <block type="variables_get" id="o!ynV+0[{#Z3%[thM1@o">
                    <field name="VAR" id="nf(B0u^0;l*YgH4jNshR" variabletype="">lookupValue</field>
                  </block>
                </value>
                <value name="B">
                  <block type="logic_null" id="rt5CYj_y[7fsejxyc-xc"></block>
                </value>
              </block>
            </value>
            <statement name="DO0">
              <block type="variables_set" id="@K:pjS|wEbExr:vUgSXw">
                <field name="VAR" id="pX$P;D~(l)pYnJ2MYE0d" variabletype="">thirdPartyPropertyDamageLimitPercentage</field>
                <value name="VALUE">
                  <block type="bignumber" id="fv{U[m9gV_}Cpu5bF#PE">
                    <field name="number">0</field>
                  </block>
                </value>
              </block>
            </statement>
            <statement name="ELSE">
              <block type="variables_set" id="eqz~L3_!^P:Rz|@j`lK_">
                <field name="VAR" id="pX$P;D~(l)pYnJ2MYE0d" variabletype="">thirdPartyPropertyDamageLimitPercentage</field>
                <value name="VALUE">
                  <block type="bignumberfromstring" id="iWF3MF8;L`9AwIJcsO@,">
                    <value name="number">
                      <block type="variables_get" id="?TaLj0R(3Z7v~{-]SzT*">
                        <field name="VAR" id="nf(B0u^0;l*YgH4jNshR" variabletype="">lookupValue</field>
                      </block>
                    </value>
                  </block>
                </value>
              </block>
            </statement>
            <next>
              <block type="variables_set" id="nuXX`,*#Q0%,#uEsL5kN">
                <field name="VAR" id="rx~][NVWFQ_A~vOOWOA1" variabletype="">increasedThirdPartyPropertyDamageAmount</field>
                <value name="VALUE">
                  <block type="bignumbercalculation" id="txV%Oi+)ou_7Q%-LF?s2">
                    <field name="operation">"times"</field>
                    <value name="bigNumber1">
                      <block type="variables_get" id="bC]5h{dPX8%ay2riSiBG">
                        <field name="VAR" id="St*90uwnw^{nC;qAIV4S" variabletype="">thirdPartyOnlyPremium</field>
                      </block>
                    </value>
                    <value name="bigNumber2">
                      <block type="bignumberpercent" id="~=JhV1bT%IcGm@,qLCEU">
                        <value name="bigNumber">
                          <block type="variables_get" id="CvcS;dm(B-]A2:IuU8$|">
                            <field name="VAR" id="pX$P;D~(l)pYnJ2MYE0d" variabletype="">thirdPartyPropertyDamageLimitPercentage</field>
                          </block>
                        </value>
                      </block>
                    </value>
                  </block>
                </value>
                <next>
                  <block type="variables_set" id="d,)@%Qa+?nj_h!9mt@oj">
                    <field name="VAR" id="1iTEtwu$t_-@IUtzLmm}" variabletype="">increasedThirdPartyPropertyDamagePercent</field>
                    <value name="VALUE">
                      <block type="bignumbercalculation" id="t|QI,^Wm(KkIUfufR7nl">
                        <field name="operation">"dividedBy"</field>
                        <value name="bigNumber1">
                          <block type="bignumbercalculation" id="DaF@$acF3?Y`(Sm`:q(m">
                            <field name="operation">"times"</field>
                            <value name="bigNumber1">
                              <block type="variables_get" id="m^a`i~qynetYy2p/O{cn">
                                <field name="VAR" id="rx~][NVWFQ_A~vOOWOA1" variabletype="">increasedThirdPartyPropertyDamageAmount</field>
                              </block>
                            </value>
                            <value name="bigNumber2">
                              <block type="bignumber" id="$A.!rLVKsv=8pO{=s7s9">
                                <field name="number">100</field>
                              </block>
                            </value>
                          </block>
                        </value>
                        <value name="bigNumber2">
                          <block type="variables_get" id="Qqq-^@s/sb3WkkSa/ru*">
                            <field name="VAR" id="yvLRT~5yn+s;GpJqojkB" variabletype="">inputPremium</field>
                          </block>
                        </value>
                      </block>
                    </value>
                  </block>
                </next>
              </block>
            </next>
          </block>
        </next>
      </block>
    </statement>
  </block>
</xml>