<xml xmlns="http://www.w3.org/1999/xhtml">
  <variables>
    <variable type="" id="3|9TA+/Y$2JV,}WR#X78">inputPremium</variable>
    <variable type="" id="iHVDjx*m4^Czy!MDAk7L">premiumAdjustmentAmount</variable>
    <variable type="" id="pbNrP0~dNfmat;pp^)g;">commercialMotorPremiumAdjustmentPercent</variable>
    <variable type="" id="^_,ZeQKVlG(#eUg!|$cK">commercialMotorPremiumAdjustmentAmount</variable>
    <variable type="" id="x~kX,w37~6m2fVPN:h#I">commercialMotorPremiumAdjustmentPremium</variable>
  </variables>
  <block type="procedures_defnoreturn" id="mH-,c7c4bWhKnLD|SW*u" x="188" y="138">
    <mutation>
      <arg name="inputPremium" varid="3|9TA+/Y$2JV,}WR#X78"></arg>
      <arg name="premiumAdjustmentAmount" varid="iHVDjx*m4^Czy!MDAk7L"></arg>
    </mutation>
    <field name="NAME">getCommercialMotorPremiumAdjustment</field>
    <comment pinned="false" h="80" w="160">Describe this function...</comment>
    <statement name="STACK">
      <block type="variables_set" id="!#?)N35~/sX|:tJTpM+:">
        <field name="VAR" id="pbNrP0~dNfmat;pp^)g;" variabletype="">commercialMotorPremiumAdjustmentPercent</field>
        <value name="VALUE">
          <block type="bignumbercalculation" id="af50aiCfeTN,Myju1oWH">
            <field name="operation">"dividedBy"</field>
            <value name="bigNumber1">
              <block type="bignumbercalculation" id="tz7/yh6!()~9VL2Jr~PC">
                <field name="operation">"times"</field>
                <value name="bigNumber1">
                  <block type="variables_get" id="TG.M*yLY^(5SEc6gunlZ">
                    <field name="VAR" id="iHVDjx*m4^Czy!MDAk7L" variabletype="">premiumAdjustmentAmount</field>
                  </block>
                </value>
                <value name="bigNumber2">
                  <block type="bignumber" id="[ZK;TxBLV^LOU`,--K,f">
                    <field name="number">100</field>
                  </block>
                </value>
              </block>
            </value>
            <value name="bigNumber2">
              <block type="variables_get" id="UCG(S]rK{]dA,6Sn}zf_">
                <field name="VAR" id="3|9TA+/Y$2JV,}WR#X78" variabletype="">inputPremium</field>
              </block>
            </value>
          </block>
        </value>
        <next>
          <block type="variables_set" id="gu+4}OPF4?XU^:L8]Ym,">
            <field name="VAR" id="^_,ZeQKVlG(#eUg!|$cK" variabletype="">commercialMotorPremiumAdjustmentAmount</field>
            <value name="VALUE">
              <block type="bignumberfromstring" id="Q`Ad:2(jBXT_XveT.5E{">
                <value name="number">
                  <block type="variables_get" id="?f!LV08lZdl!Auu_Wk6Y">
                    <field name="VAR" id="iHVDjx*m4^Czy!MDAk7L" variabletype="">premiumAdjustmentAmount</field>
                  </block>
                </value>
              </block>
            </value>
          </block>
        </next>
      </block>
    </statement>
  </block>
  <block type="variables_set" id="k=VB4waDa{H*9mHsLJD6" x="1213" y="163">
    <field name="VAR" id="3|9TA+/Y$2JV,}WR#X78" variabletype="">inputPremium</field>
    <value name="VALUE">
      <block type="bignumber" id="HoWjfPQ,%qZ)lphju#?$">
        <field name="number">100000</field>
      </block>
    </value>
    <next>
      <block type="variables_set" id="P,55:eQqDmj!v;?wwvGu">
        <field name="VAR" id="iHVDjx*m4^Czy!MDAk7L" variabletype="">premiumAdjustmentAmount</field>
        <value name="VALUE">
          <block type="bignumber" id="^7S#o(+!$;u_p-%SN*;2">
            <field name="number">50</field>
          </block>
        </value>
        <next>
          <block type="procedures_callnoreturn" id="oyfeYC|7^;6vIzScI6fT">
            <mutation name="getCommercialMotorPremiumAdjustment">
              <arg name="inputPremium"></arg>
              <arg name="premiumAdjustmentAmount"></arg>
            </mutation>
            <value name="ARG0">
              <block type="variables_get" id="1Ofu@+FdhdLu+@^56]81">
                <field name="VAR" id="3|9TA+/Y$2JV,}WR#X78" variabletype="">inputPremium</field>
              </block>
            </value>
            <value name="ARG1">
              <block type="variables_get" id="y=K:JZC4!XS9,aQNu9Iq">
                <field name="VAR" id="iHVDjx*m4^Czy!MDAk7L" variabletype="">premiumAdjustmentAmount</field>
              </block>
            </value>
            <next>
              <block type="variables_set" id=";N4,Z]TO`-iv2_mRLTko">
                <field name="VAR" id="x~kX,w37~6m2fVPN:h#I" variabletype="">commercialMotorPremiumAdjustmentPremium</field>
                <value name="VALUE">
                  <block type="bignumbercalculation" id="Tq6SUR:YO4bG*VC4+a(Z">
                    <field name="operation">"plus"</field>
                    <value name="bigNumber1">
                      <block type="variables_get" id="bN2xScR4I7QRi.rvl@.D">
                        <field name="VAR" id="^_,ZeQKVlG(#eUg!|$cK" variabletype="">commercialMotorPremiumAdjustmentAmount</field>
                      </block>
                    </value>
                    <value name="bigNumber2">
                      <block type="variables_get" id="O=lG/?jDu8V|JqQx5!~R">
                        <field name="VAR" id="3|9TA+/Y$2JV,}WR#X78" variabletype="">inputPremium</field>
                      </block>
                    </value>
                  </block>
                </value>
              </block>
            </next>
          </block>
        </next>
      </block>
    </next>
  </block>
</xml>