<xml xmlns="http://www.w3.org/1999/xhtml">
  <variables>
    <variable type="" id=".}E}#i=$S(qWAt{Lh7|0">grossVehicleWeight</variable>
    <variable type="" id="A+0n@YIhE9ipHy5}H+a}">group</variable>
    <variable type="" id="1c`REc[J3{a9(|iqE|70">field</variable>
    <variable type="" id="]0Lfls0kyAdqz_xB{m(,">coverType</variable>
    <variable type="" id="QCb[IKSDvWc(^uCh/VFc">insuredValue</variable>
    <variable type="" id="`lpU0q_2lu:@U5IfCIMj">voluntaryExcessAmount</variable>
    <variable type="" id="b)#HJlK~^}CDaltoCh0:">bodyType</variable>
    <variable type="" id="p9A1l0V$4O5Z!o}6go{F">vehicleMake</variable>
    <variable type="" id="}Y3[uRM.n$+R`6vs;gTv">returnWeight</variable>
    <variable type="" id="?MU^ap*z`jO3EVzFN=/*">result</variable>
    <variable type="" id="{%]FA[sRIg6HsZ6+*Yx#">tonsCategory</variable>
    <variable type="" id="[a%E;xo~=`ZquKW+uGVz">excessGroup</variable>
    <variable type="" id="29uZ9wR0OUO1*ht6!oKu">ownDamageExcessInsuredValuePercentage</variable>
    <variable type="" id="b/7p/=8F`pJ+3IQj;/)*">tppdAmount</variable>
    <variable type="" id="=:-C|Wa(|,EKZtfgJ2Rn">ownDamageExcessMinimum</variable>
    <variable type="" id="F[o{:#fV{XOz5Xbo_^8z">tppdYoungDriverAmount</variable>
    <variable type="" id="nn3]QnX;`H::Il=AxUH_">theftExcessInsuredValuePercentage</variable>
    <variable type="" id="3VF+o8(s1M|+Kot58e(z">tppdInexperienceDriverAmount</variable>
    <variable type="" id="NSAi;vm#}{k;riYzwd.7">theftExcessMinimum</variable>
    <variable type="" id="Fip|Yi1.Zh-]R*Kj16E+">voluntaryAmount</variable>
    <variable type="" id="gl]epy4*V`m`,x!^-:U|">ownDamageExcess</variable>
    <variable type="" id=":zZW+5FwO$a-VA.hb{%l">theftExcess</variable>
    <variable type="" id="n%-i/E6yY%WqB#fBPwO.">ownDamageAmount</variable>
    <variable type="" id="SBF5SVJ[F;5N$Xm9kZ@W">theftAmount</variable>
    <variable type="" id="Q@PyVe/y?QGUF!eO]j3/">youngDriverAmount</variable>
    <variable type="" id="a9FJW3=)0@K50*=ICn_M">inexperiencedDriverAmount</variable>
  </variables>
  <block type="procedures_defreturn" id=".:@em[2-5+xk,|XFo5e;" x="38" y="37">
    <mutation>
      <arg name="grossVehicleWeight" varid=".}E}#i=$S(qWAt{Lh7|0"></arg>
    </mutation>
    <field name="NAME">getTonsDesc</field>
    <comment pinned="false" h="80" w="160">Describe this function...</comment>
    <statement name="STACK">
      <block type="controls_if" id="h7i:bOsZ}H84qVwf[#=w">
        <mutation elseif="2" else="1"></mutation>
        <value name="IF0">
          <block type="logic_compare" id="+p.bbeGPvQ.%~Efff|C=">
            <field name="OP">LTE</field>
            <value name="A">
              <block type="variables_get" id="|dD12{/VgI@[Q(7vcmB#">
                <field name="VAR" id=".}E}#i=$S(qWAt{Lh7|0" variabletype="">grossVehicleWeight</field>
              </block>
            </value>
            <value name="B">
              <block type="bignumber" id="3II=JJ@+{Fkpz74h%++x">
                <field name="number">3.5</field>
              </block>
            </value>
          </block>
        </value>
        <statement name="DO0">
          <block type="variables_set" id="q1t!t-gi4jY-9YDQyJIe">
            <field name="VAR" id="}Y3[uRM.n$+R`6vs;gTv" variabletype="">returnWeight</field>
            <value name="VALUE">
              <block type="text" id="6e@R!]}Gf_U7:~|4TQ,J">
                <field name="TEXT">&lt;=3.5</field>
              </block>
            </value>
          </block>
        </statement>
        <value name="IF1">
          <block type="logic_operation" id="Mj0NodY*Y_kz`4@v0^5v">
            <field name="OP">AND</field>
            <value name="A">
              <block type="logic_compare" id="19sEJQs9Ok~vdKo@{:~J">
                <field name="OP">GT</field>
                <value name="A">
                  <block type="variables_get" id="#m~!OGteGs?6Li,o,;MF">
                    <field name="VAR" id=".}E}#i=$S(qWAt{Lh7|0" variabletype="">grossVehicleWeight</field>
                  </block>
                </value>
                <value name="B">
                  <block type="bignumber" id="+(Gw;bR#q5SXCTT;wv{{">
                    <field name="number">3.5</field>
                  </block>
                </value>
              </block>
            </value>
            <value name="B">
              <block type="logic_compare" id="1b^?P.Mhb8QrZWKnm,lj">
                <field name="OP">LTE</field>
                <value name="A">
                  <block type="variables_get" id="%i?k*V/N^$uf*]_rc~*y">
                    <field name="VAR" id=".}E}#i=$S(qWAt{Lh7|0" variabletype="">grossVehicleWeight</field>
                  </block>
                </value>
                <value name="B">
                  <block type="bignumber" id=",nV@[*@QNscx4BZm)+6z">
                    <field name="number">5.5</field>
                  </block>
                </value>
              </block>
            </value>
          </block>
        </value>
        <statement name="DO1">
          <block type="variables_set" id="f^JlQSv8T~b%NNHxblGK">
            <field name="VAR" id="}Y3[uRM.n$+R`6vs;gTv" variabletype="">returnWeight</field>
            <value name="VALUE">
              <block type="text" id="|,BG=fUc28!aO=2^jbF6">
                <field name="TEXT">&gt;3.5-5.5</field>
              </block>
            </value>
          </block>
        </statement>
        <value name="IF2">
          <block type="logic_operation" id="?-.Ml}y8bS}5vgxo+r_w">
            <field name="OP">AND</field>
            <value name="A">
              <block type="logic_compare" id="$R!ZkhEq,I_In;Y(Dgu/">
                <field name="OP">GT</field>
                <value name="A">
                  <block type="variables_get" id=")O@7p()A@GlD!u-MhFqy">
                    <field name="VAR" id=".}E}#i=$S(qWAt{Lh7|0" variabletype="">grossVehicleWeight</field>
                  </block>
                </value>
                <value name="B">
                  <block type="bignumber" id="iHgj_V*J3$|s@5ftqi1e">
                    <field name="number">5.5</field>
                  </block>
                </value>
              </block>
            </value>
            <value name="B">
              <block type="logic_compare" id="w4uwG)Gu-p6/K^q%,~is">
                <field name="OP">LTE</field>
                <value name="A">
                  <block type="variables_get" id="Y3/6U@m8F8/x[naQPa(r">
                    <field name="VAR" id=".}E}#i=$S(qWAt{Lh7|0" variabletype="">grossVehicleWeight</field>
                  </block>
                </value>
                <value name="B">
                  <block type="bignumber" id=".IQcs6li.,Y%pW6$;0eS">
                    <field name="number">30</field>
                  </block>
                </value>
              </block>
            </value>
          </block>
        </value>
        <statement name="DO2">
          <block type="variables_set" id="U^Q/g%4riJ!ryLs|,lqK">
            <field name="VAR" id="}Y3[uRM.n$+R`6vs;gTv" variabletype="">returnWeight</field>
            <value name="VALUE">
              <block type="text" id="L`d]=NNy]zE!uH;2Fjn5">
                <field name="TEXT">&gt;5.5-30</field>
              </block>
            </value>
          </block>
        </statement>
        <statement name="ELSE">
          <block type="variables_set" id="I$4.jfwVqMITnrEwt[WT">
            <field name="VAR" id="}Y3[uRM.n$+R`6vs;gTv" variabletype="">returnWeight</field>
            <value name="VALUE">
              <block type="text" id="7*Ik9OuN1eLL*VC)0kE$">
                <field name="TEXT">&gt;30</field>
              </block>
            </value>
          </block>
        </statement>
      </block>
    </statement>
    <value name="RETURN">
      <block type="variables_get" id="r|JHeQCKggk$D/wvzi40">
        <field name="VAR" id="}Y3[uRM.n$+R`6vs;gTv" variabletype="">returnWeight</field>
      </block>
    </value>
  </block>
  <block type="procedures_defreturn" id="+sK!^q!.eY5KfEB6tsPn" x="37" y="388">
    <mutation>
      <arg name="group" varid="A+0n@YIhE9ipHy5}H+a}"></arg>
      <arg name="field" varid="1c`REc[J3{a9(|iqE|70"></arg>
    </mutation>
    <field name="NAME">getHkCvExcessTerm</field>
    <comment pinned="false" h="80" w="160">Describe this function...</comment>
    <statement name="STACK">
      <block type="variables_set" id="meD*c.#$2/ia=tj!.237">
        <field name="VAR" id="?MU^ap*z`jO3EVzFN=/*" variabletype="">result</field>
        <value name="VALUE">
          <block type="dataquery" id="?wx/_[?`/%h1U+yo_o?l">
            <value name="tableName">
              <block type="text" id="DJ.*w:C[FL(ugW==GQ6:">
                <field name="TEXT">hkCommercialVehicleExcess</field>
              </block>
            </value>
            <value name="filterColumnNames">
              <block type="lists_create_with" id="f`UXp?u]Ve!2z%*/0TmR">
                <mutation items="1"></mutation>
                <value name="ADD0">
                  <block type="text" id="4JoCaOm~QC7ntmwo1=jq">
                    <field name="TEXT">group</field>
                  </block>
                </value>
              </block>
            </value>
            <value name="filterColumnValues">
              <block type="lists_create_with" id="(HT*#^gu|^MXYHS}h[9~">
                <mutation items="1"></mutation>
                <value name="ADD0">
                  <block type="variables_get" id="yB%:l+o(5NPqS/%g;yxG">
                    <field name="VAR" id="A+0n@YIhE9ipHy5}H+a}" variabletype="">group</field>
                  </block>
                </value>
              </block>
            </value>
            <value name="outputColumn">
              <block type="variables_get" id="hm$A9/|:fe2^ewinBus2">
                <field name="VAR" id="1c`REc[J3{a9(|iqE|70" variabletype="">field</field>
              </block>
            </value>
          </block>
        </value>
        <next>
          <block type="controls_if" id="(8}0(pz^*0;[a?;XM/9)">
            <value name="IF0">
              <block type="logic_compare" id="MAFpLB)fjZ%uSRNaR/ka">
                <field name="OP">EQ</field>
                <value name="A">
                  <block type="variables_get" id="3#Z^X3S.mB`u3C#ubEgm">
                    <field name="VAR" id="?MU^ap*z`jO3EVzFN=/*" variabletype="">result</field>
                  </block>
                </value>
                <value name="B">
                  <block type="logic_null" id="3Tb`g-6,ZbI)tR%{$}@]"></block>
                </value>
              </block>
            </value>
            <statement name="DO0">
              <block type="variables_set" id="p%la08|Oxrst2p:4@X8}">
                <field name="VAR" id="?MU^ap*z`jO3EVzFN=/*" variabletype="">result</field>
                <value name="VALUE">
                  <block type="procedures_callreturn" id="F.x2AdmDm@scOkJ9UpKM">
                    <mutation name="getHkCvExcessTerm">
                      <arg name="group"></arg>
                      <arg name="field"></arg>
                    </mutation>
                    <value name="ARG0">
                      <block type="text" id="xx-J2.@A3wlTEXc*0)Wk">
                        <field name="TEXT">C</field>
                      </block>
                    </value>
                    <value name="ARG1">
                      <block type="variables_get" id="wt-^jpX,7/nnu1/O6E:l">
                        <field name="VAR" id="1c`REc[J3{a9(|iqE|70" variabletype="">field</field>
                      </block>
                    </value>
                  </block>
                </value>
              </block>
            </statement>
          </block>
        </next>
      </block>
    </statement>
    <value name="RETURN">
      <block type="variables_get" id="=#(-h^q5$[P@V4_J*$.#">
        <field name="VAR" id="?MU^ap*z`jO3EVzFN=/*" variabletype="">result</field>
      </block>
    </value>
  </block>
  <block type="variables_set" id="3s0c1k9Mr^`(lLLP`~`!" x="888" y="388">
    <field name="VAR" id="]0Lfls0kyAdqz_xB{m(," variabletype="">coverType</field>
    <value name="VALUE">
      <block type="text" id="7X`##/@-:L#Zm-%pO2.E">
        <field name="TEXT">comprehensive</field>
      </block>
    </value>
    <next>
      <block type="variables_set" id="f^Ga`/(*]_aXHX*6c3#B">
        <field name="VAR" id="QCb[IKSDvWc(^uCh/VFc" variabletype="">insuredValue</field>
        <value name="VALUE">
          <block type="bignumber" id="]2?]P.-qzJOq5K8pJfD|">
            <field name="number">9600</field>
          </block>
        </value>
        <next>
          <block type="variables_set" id="6V`w2}-F)Hbi.Qm!yjP6">
            <field name="VAR" id="`lpU0q_2lu:@U5IfCIMj" variabletype="">voluntaryExcessAmount</field>
            <value name="VALUE">
              <block type="bignumber" id="1YD=lOTdhPcc%cV,0caj">
                <field name="number">0</field>
              </block>
            </value>
            <next>
              <block type="variables_set" id="53_w]^8QM-DM0p+r0CS8">
                <field name="VAR" id="b)#HJlK~^}CDaltoCh0:" variabletype="">bodyType</field>
                <value name="VALUE">
                  <block type="text" id="KSVgZc:#h@jB6n?+W*8T">
                    <field name="TEXT">Tractor</field>
                  </block>
                </value>
                <next>
                  <block type="variables_set" id="sf,}G2gdHg@?*f4E3uj2">
                    <field name="VAR" id="p9A1l0V$4O5Z!o}6go{F" variabletype="">vehicleMake</field>
                    <value name="VALUE">
                      <block type="text" id="m0Aq#T^AS!-RrFu~k*$,">
                        <field name="TEXT">HINO</field>
                      </block>
                    </value>
                    <next>
                      <block type="variables_set" id="S8?D%+S``FKP#7G]D`|_">
                        <field name="VAR" id=".}E}#i=$S(qWAt{Lh7|0" variabletype="">grossVehicleWeight</field>
                        <value name="VALUE">
                          <block type="bignumber" id="G]8BE`4B_c^Kn(:9N~q-">
                            <field name="number">25</field>
                          </block>
                        </value>
                        <next>
                          <block type="procedures_callnoreturn" id="N(=)Z{$*5.Sh!@F22{l]">
                            <mutation name="getExcesses">
                              <arg name="coverType"></arg>
                              <arg name="insuredValue"></arg>
                              <arg name="voluntaryExcessAmount"></arg>
                              <arg name="bodyType"></arg>
                              <arg name="vehicleMake"></arg>
                              <arg name="grossVehicleWeight"></arg>
                            </mutation>
                            <value name="ARG0">
                              <block type="variables_get" id="OdH!C;N.?fvdztznyS0r">
                                <field name="VAR" id="]0Lfls0kyAdqz_xB{m(," variabletype="">coverType</field>
                              </block>
                            </value>
                            <value name="ARG1">
                              <block type="variables_get" id="F/4=wdFRX/q}S]n1IB5k">
                                <field name="VAR" id="QCb[IKSDvWc(^uCh/VFc" variabletype="">insuredValue</field>
                              </block>
                            </value>
                            <value name="ARG2">
                              <block type="variables_get" id="`sKc_Tg:_o#{;10}xh/H">
                                <field name="VAR" id="`lpU0q_2lu:@U5IfCIMj" variabletype="">voluntaryExcessAmount</field>
                              </block>
                            </value>
                            <value name="ARG3">
                              <block type="variables_get" id="+di5BAM|hA${|~Z-Ii9U">
                                <field name="VAR" id="b)#HJlK~^}CDaltoCh0:" variabletype="">bodyType</field>
                              </block>
                            </value>
                            <value name="ARG4">
                              <block type="variables_get" id="_o([%Bs()Fr(Iw0y$SL.">
                                <field name="VAR" id="p9A1l0V$4O5Z!o}6go{F" variabletype="">vehicleMake</field>
                              </block>
                            </value>
                            <value name="ARG5">
                              <block type="variables_get" id="-4,j^~ofp;rJ98/qChss">
                                <field name="VAR" id=".}E}#i=$S(qWAt{Lh7|0" variabletype="">grossVehicleWeight</field>
                              </block>
                            </value>
                          </block>
                        </next>
                      </block>
                    </next>
                  </block>
                </next>
              </block>
            </next>
          </block>
        </next>
      </block>
    </next>
  </block>
  <block type="procedures_defnoreturn" id="-s08p0mXsFDlr]x!zJLd" x="38" y="687">
    <mutation>
      <arg name="coverType" varid="]0Lfls0kyAdqz_xB{m(,"></arg>
      <arg name="insuredValue" varid="QCb[IKSDvWc(^uCh/VFc"></arg>
      <arg name="voluntaryExcessAmount" varid="`lpU0q_2lu:@U5IfCIMj"></arg>
      <arg name="bodyType" varid="b)#HJlK~^}CDaltoCh0:"></arg>
      <arg name="vehicleMake" varid="p9A1l0V$4O5Z!o}6go{F"></arg>
      <arg name="grossVehicleWeight" varid=".}E}#i=$S(qWAt{Lh7|0"></arg>
    </mutation>
    <field name="NAME">getExcesses</field>
    <comment pinned="false" h="80" w="160">Describe this function...</comment>
    <statement name="STACK">
      <block type="variables_set" id="n/7h*aUs=4YO)8O5W-?f">
        <field name="VAR" id="{%]FA[sRIg6HsZ6+*Yx#" variabletype="">tonsCategory</field>
        <value name="VALUE">
          <block type="procedures_callreturn" id="FRVL9=FJQHiKwsnoZ47%">
            <mutation name="getTonsDesc">
              <arg name="grossVehicleWeight"></arg>
            </mutation>
            <value name="ARG0">
              <block type="variables_get" id="u,}Pj.zuc5_[dS9{S3PX">
                <field name="VAR" id=".}E}#i=$S(qWAt{Lh7|0" variabletype="">grossVehicleWeight</field>
              </block>
            </value>
          </block>
        </value>
        <next>
          <block type="variables_set" id="!K%1xe?l}4W5F(TY2;^J">
            <field name="VAR" id="[a%E;xo~=`ZquKW+uGVz" variabletype="">excessGroup</field>
            <value name="VALUE">
              <block type="dataquery" id="u({#j1[W6X}VrFXYfc7`">
                <value name="tableName">
                  <block type="text" id="R:#:*%C07ZmrBkd`la}A">
                    <field name="TEXT">hkCommercialVehicle</field>
                  </block>
                </value>
                <value name="filterColumnNames">
                  <block type="lists_create_with" id="1{9`m/B_7,nK=zrKE`BX">
                    <mutation items="3"></mutation>
                    <value name="ADD0">
                      <block type="text" id="?y1XP-j`.+j@0uOqyhh@">
                        <field name="TEXT">bodyType</field>
                      </block>
                    </value>
                    <value name="ADD1">
                      <block type="text" id="zOy|.oi=SBuY7a[r_F{G">
                        <field name="TEXT">make</field>
                      </block>
                    </value>
                    <value name="ADD2">
                      <block type="text" id="2{3T8.);kc{~Sxs_w{X(">
                        <field name="TEXT">tons</field>
                      </block>
                    </value>
                  </block>
                </value>
                <value name="filterColumnValues">
                  <block type="lists_create_with" id="O`4u+8miT@JcU$fX=Qq:">
                    <mutation items="3"></mutation>
                    <value name="ADD0">
                      <block type="variables_get" id="eFY86h^U^:ULQU!A7[gu">
                        <field name="VAR" id="b)#HJlK~^}CDaltoCh0:" variabletype="">bodyType</field>
                      </block>
                    </value>
                    <value name="ADD1">
                      <block type="variables_get" id="#%(gH@Iftf}K@3l%vkZ`">
                        <field name="VAR" id="p9A1l0V$4O5Z!o}6go{F" variabletype="">vehicleMake</field>
                      </block>
                    </value>
                    <value name="ADD2">
                      <block type="variables_get" id="1!Z[1c=V;o{^Y{C}+I*8">
                        <field name="VAR" id="{%]FA[sRIg6HsZ6+*Yx#" variabletype="">tonsCategory</field>
                      </block>
                    </value>
                  </block>
                </value>
                <value name="outputColumn">
                  <block type="text" id="4,5w=W-;NIDjbWAgy/Kw">
                    <field name="TEXT">group</field>
                  </block>
                </value>
              </block>
            </value>
            <next>
              <block type="controls_if" id="[I{JO9:2mIi%=yz]Im^j">
                <value name="IF0">
                  <block type="logic_compare" id="`sfrRLY9k%p_s0a/?rpP">
                    <field name="OP">EQ</field>
                    <value name="A">
                      <block type="variables_get" id="QvG7;K:J=9qLMwn4-!7(">
                        <field name="VAR" id="]0Lfls0kyAdqz_xB{m(," variabletype="">coverType</field>
                      </block>
                    </value>
                    <value name="B">
                      <block type="text" id="d!X/zDCNe]Qvw!1n+Mjs">
                        <field name="TEXT">comprehensive</field>
                      </block>
                    </value>
                  </block>
                </value>
                <statement name="DO0">
                  <block type="variables_set" id="LO{92L)cdLNj*}yYuC5K">
                    <field name="VAR" id="29uZ9wR0OUO1*ht6!oKu" variabletype="">ownDamageExcessInsuredValuePercentage</field>
                    <value name="VALUE">
                      <block type="procedures_callreturn" id="+0Y_h%b48v@:q=rSN~ad">
                        <mutation name="getHkCvExcessTerm">
                          <arg name="group"></arg>
                          <arg name="field"></arg>
                        </mutation>
                        <value name="ARG0">
                          <block type="variables_get" id=",dGKvGtQ;GSjS,H4qsb=">
                            <field name="VAR" id="[a%E;xo~=`ZquKW+uGVz" variabletype="">excessGroup</field>
                          </block>
                        </value>
                        <value name="ARG1">
                          <block type="text" id="3-KF+An5^77;`xJ?Ekrb">
                            <field name="TEXT">ownDamageExcessInsuredValuePercentage</field>
                          </block>
                        </value>
                      </block>
                    </value>
                    <next>
                      <block type="variables_set" id="$[qSvO!-mt,c_(H|x}rZ">
                        <field name="VAR" id="=:-C|Wa(|,EKZtfgJ2Rn" variabletype="">ownDamageExcessMinimum</field>
                        <value name="VALUE">
                          <block type="procedures_callreturn" id="jOST`AMx|H}Dx[R#G,8Z">
                            <mutation name="getHkCvExcessTerm">
                              <arg name="group"></arg>
                              <arg name="field"></arg>
                            </mutation>
                            <value name="ARG0">
                              <block type="variables_get" id="A+f{T5:}3NkON}FaSE|#">
                                <field name="VAR" id="[a%E;xo~=`ZquKW+uGVz" variabletype="">excessGroup</field>
                              </block>
                            </value>
                            <value name="ARG1">
                              <block type="text" id="|e8BpF([sIy!A5~Ga06D">
                                <field name="TEXT">ownDamageMinimumExcess</field>
                              </block>
                            </value>
                          </block>
                        </value>
                        <next>
                          <block type="variables_set" id="7@*VMl5tkfH;1;5ZLX9`">
                            <field name="VAR" id="nn3]QnX;`H::Il=AxUH_" variabletype="">theftExcessInsuredValuePercentage</field>
                            <value name="VALUE">
                              <block type="procedures_callreturn" id="Z*Q1:Jb=7]8`oe@~()Ll">
                                <mutation name="getHkCvExcessTerm">
                                  <arg name="group"></arg>
                                  <arg name="field"></arg>
                                </mutation>
                                <value name="ARG0">
                                  <block type="variables_get" id="*=Q09C7[j-#lnIAe`Q/K">
                                    <field name="VAR" id="[a%E;xo~=`ZquKW+uGVz" variabletype="">excessGroup</field>
                                  </block>
                                </value>
                                <value name="ARG1">
                                  <block type="text" id="1K:87^;3#z_;+gAZnYiP">
                                    <field name="TEXT">theftExcessInsuredValuePercentage</field>
                                  </block>
                                </value>
                              </block>
                            </value>
                            <next>
                              <block type="variables_set" id="T`F^p!aJ0c9d(m,s2r.w">
                                <field name="VAR" id="NSAi;vm#}{k;riYzwd.7" variabletype="">theftExcessMinimum</field>
                                <value name="VALUE">
                                  <block type="procedures_callreturn" id="iC_:cx6wwK2T/Nyh$zL9">
                                    <mutation name="getHkCvExcessTerm">
                                      <arg name="group"></arg>
                                      <arg name="field"></arg>
                                    </mutation>
                                    <value name="ARG0">
                                      <block type="variables_get" id="3Y.+*`?}Yc^z/DGIH?J}">
                                        <field name="VAR" id="[a%E;xo~=`ZquKW+uGVz" variabletype="">excessGroup</field>
                                      </block>
                                    </value>
                                    <value name="ARG1">
                                      <block type="text" id="GMS]O-jdtx$Ic`:a|NH:">
                                        <field name="TEXT">theftExcessMinimumExcess</field>
                                      </block>
                                    </value>
                                  </block>
                                </value>
                                <next>
                                  <block type="variables_set" id="`Et^Tw1x4N)UH0a83v/~">
                                    <field name="VAR" id="gl]epy4*V`m`,x!^-:U|" variabletype="">ownDamageExcess</field>
                                    <value name="VALUE">
                                      <block type="bignumbercalculation" id=":a3pDq48n%cw6p1.bnb;">
                                        <field name="operation">"dividedBy"</field>
                                        <value name="bigNumber1">
                                          <block type="bignumbercalculation" id="ChC+@d.H,t|TPW[)PD?:">
                                            <field name="operation">"times"</field>
                                            <value name="bigNumber1">
                                              <block type="variables_get" id="M8%26?|QwQ8{O6O{%:kD">
                                                <field name="VAR" id="29uZ9wR0OUO1*ht6!oKu" variabletype="">ownDamageExcessInsuredValuePercentage</field>
                                              </block>
                                            </value>
                                            <value name="bigNumber2">
                                              <block type="variables_get" id="?N=]7HN_/5my@*|UCj=n">
                                                <field name="VAR" id="QCb[IKSDvWc(^uCh/VFc" variabletype="">insuredValue</field>
                                              </block>
                                            </value>
                                          </block>
                                        </value>
                                        <value name="bigNumber2">
                                          <block type="bignumber" id="FTBy_Lr^5Dl+hrk;?g#x">
                                            <field name="number">100</field>
                                          </block>
                                        </value>
                                      </block>
                                    </value>
                                    <next>
                                      <block type="controls_if" id="Bx/{^aL%`w?yI3I2V?:+">
                                        <value name="IF0">
                                          <block type="logic_compare" id="0D$#j2{;cZ6)EEi~(A-/">
                                            <field name="OP">LT</field>
                                            <value name="A">
                                              <block type="variables_get" id="R|BX/6laZP^cHgsFYs.%">
                                                <field name="VAR" id="gl]epy4*V`m`,x!^-:U|" variabletype="">ownDamageExcess</field>
                                              </block>
                                            </value>
                                            <value name="B">
                                              <block type="variables_get" id="j9m@ho?ouhnj7:.-*Sj+">
                                                <field name="VAR" id="=:-C|Wa(|,EKZtfgJ2Rn" variabletype="">ownDamageExcessMinimum</field>
                                              </block>
                                            </value>
                                          </block>
                                        </value>
                                        <statement name="DO0">
                                          <block type="variables_set" id="]jz32il4jF^{5QEQF7n+">
                                            <field name="VAR" id="gl]epy4*V`m`,x!^-:U|" variabletype="">ownDamageExcess</field>
                                            <value name="VALUE">
                                              <block type="bignumberfromstring" id="D4m6!4,X)#dBfP%|0BGJ">
                                                <value name="number">
                                                  <block type="variables_get" id="N]66z|W,)i/P.X(@b8{H">
                                                    <field name="VAR" id="=:-C|Wa(|,EKZtfgJ2Rn" variabletype="">ownDamageExcessMinimum</field>
                                                  </block>
                                                </value>
                                              </block>
                                            </value>
                                          </block>
                                        </statement>
                                        <next>
                                          <block type="variables_set" id="Gx}M`iVjK6l+s%6a!l!_">
                                            <field name="VAR" id=":zZW+5FwO$a-VA.hb{%l" variabletype="">theftExcess</field>
                                            <value name="VALUE">
                                              <block type="bignumbercalculation" id="pOZND}:H87+RBVD$bU6k">
                                                <field name="operation">"dividedBy"</field>
                                                <value name="bigNumber1">
                                                  <block type="bignumbercalculation" id="!!+`gN7uHl+?/,gTD]PZ">
                                                    <field name="operation">"times"</field>
                                                    <value name="bigNumber1">
                                                      <block type="variables_get" id="R#3?)4H*#mOH=E5Ke_f.">
                                                        <field name="VAR" id="nn3]QnX;`H::Il=AxUH_" variabletype="">theftExcessInsuredValuePercentage</field>
                                                      </block>
                                                    </value>
                                                    <value name="bigNumber2">
                                                      <block type="variables_get" id="EP^%zl;%T_bAFR1B#!U$">
                                                        <field name="VAR" id="QCb[IKSDvWc(^uCh/VFc" variabletype="">insuredValue</field>
                                                      </block>
                                                    </value>
                                                  </block>
                                                </value>
                                                <value name="bigNumber2">
                                                  <block type="bignumber" id=".BaBt/w`){+J?beAyeX5">
                                                    <field name="number">100</field>
                                                  </block>
                                                </value>
                                              </block>
                                            </value>
                                            <next>
                                              <block type="controls_if" id="WTj*4I]k]u!JA9@vSM#b">
                                                <value name="IF0">
                                                  <block type="logic_compare" id="B14:*BtLHIQu`gWimAp7">
                                                    <field name="OP">LT</field>
                                                    <value name="A">
                                                      <block type="variables_get" id="?*3|J9#02^~$O|S$mFUi">
                                                        <field name="VAR" id=":zZW+5FwO$a-VA.hb{%l" variabletype="">theftExcess</field>
                                                      </block>
                                                    </value>
                                                    <value name="B">
                                                      <block type="variables_get" id="D/#72Y=?K^^_={w=*6$;">
                                                        <field name="VAR" id="NSAi;vm#}{k;riYzwd.7" variabletype="">theftExcessMinimum</field>
                                                      </block>
                                                    </value>
                                                  </block>
                                                </value>
                                                <statement name="DO0">
                                                  <block type="variables_set" id="A@VeJ=zW^deF=`wE)=4C">
                                                    <field name="VAR" id=":zZW+5FwO$a-VA.hb{%l" variabletype="">theftExcess</field>
                                                    <value name="VALUE">
                                                      <block type="bignumberfromstring" id="!e+O3i{O2+(WWYHj6l]3">
                                                        <value name="number">
                                                          <block type="variables_get" id="Ma6ZY9?q_dE9ot:A[9}H">
                                                            <field name="VAR" id="NSAi;vm#}{k;riYzwd.7" variabletype="">theftExcessMinimum</field>
                                                          </block>
                                                        </value>
                                                      </block>
                                                    </value>
                                                  </block>
                                                </statement>
                                                <next>
                                                  <block type="variables_set" id="lZjy#Epo!Ts1vT]u/xN#">
                                                    <field name="VAR" id="n%-i/E6yY%WqB#fBPwO." variabletype="">ownDamageAmount</field>
                                                    <value name="VALUE">
                                                      <block type="variables_get" id="*B![epoW#Vo9w^Jo3{BV">
                                                        <field name="VAR" id="gl]epy4*V`m`,x!^-:U|" variabletype="">ownDamageExcess</field>
                                                      </block>
                                                    </value>
                                                    <next>
                                                      <block type="variables_set" id="Lp5).A^Spr`nkUfXpfH!">
                                                        <field name="VAR" id="SBF5SVJ[F;5N$Xm9kZ@W" variabletype="">theftAmount</field>
                                                        <value name="VALUE">
                                                          <block type="variables_get" id="`|Bsax;L8Tv8fOHfE=~e">
                                                            <field name="VAR" id=":zZW+5FwO$a-VA.hb{%l" variabletype="">theftExcess</field>
                                                          </block>
                                                        </value>
                                                        <next>
                                                          <block type="variables_set" id="y6Td2S_R+]vTX4m#gd|)">
                                                            <field name="VAR" id="Q@PyVe/y?QGUF!eO]j3/" variabletype="">youngDriverAmount</field>
                                                            <value name="VALUE">
                                                              <block type="procedures_callreturn" id="@_o7MM^q{lNAuQh7FoQ,">
                                                                <mutation name="getHkCvExcessTerm">
                                                                  <arg name="group"></arg>
                                                                  <arg name="field"></arg>
                                                                </mutation>
                                                                <value name="ARG0">
                                                                  <block type="variables_get" id="C9rl}kOKZEVk!@XZk-UC">
                                                                    <field name="VAR" id="[a%E;xo~=`ZquKW+uGVz" variabletype="">excessGroup</field>
                                                                  </block>
                                                                </value>
                                                                <value name="ARG1">
                                                                  <block type="text" id=",MNB.X}#lJi*G)rSgpBD">
                                                                    <field name="TEXT">youngDriverExcess</field>
                                                                  </block>
                                                                </value>
                                                              </block>
                                                            </value>
                                                            <next>
                                                              <block type="variables_set" id="qic6jF!6/oa.[k9^mSw[">
                                                                <field name="VAR" id="a9FJW3=)0@K50*=ICn_M" variabletype="">inexperiencedDriverAmount</field>
                                                                <value name="VALUE">
                                                                  <block type="procedures_callreturn" id="nRIFN=Gy}i!w/AKn5x-i">
                                                                    <mutation name="getHkCvExcessTerm">
                                                                      <arg name="group"></arg>
                                                                      <arg name="field"></arg>
                                                                    </mutation>
                                                                    <value name="ARG0">
                                                                      <block type="variables_get" id="r95qng`p/:%21XMOeM]R">
                                                                        <field name="VAR" id="[a%E;xo~=`ZquKW+uGVz" variabletype="">excessGroup</field>
                                                                      </block>
                                                                    </value>
                                                                    <value name="ARG1">
                                                                      <block type="text" id="`;j@n6)cnUr-V[Ky?TK;">
                                                                        <field name="TEXT">inexperiencedDriverExcess</field>
                                                                      </block>
                                                                    </value>
                                                                  </block>
                                                                </value>
                                                              </block>
                                                            </next>
                                                          </block>
                                                        </next>
                                                      </block>
                                                    </next>
                                                  </block>
                                                </next>
                                              </block>
                                            </next>
                                          </block>
                                        </next>
                                      </block>
                                    </next>
                                  </block>
                                </next>
                              </block>
                            </next>
                          </block>
                        </next>
                      </block>
                    </next>
                  </block>
                </statement>
                <next>
                  <block type="variables_set" id="*:Zl,S9ZtXp[9%QN4vnx">
                    <field name="VAR" id="b/7p/=8F`pJ+3IQj;/)*" variabletype="">tppdAmount</field>
                    <value name="VALUE">
                      <block type="procedures_callreturn" id="h4-{{n_p8,y-en9/nd(s">
                        <mutation name="getHkCvExcessTerm">
                          <arg name="group"></arg>
                          <arg name="field"></arg>
                        </mutation>
                        <value name="ARG0">
                          <block type="variables_get" id="Wxv;oA+(S_::?r:KxZFG">
                            <field name="VAR" id="[a%E;xo~=`ZquKW+uGVz" variabletype="">excessGroup</field>
                          </block>
                        </value>
                        <value name="ARG1">
                          <block type="text" id="xUX/9T%2V[+9OhQ2SJ#S">
                            <field name="TEXT">tppdExcess</field>
                          </block>
                        </value>
                      </block>
                    </value>
                    <next>
                      <block type="variables_set" id="Y3jM]!yXC^1i9e@5[L!X">
                        <field name="VAR" id="F[o{:#fV{XOz5Xbo_^8z" variabletype="">tppdYoungDriverAmount</field>
                        <value name="VALUE">
                          <block type="procedures_callreturn" id="Wusow;B}}LoDR]epD:K_">
                            <mutation name="getHkCvExcessTerm">
                              <arg name="group"></arg>
                              <arg name="field"></arg>
                            </mutation>
                            <value name="ARG0">
                              <block type="variables_get" id="%n%h=cs^~#v#dwp#},#D">
                                <field name="VAR" id="[a%E;xo~=`ZquKW+uGVz" variabletype="">excessGroup</field>
                              </block>
                            </value>
                            <value name="ARG1">
                              <block type="text" id="kAltZzK;_Lmkx:mpq9[o">
                                <field name="TEXT">tppdYoungDriverExcess</field>
                              </block>
                            </value>
                          </block>
                        </value>
                        <next>
                          <block type="variables_set" id="[?xSH.@=`G56Ubvd9sob">
                            <field name="VAR" id="3VF+o8(s1M|+Kot58e(z" variabletype="">tppdInexperienceDriverAmount</field>
                            <value name="VALUE">
                              <block type="procedures_callreturn" id="Y8]xaMwKKt/I)1MX2`Gt">
                                <mutation name="getHkCvExcessTerm">
                                  <arg name="group"></arg>
                                  <arg name="field"></arg>
                                </mutation>
                                <value name="ARG0">
                                  <block type="variables_get" id="jK$g9dh;1qLG]w@o4h(R">
                                    <field name="VAR" id="[a%E;xo~=`ZquKW+uGVz" variabletype="">excessGroup</field>
                                  </block>
                                </value>
                                <value name="ARG1">
                                  <block type="text" id="7Y$?F8+(^r,{`btw=-j~">
                                    <field name="TEXT">tppdInexperiencedDriverExcess</field>
                                  </block>
                                </value>
                              </block>
                            </value>
                            <next>
                              <block type="variables_set" id=".3o]?IA`1`/MXu6spx!:">
                                <field name="VAR" id="Fip|Yi1.Zh-]R*Kj16E+" variabletype="">voluntaryAmount</field>
                                <value name="VALUE">
                                  <block type="variables_get" id="#W5?pZN.~4#~82pEz9~{">
                                    <field name="VAR" id="`lpU0q_2lu:@U5IfCIMj" variabletype="">voluntaryExcessAmount</field>
                                  </block>
                                </value>
                              </block>
                            </next>
                          </block>
                        </next>
                      </block>
                    </next>
                  </block>
                </next>
              </block>
            </next>
          </block>
        </next>
      </block>
    </statement>
  </block>
</xml>