<xml xmlns="http://www.w3.org/1999/xhtml">
  <variables>
    <variable type="" id="Tu5o[F9zRpheZWkFE)%X">inputPremium</variable>
    <variable type="" id="jN(^(Uku`YKBK9X^pJ|p">youngestNamedDriverAge</variable>
    <variable type="" id="!ymP`Bf$geo{3w?d=2k_">coverType</variable>
    <variable type="" id="6WbI(I3gP9|R$c00GR)P">drivingExperience</variable>
    <variable type="" id="WNJ#r=VP0i(Q))xR^C.q">hasPoorClaimsRecord</variable>
    <variable type="" id="moiN)6LMiI;.PrD$pn%p">manufactureYear</variable>
    <variable type="" id="ne_Vpy,x,cmUnm}Bb-=E">businessCategory</variable>
    <variable type="" id="r#/8e=+/c[{jR_kbxjy}">occupation</variable>
    <variable type="" id="1]MEsFxtf~]|4KclduuM">vehicleAge</variable>
    <variable type="" id="Lf`EN#MWPwDhKgRQPNJC">commercialMotorYoungestNamedDriverAgeLoadingPercent</variable>
    <variable type="" id="!ZI4faHQ2uVO%P$c[+E5">commercialMotorYoungestNamedDriverAgeLoadingAmount</variable>
    <variable type="" id="z34t[qN!fDc5f0s8xM2p">commercialMotorInexperiencedDriverLoadingPercent</variable>
    <variable type="" id="W2%2{f/b;=mj^D@VKg%2">commercialMotorInexperiencedDriverLoadingAmount</variable>
    <variable type="" id="Ah0rMlbn1S2S*c:Y{Gy6">commercialMotorPoorClaimRecordLoadingPercent</variable>
    <variable type="" id="T4?eL6J1lg_J[%!Ht.%-">commercialMotorPoorClaimRecordLoadingAmount</variable>
    <variable type="" id="6KWY_brRYMo#fUz_iLue">unpreferredBusinessCategoryLoadingAmount</variable>
    <variable type="" id="mf/o,ZY%{:x@B^K6Iuu.">unpreferredBusinessCategoryLoadingPercent</variable>
    <variable type="" id="i[G#eBSAVr4}CTc,-+Ts">comprehensiveMinimumLoadingPercentage</variable>
    <variable type="" id="FU)2%EA36laL-ZN(mmgJ">thirdPartyMinimumLoadingPercentage</variable>
    <variable type="" id="i^$2,q`,{D(hVma!4~RB">unpreferredOccupationLoadingAmount</variable>
    <variable type="" id="qyuo|4`j8WS`cJ@xw!t*">commercialMotorOldAgeVehicleLoadingPercent</variable>
    <variable type="" id="JmQ}El~7m/f(+6c_DY]O">commercialMotorOldAgeVehicleLoadingAmount</variable>
    <variable type="" id="Pv76_m$IG7Q0YQrX0-(6">unpreferredOccupationLoadingPercent</variable>
    <variable type="" id="V,[bIpU-(r7wbRqGO#Z?">loadingPercent</variable>
    <variable type="" id="?z*Q,lIKOkC}n8U3w.!#">loadingAmount</variable>
    <variable type="" id="XV!Z]Jl$xYufP-1|LNjy">loadingPremium</variable>
  </variables>
  <block type="variables_set" id="Ph+(3J8+BB7xR32?p_y}" x="1588" y="-12">
    <field name="VAR" id="Tu5o[F9zRpheZWkFE)%X" variabletype="">inputPremium</field>
    <value name="VALUE">
      <block type="bignumber" id="@s1..CTnXzzON#RTP58r">
        <field name="number">9600</field>
      </block>
    </value>
    <next>
      <block type="procedures_callnoreturn" id="WS:t{Z+.~mER?c698|u+">
        <mutation name="getCommercialMotorYoungestNamedDriverAgeLoading">
          <arg name="youngestNamedDriverAge"></arg>
          <arg name="coverType"></arg>
          <arg name="inputPremium"></arg>
        </mutation>
        <value name="ARG0">
          <block type="bignumber" id="=.ls+S!QA,aK?%EwY:nx">
            <field name="number">20</field>
          </block>
        </value>
        <value name="ARG1">
          <block type="text" id="2T@}e%jBXt;k5;O^dR/D">
            <field name="TEXT">comprehensive</field>
          </block>
        </value>
        <value name="ARG2">
          <block type="variables_get" id=".;|SgnP`jLIn^KF#${wu">
            <field name="VAR" id="Tu5o[F9zRpheZWkFE)%X" variabletype="">inputPremium</field>
          </block>
        </value>
        <next>
          <block type="procedures_callnoreturn" id=")=7xin`+Ssi}@WN8waz=">
            <mutation name="getCommercialMotorInexperiencedDriverLoading">
              <arg name="drivingExperience"></arg>
              <arg name="coverType"></arg>
              <arg name="inputPremium"></arg>
            </mutation>
            <value name="ARG0">
              <block type="bignumber" id="_`[K~t3m#P3*Gu4mtTTj">
                <field name="number">18</field>
              </block>
            </value>
            <value name="ARG1">
              <block type="text" id="xK$,JcSM6yoHzHK)?$+N">
                <field name="TEXT">comprehensive</field>
              </block>
            </value>
            <value name="ARG2">
              <block type="variables_get" id="s(N27yO-8|)A8Li-[waa">
                <field name="VAR" id="Tu5o[F9zRpheZWkFE)%X" variabletype="">inputPremium</field>
              </block>
            </value>
            <next>
              <block type="procedures_callnoreturn" id="]FB`o:og;JagO^6p#5jI">
                <mutation name="getCommercialMotorPoorClaimRecordLoading">
                  <arg name="inputPremium"></arg>
                  <arg name="hasPoorClaimsRecord"></arg>
                </mutation>
                <value name="ARG0">
                  <block type="variables_get" id="wAxRhW::YCazUw.!hd0@">
                    <field name="VAR" id="Tu5o[F9zRpheZWkFE)%X" variabletype="">inputPremium</field>
                  </block>
                </value>
                <value name="ARG1">
                  <block type="logic_boolean" id="Z+R=B5p.67;9Ob0[6qA/">
                    <field name="BOOL">TRUE</field>
                  </block>
                </value>
                <next>
                  <block type="procedures_callnoreturn" id="EB5|F}XCHe6wr3#n9=8T">
                    <mutation name="getCommercialMotorOldAgeVehicleLoading">
                      <arg name="inputPremium"></arg>
                      <arg name="manufactureYear"></arg>
                      <arg name="coverType"></arg>
                    </mutation>
                    <value name="ARG0">
                      <block type="variables_get" id="vi%Glz5qkMq,9Z?DTjAb">
                        <field name="VAR" id="Tu5o[F9zRpheZWkFE)%X" variabletype="">inputPremium</field>
                      </block>
                    </value>
                    <value name="ARG1">
                      <block type="bignumber" id="h`RDlhtuhO2KsA-emPo8">
                        <field name="number">2015</field>
                      </block>
                    </value>
                    <value name="ARG2">
                      <block type="text" id="VA%{E1NoNEiTY!}dR0VP">
                        <field name="TEXT">comprehensive</field>
                      </block>
                    </value>
                    <next>
                      <block type="procedures_callnoreturn" id="RT:L(@Fme2c^grS8%OC(">
                        <mutation name="getCommercialMotorUnpreferredBusinessCategoryLoading">
                          <arg name="inputPremium"></arg>
                          <arg name="coverType"></arg>
                          <arg name="businessCategory"></arg>
                        </mutation>
                        <value name="ARG0">
                          <block type="variables_get" id="?}GB;NsZBNm!:7+^aN-(">
                            <field name="VAR" id="Tu5o[F9zRpheZWkFE)%X" variabletype="">inputPremium</field>
                          </block>
                        </value>
                        <value name="ARG1">
                          <block type="text" id="8(7BN4o170c(Ddy{X}^t">
                            <field name="TEXT">comprehensive</field>
                          </block>
                        </value>
                        <next>
                          <block type="procedures_callnoreturn" id="D)hW#i~@jDwWY_A2#~A+">
                            <mutation name="getCommercialMotorUnpreferredOccupationLoading">
                              <arg name="coverType"></arg>
                              <arg name="occupation"></arg>
                              <arg name="inputPremium"></arg>
                            </mutation>
                            <value name="ARG0">
                              <block type="text" id="vovTL;jO^x/M4aox:%9t">
                                <field name="TEXT">comprehensive</field>
                              </block>
                            </value>
                            <value name="ARG1">
                              <block type="text" id="j7e4mCXxF3Py/=CC@f9/">
                                <field name="TEXT">Jockey</field>
                              </block>
                            </value>
                            <value name="ARG2">
                              <block type="variables_get" id="d^JJDPo#}QnZcC:@Xw+5">
                                <field name="VAR" id="Tu5o[F9zRpheZWkFE)%X" variabletype="">inputPremium</field>
                              </block>
                            </value>
                            <next>
                              <block type="variables_set" id="NA1vWn]U*|s^0:kd,peC">
                                <field name="VAR" id="V,[bIpU-(r7wbRqGO#Z?" variabletype="">loadingPercent</field>
                                <value name="VALUE">
                                  <block type="bignumberlistoperation" id="[8A[cEL#mBN+Yogt-B0]">
                                    <field name="operation">"sum"</field>
                                    <value name="bigNumberList">
                                      <block type="lists_create_with" id="~Yj*FBhIm,]JS5F/~I#5">
                                        <mutation items="6"></mutation>
                                        <value name="ADD0">
                                          <block type="variables_get" id="5;W,t+6k;1zv%mt$JBze">
                                            <field name="VAR" id="Lf`EN#MWPwDhKgRQPNJC" variabletype="">commercialMotorYoungestNamedDriverAgeLoadingPercent</field>
                                          </block>
                                        </value>
                                        <value name="ADD1">
                                          <block type="variables_get" id="K!t|ktm$ErmPU:W/6x@4">
                                            <field name="VAR" id="z34t[qN!fDc5f0s8xM2p" variabletype="">commercialMotorInexperiencedDriverLoadingPercent</field>
                                          </block>
                                        </value>
                                        <value name="ADD2">
                                          <block type="variables_get" id="8-]E0_u!PBAVORy@2d96">
                                            <field name="VAR" id="Ah0rMlbn1S2S*c:Y{Gy6" variabletype="">commercialMotorPoorClaimRecordLoadingPercent</field>
                                          </block>
                                        </value>
                                        <value name="ADD3">
                                          <block type="variables_get" id="0MJyUZ0a$!=`{ZI!MVga">
                                            <field name="VAR" id="qyuo|4`j8WS`cJ@xw!t*" variabletype="">commercialMotorOldAgeVehicleLoadingPercent</field>
                                          </block>
                                        </value>
                                        <value name="ADD4">
                                          <block type="variables_get" id="!6Qkc?^,nXy%0]ui.+N]">
                                            <field name="VAR" id="mf/o,ZY%{:x@B^K6Iuu." variabletype="">unpreferredBusinessCategoryLoadingPercent</field>
                                          </block>
                                        </value>
                                        <value name="ADD5">
                                          <block type="variables_get" id="kv5|B%zW1UE$nmj;TQr]">
                                            <field name="VAR" id="Pv76_m$IG7Q0YQrX0-(6" variabletype="">unpreferredOccupationLoadingPercent</field>
                                          </block>
                                        </value>
                                      </block>
                                    </value>
                                  </block>
                                </value>
                                <next>
                                  <block type="variables_set" id="W+njYPZo:g%Z.p~.0h32">
                                    <field name="VAR" id="?z*Q,lIKOkC}n8U3w.!#" variabletype="">loadingAmount</field>
                                    <value name="VALUE">
                                      <block type="bignumbercalculation" id=")hfS,x_Jf{-@czno+l@h">
                                        <field name="operation">"times"</field>
                                        <value name="bigNumber1">
                                          <block type="bignumberpercent" id="W4,NFfXvk#a#|=|6ow1C">
                                            <value name="bigNumber">
                                              <block type="variables_get" id="/jIolq7R5A:m}y:J#6x7">
                                                <field name="VAR" id="V,[bIpU-(r7wbRqGO#Z?" variabletype="">loadingPercent</field>
                                              </block>
                                            </value>
                                          </block>
                                        </value>
                                        <value name="bigNumber2">
                                          <block type="variables_get" id="Nsr%7HRXUoq5u9bj{N4,">
                                            <field name="VAR" id="Tu5o[F9zRpheZWkFE)%X" variabletype="">inputPremium</field>
                                          </block>
                                        </value>
                                      </block>
                                    </value>
                                    <next>
                                      <block type="variables_set" id="!`IjF{)4+9SY,N:ywn`a">
                                        <field name="VAR" id="XV!Z]Jl$xYufP-1|LNjy" variabletype="">loadingPremium</field>
                                        <value name="VALUE">
                                          <block type="bignumbercalculation" id="5`t7n0%Yk|Fl2vb:-!Mf">
                                            <field name="operation">"plus"</field>
                                            <value name="bigNumber1">
                                              <block type="variables_get" id=";(ctxtxG90FXF{BoqROD">
                                                <field name="VAR" id="?z*Q,lIKOkC}n8U3w.!#" variabletype="">loadingAmount</field>
                                              </block>
                                            </value>
                                            <value name="bigNumber2">
                                              <block type="variables_get" id="MWwbKI]$xx79Y(37XTZb">
                                                <field name="VAR" id="Tu5o[F9zRpheZWkFE)%X" variabletype="">inputPremium</field>
                                              </block>
                                            </value>
                                          </block>
                                        </value>
                                      </block>
                                    </next>
                                  </block>
                                </next>
                              </block>
                            </next>
                          </block>
                        </next>
                      </block>
                    </next>
                  </block>
                </next>
              </block>
            </next>
          </block>
        </next>
      </block>
    </next>
  </block>
  <block type="procedures_defnoreturn" id="#+]M3*Dm4)~K6S1_4DVc" x="213" y="62">
    <mutation>
      <arg name="youngestNamedDriverAge" varid="jN(^(Uku`YKBK9X^pJ|p"></arg>
      <arg name="coverType" varid="!ymP`Bf$geo{3w?d=2k_"></arg>
      <arg name="inputPremium" varid="Tu5o[F9zRpheZWkFE)%X"></arg>
    </mutation>
    <field name="NAME">getCommercialMotorYoungestNamedDriverAgeLoading</field>
    <comment pinned="false" h="80" w="160">Describe this function...</comment>
    <statement name="STACK">
      <block type="controls_if" id="ZT6adPJqyaYHaQ~S4VXj">
        <mutation else="1"></mutation>
        <value name="IF0">
          <block type="logic_compare" id="Buc1}z{ZD^a]T(J3kO9z">
            <field name="OP">LT</field>
            <value name="A">
              <block type="variables_get" id="SZs8A[yA:lh[#-4gz.~)">
                <field name="VAR" id="jN(^(Uku`YKBK9X^pJ|p" variabletype="">youngestNamedDriverAge</field>
              </block>
            </value>
            <value name="B">
              <block type="bignumber" id="5GZOr|WERM#B,J!,28/+">
                <field name="number">25</field>
              </block>
            </value>
          </block>
        </value>
        <statement name="DO0">
          <block type="controls_if" id="Q|j7_)3.(tb=1c^G,?xn">
            <mutation elseif="1"></mutation>
            <value name="IF0">
              <block type="logic_compare" id="dL@pe]:5-e]eS8p1vH{k">
                <field name="OP">EQ</field>
                <value name="A">
                  <block type="variables_get" id="j;AI!#f/`Ev:,/|y3GZW">
                    <field name="VAR" id="!ymP`Bf$geo{3w?d=2k_" variabletype="">coverType</field>
                  </block>
                </value>
                <value name="B">
                  <block type="text" id="{{@[!jK1`-Aj@P.pg[/U">
                    <field name="TEXT">comprehensive</field>
                  </block>
                </value>
              </block>
            </value>
            <statement name="DO0">
              <block type="variables_set" id=":]1X7QdlztNXsotUh3:I">
                <field name="VAR" id="Lf`EN#MWPwDhKgRQPNJC" variabletype="">commercialMotorYoungestNamedDriverAgeLoadingPercent</field>
                <value name="VALUE">
                  <block type="bignumber" id="TMHID9D,Bb0p#tyzK`d;">
                    <field name="number">25</field>
                  </block>
                </value>
              </block>
            </statement>
            <value name="IF1">
              <block type="logic_compare" id=".V(woTc{F#W$G71M_48G">
                <field name="OP">EQ</field>
                <value name="A">
                  <block type="variables_get" id="=Dl(c{!5rR.A`,b(~aEu">
                    <field name="VAR" id="!ymP`Bf$geo{3w?d=2k_" variabletype="">coverType</field>
                  </block>
                </value>
                <value name="B">
                  <block type="text" id="A8H:b*wMG9SAH)V95^40">
                    <field name="TEXT">third party only</field>
                  </block>
                </value>
              </block>
            </value>
            <statement name="DO1">
              <block type="variables_set" id="Yr=y[=]P8rB%}Lf$7/8I">
                <field name="VAR" id="Lf`EN#MWPwDhKgRQPNJC" variabletype="">commercialMotorYoungestNamedDriverAgeLoadingPercent</field>
                <value name="VALUE">
                  <block type="bignumber" id="ZIKXM7u8S~9+{]jLDb9,">
                    <field name="number">50</field>
                  </block>
                </value>
              </block>
            </statement>
          </block>
        </statement>
        <statement name="ELSE">
          <block type="variables_set" id="Li!C[Grg:H~[bc@*q9TS">
            <field name="VAR" id="Lf`EN#MWPwDhKgRQPNJC" variabletype="">commercialMotorYoungestNamedDriverAgeLoadingPercent</field>
            <value name="VALUE">
              <block type="bignumber" id="8a]ars{(5*?|gR`~Wi~}">
                <field name="number">0</field>
              </block>
            </value>
          </block>
        </statement>
        <next>
          <block type="variables_set" id="/(D(%w}j/B%HJ)MdfV@O">
            <field name="VAR" id="!ZI4faHQ2uVO%P$c[+E5" variabletype="">commercialMotorYoungestNamedDriverAgeLoadingAmount</field>
            <value name="VALUE">
              <block type="bignumbercalculation" id=";`VicybSp}ab=v!h1gj|">
                <field name="operation">"times"</field>
                <value name="bigNumber1">
                  <block type="variables_get" id="_4sqC;r%/0%7v+xY}=?W">
                    <field name="VAR" id="Tu5o[F9zRpheZWkFE)%X" variabletype="">inputPremium</field>
                  </block>
                </value>
                <value name="bigNumber2">
                  <block type="bignumberpercent" id="k,jFaOuqSjQ5TN~/,vNu">
                    <value name="bigNumber">
                      <block type="variables_get" id="QqxF#%+IMaw{J{*D+.k#">
                        <field name="VAR" id="Lf`EN#MWPwDhKgRQPNJC" variabletype="">commercialMotorYoungestNamedDriverAgeLoadingPercent</field>
                      </block>
                    </value>
                  </block>
                </value>
              </block>
            </value>
          </block>
        </next>
      </block>
    </statement>
  </block>
  <block type="procedures_defnoreturn" id="la{Pf}+cv5gf|0GVk@f^" x="209" y="404">
    <mutation>
      <arg name="drivingExperience" varid="6WbI(I3gP9|R$c00GR)P"></arg>
      <arg name="coverType" varid="!ymP`Bf$geo{3w?d=2k_"></arg>
      <arg name="inputPremium" varid="Tu5o[F9zRpheZWkFE)%X"></arg>
    </mutation>
    <field name="NAME">getCommercialMotorInexperiencedDriverLoading</field>
    <comment pinned="false" h="80" w="160">Describe this function...</comment>
    <statement name="STACK">
      <block type="controls_if" id="]_d]bfFS^I2bYo6dryT0">
        <mutation else="1"></mutation>
        <value name="IF0">
          <block type="logic_compare" id=".f%U5gd1:FMFB]yyBs86">
            <field name="OP">LT</field>
            <value name="A">
              <block type="variables_get" id="Wmfq4;SC{QUry3{u8#uw">
                <field name="VAR" id="6WbI(I3gP9|R$c00GR)P" variabletype="">drivingExperience</field>
              </block>
            </value>
            <value name="B">
              <block type="bignumber" id="kt4A.,U0Xej9((YqJc,.">
                <field name="number">24</field>
              </block>
            </value>
          </block>
        </value>
        <statement name="DO0">
          <block type="controls_if" id="]f=t1#}GgGe4%M%3F@8a">
            <mutation elseif="1"></mutation>
            <value name="IF0">
              <block type="logic_compare" id="}*CJt@ybtyWd$sHF8kpB">
                <field name="OP">EQ</field>
                <value name="A">
                  <block type="variables_get" id="Av2xRdlB=UI:k?*FZE;H">
                    <field name="VAR" id="!ymP`Bf$geo{3w?d=2k_" variabletype="">coverType</field>
                  </block>
                </value>
                <value name="B">
                  <block type="text" id="K}Qg)12DICtB,C^Ioa)E">
                    <field name="TEXT">comprehensive</field>
                  </block>
                </value>
              </block>
            </value>
            <statement name="DO0">
              <block type="variables_set" id="ojNn@`fl|xk-Dmh@uDUY">
                <field name="VAR" id="z34t[qN!fDc5f0s8xM2p" variabletype="">commercialMotorInexperiencedDriverLoadingPercent</field>
                <value name="VALUE">
                  <block type="bignumber" id="[!l?):}S1|XuQq|syvKQ">
                    <field name="number">25</field>
                  </block>
                </value>
              </block>
            </statement>
            <value name="IF1">
              <block type="logic_compare" id="]S@#N^{GviGQmOd?ACFE">
                <field name="OP">EQ</field>
                <value name="A">
                  <block type="variables_get" id="(NV!j@!dL0L3LrDd|Ox(">
                    <field name="VAR" id="!ymP`Bf$geo{3w?d=2k_" variabletype="">coverType</field>
                  </block>
                </value>
                <value name="B">
                  <block type="text" id="35RCOQUmsaTXGpB+Y=#D">
                    <field name="TEXT">third party only</field>
                  </block>
                </value>
              </block>
            </value>
            <statement name="DO1">
              <block type="variables_set" id="4M#uzS_NWyR{zxl_~BD{">
                <field name="VAR" id="z34t[qN!fDc5f0s8xM2p" variabletype="">commercialMotorInexperiencedDriverLoadingPercent</field>
                <value name="VALUE">
                  <block type="bignumber" id="Vt+RIHm`8[8;?_|$0$N~">
                    <field name="number">50</field>
                  </block>
                </value>
              </block>
            </statement>
          </block>
        </statement>
        <statement name="ELSE">
          <block type="variables_set" id="aFxj1lEW]rOI0#3lMzK@">
            <field name="VAR" id="z34t[qN!fDc5f0s8xM2p" variabletype="">commercialMotorInexperiencedDriverLoadingPercent</field>
            <value name="VALUE">
              <block type="bignumber" id="zAR}6yM3c#om!r501U#)">
                <field name="number">0</field>
              </block>
            </value>
          </block>
        </statement>
        <next>
          <block type="variables_set" id="NkC-,8_;Nrmj6z|{=`qi">
            <field name="VAR" id="W2%2{f/b;=mj^D@VKg%2" variabletype="">commercialMotorInexperiencedDriverLoadingAmount</field>
            <value name="VALUE">
              <block type="bignumbercalculation" id="]KF2l#tQlH/y}$*V-QAH">
                <field name="operation">"times"</field>
                <value name="bigNumber1">
                  <block type="variables_get" id="O8a=~*WO(Gn.tefE/:84">
                    <field name="VAR" id="Tu5o[F9zRpheZWkFE)%X" variabletype="">inputPremium</field>
                  </block>
                </value>
                <value name="bigNumber2">
                  <block type="bignumberpercent" id="Vp4EjQyAS]2(0!bjbgGH">
                    <value name="bigNumber">
                      <block type="variables_get" id="TwYF.,(P$:Af+=ocU|Dn">
                        <field name="VAR" id="z34t[qN!fDc5f0s8xM2p" variabletype="">commercialMotorInexperiencedDriverLoadingPercent</field>
                      </block>
                    </value>
                  </block>
                </value>
              </block>
            </value>
          </block>
        </next>
      </block>
    </statement>
  </block>
  <block type="procedures_defnoreturn" id=")HrxrVg2e|~4/B?TQ0G;" x="213" y="763">
    <mutation>
      <arg name="inputPremium" varid="Tu5o[F9zRpheZWkFE)%X"></arg>
      <arg name="hasPoorClaimsRecord" varid="WNJ#r=VP0i(Q))xR^C.q"></arg>
    </mutation>
    <field name="NAME">getCommercialMotorPoorClaimRecordLoading</field>
    <comment pinned="false" h="80" w="160">Describe this function...</comment>
    <statement name="STACK">
      <block type="controls_if" id="3.a@Fw~Y,}C8#^6.3ej?">
        <mutation else="1"></mutation>
        <value name="IF0">
          <block type="variables_get" id="Y8ov7X7H-TR,`6-`y~5v">
            <field name="VAR" id="WNJ#r=VP0i(Q))xR^C.q" variabletype="">hasPoorClaimsRecord</field>
          </block>
        </value>
        <statement name="DO0">
          <block type="variables_set" id="oUfNUzx8?#jE)b}Jq5NW">
            <field name="VAR" id="Ah0rMlbn1S2S*c:Y{Gy6" variabletype="">commercialMotorPoorClaimRecordLoadingPercent</field>
            <value name="VALUE">
              <block type="bignumber" id="T8Qecc_iQO{F9^;.ugPM">
                <field name="number">15</field>
              </block>
            </value>
          </block>
        </statement>
        <statement name="ELSE">
          <block type="variables_set" id="@Hu^ULJ~*P{zF1vkIlLh">
            <field name="VAR" id="Ah0rMlbn1S2S*c:Y{Gy6" variabletype="">commercialMotorPoorClaimRecordLoadingPercent</field>
            <value name="VALUE">
              <block type="bignumber" id="gLn#BA/*{Fe.[{gVAphk">
                <field name="number">0</field>
              </block>
            </value>
          </block>
        </statement>
        <next>
          <block type="variables_set" id="ymfyuUzZew(n39iHd_nX">
            <field name="VAR" id="T4?eL6J1lg_J[%!Ht.%-" variabletype="">commercialMotorPoorClaimRecordLoadingAmount</field>
            <value name="VALUE">
              <block type="bignumbercalculation" id="b_^Bw)bI9W^fiUGXkrSx">
                <field name="operation">"times"</field>
                <value name="bigNumber1">
                  <block type="variables_get" id=";ck|w#p3b8GW,0D?jv2v">
                    <field name="VAR" id="Tu5o[F9zRpheZWkFE)%X" variabletype="">inputPremium</field>
                  </block>
                </value>
                <value name="bigNumber2">
                  <block type="bignumberpercent" id="sz;_QM*W%JgX_;]7ho9q">
                    <value name="bigNumber">
                      <block type="variables_get" id="Zzsde*g/d.zV}S3:{wkr">
                        <field name="VAR" id="Ah0rMlbn1S2S*c:Y{Gy6" variabletype="">commercialMotorPoorClaimRecordLoadingPercent</field>
                      </block>
                    </value>
                  </block>
                </value>
              </block>
            </value>
          </block>
        </next>
      </block>
    </statement>
  </block>
  <block type="procedures_defnoreturn" id="]w^Pbf/C~yOt$6/PXu.W" x="212" y="988">
    <mutation>
      <arg name="inputPremium" varid="Tu5o[F9zRpheZWkFE)%X"></arg>
      <arg name="manufactureYear" varid="moiN)6LMiI;.PrD$pn%p"></arg>
      <arg name="coverType" varid="!ymP`Bf$geo{3w?d=2k_"></arg>
    </mutation>
    <field name="NAME">getCommercialMotorOldAgeVehicleLoading</field>
    <comment pinned="false" h="80" w="160">Describe this function...</comment>
    <statement name="STACK">
      <block type="variables_set" id="^EW9+zMqP0M;*NnjcyE0">
        <field name="VAR" id="1]MEsFxtf~]|4KclduuM" variabletype="">vehicleAge</field>
        <value name="VALUE">
          <block type="bignumbercalculation" id="8nHb+*TVgy(00[==o{Yv">
            <field name="operation">"minus"</field>
            <value name="bigNumber1">
              <block type="bignumberfromstring" id="zZx)pCzZ3Fl?vCtPYReD">
                <value name="number">
                  <block type="currentyear" id="?sYMxX)llqEGg0Jdjnxl"></block>
                </value>
              </block>
            </value>
            <value name="bigNumber2">
              <block type="variables_get" id="TW=]@T2E}Ee![AN$3!8s">
                <field name="VAR" id="moiN)6LMiI;.PrD$pn%p" variabletype="">manufactureYear</field>
              </block>
            </value>
          </block>
        </value>
        <next>
          <block type="controls_if" id="!/Ki?;s2TY/?}qGH*l@%">
            <mutation elseif="1"></mutation>
            <value name="IF0">
              <block type="logic_compare" id="_e{6ep!C*]+j*oO/;1ID">
                <field name="OP">EQ</field>
                <value name="A">
                  <block type="variables_get" id="K@S}2{!=uFOIaxv$El4O">
                    <field name="VAR" id="!ymP`Bf$geo{3w?d=2k_" variabletype="">coverType</field>
                  </block>
                </value>
                <value name="B">
                  <block type="text" id="T(]~Y*DV|mc[%#aDyEN3">
                    <field name="TEXT">comprehensive</field>
                  </block>
                </value>
              </block>
            </value>
            <statement name="DO0">
              <block type="variables_set" id="TWwRXo#IyXyi_S{en~a)">
                <field name="VAR" id="qyuo|4`j8WS`cJ@xw!t*" variabletype="">commercialMotorOldAgeVehicleLoadingPercent</field>
                <value name="VALUE">
                  <block type="bignumber" id="Jjpqe0[NziI-B5_=jxs5">
                    <field name="number">0</field>
                  </block>
                </value>
              </block>
            </statement>
            <value name="IF1">
              <block type="logic_compare" id="O0Y}Vcc89v.[eHpM$.;q">
                <field name="OP">EQ</field>
                <value name="A">
                  <block type="variables_get" id=";.YDZ6m:jQt+MJlaZmr0">
                    <field name="VAR" id="!ymP`Bf$geo{3w?d=2k_" variabletype="">coverType</field>
                  </block>
                </value>
                <value name="B">
                  <block type="text" id="16P#ziw99`Z=5qxU8@7Z">
                    <field name="TEXT">third party only</field>
                  </block>
                </value>
              </block>
            </value>
            <statement name="DO1">
              <block type="controls_if" id="zKL0}^v;iam$6%A[DE4a">
                <mutation elseif="1"></mutation>
                <value name="IF0">
                  <block type="logic_operation" id="qaHT]XF5boA+rkx(K`40">
                    <field name="OP">AND</field>
                    <value name="A">
                      <block type="logic_compare" id="$sdFsZ#+rCT!]$G1rzb-">
                        <field name="OP">GTE</field>
                        <value name="A">
                          <block type="variables_get" id="P{~,f0p#Du`psX`_x?_F">
                            <field name="VAR" id="1]MEsFxtf~]|4KclduuM" variabletype="">vehicleAge</field>
                          </block>
                        </value>
                        <value name="B">
                          <block type="bignumber" id="X%WxHN(pF#jqMSenF18O">
                            <field name="number">10</field>
                          </block>
                        </value>
                      </block>
                    </value>
                    <value name="B">
                      <block type="logic_compare" id="Q/J!_jya](v.yVhuCi6y">
                        <field name="OP">LT</field>
                        <value name="A">
                          <block type="variables_get" id="Nk^2wLZB}l-@xfw9y5iA">
                            <field name="VAR" id="1]MEsFxtf~]|4KclduuM" variabletype="">vehicleAge</field>
                          </block>
                        </value>
                        <value name="B">
                          <block type="bignumber" id="kp(Nwlukz:|DO;4=9IQf">
                            <field name="number">15</field>
                          </block>
                        </value>
                      </block>
                    </value>
                  </block>
                </value>
                <statement name="DO0">
                  <block type="variables_set" id="Q.[$;*P#YdMoL@%ByFt!">
                    <field name="VAR" id="qyuo|4`j8WS`cJ@xw!t*" variabletype="">commercialMotorOldAgeVehicleLoadingPercent</field>
                    <value name="VALUE">
                      <block type="bignumber" id="e,U7P71d@F_{;}%]7ovK">
                        <field name="number">25</field>
                      </block>
                    </value>
                  </block>
                </statement>
                <value name="IF1">
                  <block type="logic_operation" id="j951#HL$vjGo;H+$17|[">
                    <field name="OP">AND</field>
                    <value name="A">
                      <block type="logic_compare" id="ArXKEHpbD%^*vhg%T8aP">
                        <field name="OP">GTE</field>
                        <value name="A">
                          <block type="variables_get" id="hRx^8oEnh0pTG~wi75pR">
                            <field name="VAR" id="1]MEsFxtf~]|4KclduuM" variabletype="">vehicleAge</field>
                          </block>
                        </value>
                        <value name="B">
                          <block type="bignumber" id="(RP6*fi.=FDR*NiQ=x=0">
                            <field name="number">15</field>
                          </block>
                        </value>
                      </block>
                    </value>
                    <value name="B">
                      <block type="logic_compare" id="BB~,1a(cq#bn?d{#Hk3N">
                        <field name="OP">LTE</field>
                        <value name="A">
                          <block type="variables_get" id=":c+`{|U(5#.]nd.1.xO4">
                            <field name="VAR" id="1]MEsFxtf~]|4KclduuM" variabletype="">vehicleAge</field>
                          </block>
                        </value>
                        <value name="B">
                          <block type="bignumber" id=":RZ@/P3j27F.v[RB[_3+">
                            <field name="number">16</field>
                          </block>
                        </value>
                      </block>
                    </value>
                  </block>
                </value>
                <statement name="DO1">
                  <block type="variables_set" id="jbbR95sng!!$q_z1zQAg">
                    <field name="VAR" id="qyuo|4`j8WS`cJ@xw!t*" variabletype="">commercialMotorOldAgeVehicleLoadingPercent</field>
                    <value name="VALUE">
                      <block type="bignumber" id="tZ!|z?H*JyC.Hg{7Sq)v">
                        <field name="number">50</field>
                      </block>
                    </value>
                  </block>
                </statement>
              </block>
            </statement>
            <next>
              <block type="variables_set" id="F8/`AZ04Riuji4[y$Z9k">
                <field name="VAR" id="JmQ}El~7m/f(+6c_DY]O" variabletype="">commercialMotorOldAgeVehicleLoadingAmount</field>
                <value name="VALUE">
                  <block type="bignumbercalculation" id="T(#|RFOotqNr9CFaGZ2O">
                    <field name="operation">"times"</field>
                    <value name="bigNumber1">
                      <block type="variables_get" id="`|nPp,jRR$r?PNKJ6ee.">
                        <field name="VAR" id="Tu5o[F9zRpheZWkFE)%X" variabletype="">inputPremium</field>
                      </block>
                    </value>
                    <value name="bigNumber2">
                      <block type="bignumberpercent" id="`L?VPaZ(`]w:%_Y|,7mu">
                        <value name="bigNumber">
                          <block type="variables_get" id="i}/V72a{)oJRi=0$|xQC">
                            <field name="VAR" id="qyuo|4`j8WS`cJ@xw!t*" variabletype="">commercialMotorOldAgeVehicleLoadingPercent</field>
                          </block>
                        </value>
                      </block>
                    </value>
                  </block>
                </value>
              </block>
            </next>
          </block>
        </next>
      </block>
    </statement>
  </block>
  <block type="procedures_defnoreturn" id="=.;?FC-11]~^a~Cd^8(2" x="213" y="1438">
    <mutation>
      <arg name="inputPremium" varid="Tu5o[F9zRpheZWkFE)%X"></arg>
      <arg name="coverType" varid="!ymP`Bf$geo{3w?d=2k_"></arg>
      <arg name="businessCategory" varid="ne_Vpy,x,cmUnm}Bb-=E"></arg>
    </mutation>
    <field name="NAME">getCommercialMotorUnpreferredBusinessCategoryLoading</field>
    <comment pinned="false" h="80" w="160">Describe this function...</comment>
    <statement name="STACK">
      <block type="controls_if" id="DEXG8x)P(XyYd*5fsCrs">
        <mutation else="1"></mutation>
        <value name="IF0">
          <block type="logic_compare" id="|}#|Jh%;,57npGroE-J1">
            <field name="OP">NEQ</field>
            <value name="A">
              <block type="variables_get" id="/*SdKu7~C7(|jJi)MEg#">
                <field name="VAR" id="ne_Vpy,x,cmUnm}Bb-=E" variabletype="">businessCategory</field>
              </block>
            </value>
            <value name="B">
              <block type="logic_null" id="-f/7nhZ4lt%yZ%0-ZlUQ"></block>
            </value>
          </block>
        </value>
        <statement name="DO0">
          <block type="controls_if" id="w$/z??D#)Z$vrlm?)UW^">
            <mutation elseif="1"></mutation>
            <value name="IF0">
              <block type="logic_compare" id="MZI-=^Hv-^#.{$4,9*1-">
                <field name="OP">EQ</field>
                <value name="A">
                  <block type="variables_get" id="2fmTZ8%sVA3TZA_/XU6m">
                    <field name="VAR" id="!ymP`Bf$geo{3w?d=2k_" variabletype="">coverType</field>
                  </block>
                </value>
                <value name="B">
                  <block type="text" id="5]!W%mgm/_lG+Se#ZKcU">
                    <field name="TEXT">comprehensive</field>
                  </block>
                </value>
              </block>
            </value>
            <statement name="DO0">
              <block type="variables_set" id="21N{aqsm!;E=MN;AH5Iz">
                <field name="VAR" id="i[G#eBSAVr4}CTc,-+Ts" variabletype="">comprehensiveMinimumLoadingPercentage</field>
                <value name="VALUE">
                  <block type="dataquery" id="rP}CWOlp?W@%tGllf|ae">
                    <value name="tableName">
                      <block type="text" id="yL/AT~aWl`7QWGV01znM">
                        <field name="TEXT">hkBusinessCategory</field>
                      </block>
                    </value>
                    <value name="filterColumnNames">
                      <block type="lists_create_with" id="{{k?Y,1j?ruD9MV:ZsC{">
                        <mutation items="1"></mutation>
                        <value name="ADD0">
                          <block type="text" id="]Ym9;JmWg8Zuu0)[QoCW">
                            <field name="TEXT">businessCategory</field>
                          </block>
                        </value>
                      </block>
                    </value>
                    <value name="filterColumnValues">
                      <block type="lists_create_with" id="f29B{m5!UA*dhq)qWuE#">
                        <mutation items="1"></mutation>
                        <value name="ADD0">
                          <block type="variables_get" id="FWfcN{5wYNM/[^9v=M}U">
                            <field name="VAR" id="ne_Vpy,x,cmUnm}Bb-=E" variabletype="">businessCategory</field>
                          </block>
                        </value>
                      </block>
                    </value>
                    <value name="outputColumn">
                      <block type="text" id="tCpz3?S^$@-J[#oPiy3x">
                        <field name="TEXT">comprehensiveMinimumLoadingPercentage</field>
                      </block>
                    </value>
                  </block>
                </value>
                <next>
                  <block type="controls_if" id="KJ[@U%2$gt_[;t1/sWYX">
                    <mutation else="1"></mutation>
                    <value name="IF0">
                      <block type="logic_compare" id="*Sxg[+|M1fCfzPUgWFmp">
                        <field name="OP">EQ</field>
                        <value name="A">
                          <block type="variables_get" id="4}Ek@@$yyYH(Kl(qqC[?">
                            <field name="VAR" id="i[G#eBSAVr4}CTc,-+Ts" variabletype="">comprehensiveMinimumLoadingPercentage</field>
                          </block>
                        </value>
                        <value name="B">
                          <block type="logic_null" id="zT6[BTA8+3y0bz/)~]Nw"></block>
                        </value>
                      </block>
                    </value>
                    <statement name="DO0">
                      <block type="variables_set" id="X9WcnwCnZ]y_S-WUWirB">
                        <field name="VAR" id="mf/o,ZY%{:x@B^K6Iuu." variabletype="">unpreferredBusinessCategoryLoadingPercent</field>
                        <value name="VALUE">
                          <block type="bignumber" id="%]wKUOqdD3_,Y,acXe;Q">
                            <field name="number">0</field>
                          </block>
                        </value>
                      </block>
                    </statement>
                    <statement name="ELSE">
                      <block type="variables_set" id="IWxESBBqiX2L!AhCxq$#">
                        <field name="VAR" id="mf/o,ZY%{:x@B^K6Iuu." variabletype="">unpreferredBusinessCategoryLoadingPercent</field>
                        <value name="VALUE">
                          <block type="bignumberfromstring" id="aKpIsvM%5pc*9u~X(41k">
                            <value name="number">
                              <block type="variables_get" id="vCn-2J+CzKlcx-.HSZEE">
                                <field name="VAR" id="i[G#eBSAVr4}CTc,-+Ts" variabletype="">comprehensiveMinimumLoadingPercentage</field>
                              </block>
                            </value>
                          </block>
                        </value>
                      </block>
                    </statement>
                  </block>
                </next>
              </block>
            </statement>
            <value name="IF1">
              <block type="logic_compare" id="SzCm:W:b^qgYaSe#7+iQ">
                <field name="OP">EQ</field>
                <value name="A">
                  <block type="variables_get" id="uaBS+3DhExC-wmBy,wm#">
                    <field name="VAR" id="!ymP`Bf$geo{3w?d=2k_" variabletype="">coverType</field>
                  </block>
                </value>
                <value name="B">
                  <block type="text" id="?!}jLl(Kg3pugp7Ire8x">
                    <field name="TEXT">third party only</field>
                  </block>
                </value>
              </block>
            </value>
            <statement name="DO1">
              <block type="variables_set" id="}bglr6#3a!!Wq$,eKOP+">
                <field name="VAR" id="FU)2%EA36laL-ZN(mmgJ" variabletype="">thirdPartyMinimumLoadingPercentage</field>
                <value name="VALUE">
                  <block type="dataquery" id="Q#~@tP`(X:to=s37@(;J">
                    <value name="tableName">
                      <block type="text" id="^r@;8.96[F!}!qVhsMV,">
                        <field name="TEXT">hkBusinessCategory</field>
                      </block>
                    </value>
                    <value name="filterColumnNames">
                      <block type="lists_create_with" id="7dc1RK(KC?7s=|utq/cW">
                        <mutation items="1"></mutation>
                        <value name="ADD0">
                          <block type="text" id="38EgP3m(ngAV^2o7MJh4">
                            <field name="TEXT">businessCategory</field>
                          </block>
                        </value>
                      </block>
                    </value>
                    <value name="filterColumnValues">
                      <block type="lists_create_with" id="m7W(rJ`hcGEVe^4^;vaX">
                        <mutation items="1"></mutation>
                        <value name="ADD0">
                          <block type="variables_get" id="Vk_/*{C_vq.VK#hh}:ID">
                            <field name="VAR" id="ne_Vpy,x,cmUnm}Bb-=E" variabletype="">businessCategory</field>
                          </block>
                        </value>
                      </block>
                    </value>
                    <value name="outputColumn">
                      <block type="text" id="6STJ$-x~7Uz~Wa=o{#db">
                        <field name="TEXT">thirdPartyMinimumLoadingPercentage</field>
                      </block>
                    </value>
                  </block>
                </value>
                <next>
                  <block type="controls_if" id="~JrCRUEA8mH7^wSKT`xI">
                    <mutation else="1"></mutation>
                    <value name="IF0">
                      <block type="logic_compare" id="=z8/^oc@Tfg|A%*2E(x1">
                        <field name="OP">EQ</field>
                        <value name="A">
                          <block type="variables_get" id="!P^;Ha[V8.Ahlky-]UBC">
                            <field name="VAR" id="FU)2%EA36laL-ZN(mmgJ" variabletype="">thirdPartyMinimumLoadingPercentage</field>
                          </block>
                        </value>
                        <value name="B">
                          <block type="logic_null" id="+^4a*jZ5;N]7*d1/bFFi"></block>
                        </value>
                      </block>
                    </value>
                    <statement name="DO0">
                      <block type="variables_set" id="h3r2j{qCA]2Q2OuiWfW[">
                        <field name="VAR" id="mf/o,ZY%{:x@B^K6Iuu." variabletype="">unpreferredBusinessCategoryLoadingPercent</field>
                        <value name="VALUE">
                          <block type="bignumber" id="U:gdnxo:]J#HIUV7/FKz">
                            <field name="number">0</field>
                          </block>
                        </value>
                      </block>
                    </statement>
                    <statement name="ELSE">
                      <block type="variables_set" id="Fa_p#-5]7UdhF$?]|I[i">
                        <field name="VAR" id="mf/o,ZY%{:x@B^K6Iuu." variabletype="">unpreferredBusinessCategoryLoadingPercent</field>
                        <value name="VALUE">
                          <block type="bignumberfromstring" id="3=Om_nCXJ$|W%Kmm7qYy">
                            <value name="number">
                              <block type="variables_get" id=";L7myI{f(KQVL[Ip;e-j">
                                <field name="VAR" id="FU)2%EA36laL-ZN(mmgJ" variabletype="">thirdPartyMinimumLoadingPercentage</field>
                              </block>
                            </value>
                          </block>
                        </value>
                      </block>
                    </statement>
                  </block>
                </next>
              </block>
            </statement>
          </block>
        </statement>
        <statement name="ELSE">
          <block type="variables_set" id="*`{{-:oEtdAU)=V/qC$7">
            <field name="VAR" id="mf/o,ZY%{:x@B^K6Iuu." variabletype="">unpreferredBusinessCategoryLoadingPercent</field>
            <value name="VALUE">
              <block type="bignumber" id="CG6HkHiJ!vBbOz%ZuO=d">
                <field name="number">0</field>
              </block>
            </value>
          </block>
        </statement>
        <next>
          <block type="variables_set" id="VsoAGM87v7suFmXeW%7X">
            <field name="VAR" id="6KWY_brRYMo#fUz_iLue" variabletype="">unpreferredBusinessCategoryLoadingAmount</field>
            <value name="VALUE">
              <block type="bignumbercalculation" id="f]q::ue:C[V!nj^RRlZr">
                <field name="operation">"times"</field>
                <value name="bigNumber1">
                  <block type="bignumbercalculation" id="{L[@JQ[_Mn~1rRmEq1|@">
                    <field name="operation">"dividedBy"</field>
                    <value name="bigNumber1">
                      <block type="variables_get" id="771?,%sA;1lHvtm*YyU+">
                        <field name="VAR" id="mf/o,ZY%{:x@B^K6Iuu." variabletype="">unpreferredBusinessCategoryLoadingPercent</field>
                      </block>
                    </value>
                    <value name="bigNumber2">
                      <block type="bignumber" id="_(7ip$+*$!`m/8r-s$l1">
                        <field name="number">100</field>
                      </block>
                    </value>
                  </block>
                </value>
                <value name="bigNumber2">
                  <block type="variables_get" id="ceKpP?[E-=p!gtpALP[!">
                    <field name="VAR" id="Tu5o[F9zRpheZWkFE)%X" variabletype="">inputPremium</field>
                  </block>
                </value>
              </block>
            </value>
          </block>
        </next>
      </block>
    </statement>
  </block>
  <block type="procedures_defnoreturn" id="jgq@V0,KADm#Es1q[?E}" x="243" y="2163">
    <mutation>
      <arg name="coverType" varid="!ymP`Bf$geo{3w?d=2k_"></arg>
      <arg name="occupation" varid="r#/8e=+/c[{jR_kbxjy}"></arg>
      <arg name="inputPremium" varid="Tu5o[F9zRpheZWkFE)%X"></arg>
    </mutation>
    <field name="NAME">getCommercialMotorUnpreferredOccupationLoading</field>
    <comment pinned="false" h="80" w="160">Describe this function...</comment>
    <statement name="STACK">
      <block type="controls_if" id="+Ory9)RK@zYBdK]*,q~g">
        <mutation elseif="1"></mutation>
        <value name="IF0">
          <block type="logic_compare" id="r~mn1(IO[!qtp`e)_q/M">
            <field name="OP">EQ</field>
            <value name="A">
              <block type="variables_get" id="Ek#R?Z7s2QM:e8U/WqZ%">
                <field name="VAR" id="!ymP`Bf$geo{3w?d=2k_" variabletype="">coverType</field>
              </block>
            </value>
            <value name="B">
              <block type="text" id="F1l3|315MRH;c7ts0V{(">
                <field name="TEXT">comprehensive</field>
              </block>
            </value>
          </block>
        </value>
        <statement name="DO0">
          <block type="variables_set" id="@S9+H~NvF3*.[8khj]Ti">
            <field name="VAR" id="i[G#eBSAVr4}CTc,-+Ts" variabletype="">comprehensiveMinimumLoadingPercentage</field>
            <value name="VALUE">
              <block type="dataquery" id="*=_pX5t3|-P6SA7wxlVc">
                <value name="tableName">
                  <block type="text" id="zWY%#vY#)!nLxsFIP1zz">
                    <field name="TEXT">hkOccupation</field>
                  </block>
                </value>
                <value name="filterColumnNames">
                  <block type="lists_create_with" id="`].NFh0$:HnMyEXjjuG3">
                    <mutation items="1"></mutation>
                    <value name="ADD0">
                      <block type="text" id="r5VIdq7E*$EU}+{X(cv-">
                        <field name="TEXT">occupation</field>
                      </block>
                    </value>
                  </block>
                </value>
                <value name="filterColumnValues">
                  <block type="lists_create_with" id="9}1Ly1O/ey-O+{R#dQj|">
                    <mutation items="1"></mutation>
                    <value name="ADD0">
                      <block type="variables_get" id="{n,%ZvMEV#2aK]fxWEi^">
                        <field name="VAR" id="r#/8e=+/c[{jR_kbxjy}" variabletype="">occupation</field>
                      </block>
                    </value>
                  </block>
                </value>
                <value name="outputColumn">
                  <block type="text" id="p.?9[QQW?gM_Mm^+E^Hv">
                    <field name="TEXT">comprehensiveMinimumLoadingPercentage</field>
                  </block>
                </value>
              </block>
            </value>
            <next>
              <block type="controls_if" id="5^]XzzEzupNul*+O,.QG">
                <mutation else="1"></mutation>
                <value name="IF0">
                  <block type="logic_compare" id="u.DJKN[pi8,=?J(_I!^[">
                    <field name="OP">EQ</field>
                    <value name="A">
                      <block type="variables_get" id=";.0Mz#1}wL1tkN=x/y*`">
                        <field name="VAR" id="i[G#eBSAVr4}CTc,-+Ts" variabletype="">comprehensiveMinimumLoadingPercentage</field>
                      </block>
                    </value>
                    <value name="B">
                      <block type="logic_null" id=")!L|QOKo)LnU;ohxo:i?"></block>
                    </value>
                  </block>
                </value>
                <statement name="DO0">
                  <block type="variables_set" id="v]1/l?@V:dh=T~9i:9@K">
                    <field name="VAR" id="Pv76_m$IG7Q0YQrX0-(6" variabletype="">unpreferredOccupationLoadingPercent</field>
                    <value name="VALUE">
                      <block type="bignumber" id="a|60qvi4-vc!hosfM`zQ">
                        <field name="number">0</field>
                      </block>
                    </value>
                  </block>
                </statement>
                <statement name="ELSE">
                  <block type="variables_set" id="L9[IPELesOvT~nS@-+pO">
                    <field name="VAR" id="Pv76_m$IG7Q0YQrX0-(6" variabletype="">unpreferredOccupationLoadingPercent</field>
                    <value name="VALUE">
                      <block type="bignumberfromstring" id="XA+;%({DXR.$zgz/fLf=">
                        <value name="number">
                          <block type="variables_get" id="NLWl;Sh4nS]Rnn(j4Uef">
                            <field name="VAR" id="i[G#eBSAVr4}CTc,-+Ts" variabletype="">comprehensiveMinimumLoadingPercentage</field>
                          </block>
                        </value>
                      </block>
                    </value>
                  </block>
                </statement>
              </block>
            </next>
          </block>
        </statement>
        <value name="IF1">
          <block type="logic_compare" id="S4(CJvMGt:+DrkI_F?:H">
            <field name="OP">EQ</field>
            <value name="A">
              <block type="variables_get" id="q3xN9A)?k$njQ{xkfuE?">
                <field name="VAR" id="!ymP`Bf$geo{3w?d=2k_" variabletype="">coverType</field>
              </block>
            </value>
            <value name="B">
              <block type="text" id="Y()v#RPe,e@WN;H#|l]}">
                <field name="TEXT">third party only</field>
              </block>
            </value>
          </block>
        </value>
        <statement name="DO1">
          <block type="variables_set" id="8$l3aZwT$}d!g.a=1f;q">
            <field name="VAR" id="FU)2%EA36laL-ZN(mmgJ" variabletype="">thirdPartyMinimumLoadingPercentage</field>
            <value name="VALUE">
              <block type="dataquery" id="P`59|jm3/$IsF#MVZq@)">
                <value name="tableName">
                  <block type="text" id="0Sx3NDc1[53!yixa|Xt[">
                    <field name="TEXT">hkOccupation</field>
                  </block>
                </value>
                <value name="filterColumnNames">
                  <block type="lists_create_with" id="-w%@]cF:fhBQ?G:3pXn=">
                    <mutation items="1"></mutation>
                    <value name="ADD0">
                      <block type="text" id="}oOm9O{MI-Re^{qpg(aU">
                        <field name="TEXT">occupation</field>
                      </block>
                    </value>
                  </block>
                </value>
                <value name="filterColumnValues">
                  <block type="lists_create_with" id="?b$wC--T?jhuSDd4ZmJ:">
                    <mutation items="1"></mutation>
                    <value name="ADD0">
                      <block type="variables_get" id=";zC,ytWr6GZ;B+e0i0MH">
                        <field name="VAR" id="r#/8e=+/c[{jR_kbxjy}" variabletype="">occupation</field>
                      </block>
                    </value>
                  </block>
                </value>
                <value name="outputColumn">
                  <block type="text" id="979$dUTI9.13gwb?p(QJ">
                    <field name="TEXT">thirdPartyMinimumLoadingPercentage</field>
                  </block>
                </value>
              </block>
            </value>
            <next>
              <block type="controls_if" id="@udnTiZxV}XwgD7S6=bQ">
                <mutation else="1"></mutation>
                <value name="IF0">
                  <block type="logic_compare" id="QFEyHr:!yMbv*|S|ahR9">
                    <field name="OP">EQ</field>
                    <value name="A">
                      <block type="variables_get" id="dip^S30fe3?~A)Zyqr6a">
                        <field name="VAR" id="FU)2%EA36laL-ZN(mmgJ" variabletype="">thirdPartyMinimumLoadingPercentage</field>
                      </block>
                    </value>
                    <value name="B">
                      <block type="logic_null" id="FKxRkFWBu4Or*[Yr_6X3"></block>
                    </value>
                  </block>
                </value>
                <statement name="DO0">
                  <block type="variables_set" id="VY3Bm0tAH@{C@)R5Wl_i">
                    <field name="VAR" id="Pv76_m$IG7Q0YQrX0-(6" variabletype="">unpreferredOccupationLoadingPercent</field>
                    <value name="VALUE">
                      <block type="bignumber" id="ZO-B3H@2uzIcS?/4h,/[">
                        <field name="number">0</field>
                      </block>
                    </value>
                  </block>
                </statement>
                <statement name="ELSE">
                  <block type="variables_set" id=",z!PSw}(UoH!Z?1%s:J@">
                    <field name="VAR" id="Pv76_m$IG7Q0YQrX0-(6" variabletype="">unpreferredOccupationLoadingPercent</field>
                    <value name="VALUE">
                      <block type="bignumberfromstring" id="%,DjXj23pw@Av?YfcER6">
                        <value name="number">
                          <block type="variables_get" id="Imgac+M8NWO3F+$a6+=j">
                            <field name="VAR" id="FU)2%EA36laL-ZN(mmgJ" variabletype="">thirdPartyMinimumLoadingPercentage</field>
                          </block>
                        </value>
                      </block>
                    </value>
                  </block>
                </statement>
              </block>
            </next>
          </block>
        </statement>
        <next>
          <block type="variables_set" id="JIOEnA8,I%U4oeBBuA!Q">
            <field name="VAR" id="i^$2,q`,{D(hVma!4~RB" variabletype="">unpreferredOccupationLoadingAmount</field>
            <value name="VALUE">
              <block type="bignumbercalculation" id="8@RK@k4pYMr.ZFC,_GY6">
                <field name="operation">"times"</field>
                <value name="bigNumber1">
                  <block type="bignumbercalculation" id="Wk(TqLk[V+oHp`3XLIh0">
                    <field name="operation">"dividedBy"</field>
                    <value name="bigNumber1">
                      <block type="variables_get" id="s+w^uYntw%Tamdr|F#nv">
                        <field name="VAR" id="Pv76_m$IG7Q0YQrX0-(6" variabletype="">unpreferredOccupationLoadingPercent</field>
                      </block>
                    </value>
                    <value name="bigNumber2">
                      <block type="bignumber" id="#jEb3lzQw0@=~=_rx]3x">
                        <field name="number">100</field>
                      </block>
                    </value>
                  </block>
                </value>
                <value name="bigNumber2">
                  <block type="variables_get" id="3H~joPzbeqQJ7;jx/F2a">
                    <field name="VAR" id="Tu5o[F9zRpheZWkFE)%X" variabletype="">inputPremium</field>
                  </block>
                </value>
              </block>
            </value>
          </block>
        </next>
      </block>
    </statement>
  </block>
</xml>