<xml xmlns="http://www.w3.org/1999/xhtml">
  <variables>
    <variable type="" id="K%.(MKK0nbx7Rl$?aL0J">inputPremium</variable>
    <variable type="" id="H:4i0;q=qR{4K]Fh-F(/">voluntaryExcessAmount</variable>
    <variable type="" id="!D$j0Hyu_6voTbx|fC+u">lookupValue</variable>
    <variable type="" id="Jjw]#[Z+h;AeK]NIO=|l">voluntaryExcessDiscountPercent</variable>
    <variable type="" id="d?w`T-k~j_?[;j[ssrL_">voluntaryExcessDiscountAmount</variable>
    <variable type="" id="@KDu/O2Y=;LJG`{*fMsZ">voluntaryExcessDiscountPremium</variable>
  </variables>
  <block type="procedures_defnoreturn" id="gD-(:.I]gE$FG|vy_Ij|" x="213" y="188">
    <mutation>
      <arg name="inputPremium" varid="K%.(MKK0nbx7Rl$?aL0J"></arg>
      <arg name="voluntaryExcessAmount" varid="H:4i0;q=qR{4K]Fh-F(/"></arg>
    </mutation>
    <field name="NAME">getVoluntaryExcessDiscount</field>
    <comment pinned="false" h="80" w="160">Describe this function...</comment>
    <statement name="STACK">
      <block type="variables_set" id="oIo%(iRkPR+wFbnw(5Jn">
        <field name="VAR" id="!D$j0Hyu_6voTbx|fC+u" variabletype="">lookupValue</field>
        <value name="VALUE">
          <block type="dataquery" id="8#n[$;7~yzjtO|=gvuev">
            <value name="tableName">
              <block type="text" id="I)v7_k2%J;vMFxdb-PPR">
                <field name="TEXT">hkCommercialVehicleVoluntaryExcess</field>
              </block>
            </value>
            <value name="filterColumnNames">
              <block type="lists_create_with" id="p36s(FH;HrF;-,?NToUG">
                <mutation items="1"></mutation>
                <value name="ADD0">
                  <block type="text" id="}StNrs:tI-pCt5h_]URO">
                    <field name="TEXT">voluntaryExcessAmount</field>
                  </block>
                </value>
              </block>
            </value>
            <value name="filterColumnValues">
              <block type="lists_create_with" id="b6+Q:qs:[Ocw0+OL-o--">
                <mutation items="1"></mutation>
                <value name="ADD0">
                  <block type="variables_get" id="a:k;NjKV=)2Ra0iWQvy$">
                    <field name="VAR" id="H:4i0;q=qR{4K]Fh-F(/" variabletype="">voluntaryExcessAmount</field>
                  </block>
                </value>
              </block>
            </value>
            <value name="outputColumn">
              <block type="text" id="NGgh..d8dQZ@#=6!ns)E">
                <field name="TEXT">discountPercentage</field>
              </block>
            </value>
          </block>
        </value>
        <next>
          <block type="controls_if" id="|aG_tidm)p!bfA~!vM#a">
            <mutation else="1"></mutation>
            <value name="IF0">
              <block type="logic_compare" id="4{C]$oG]iIvjcUm@AL{?">
                <field name="OP">EQ</field>
                <value name="A">
                  <block type="variables_get" id="~.O[=IGF$NVod,+U|LQ/">
                    <field name="VAR" id="!D$j0Hyu_6voTbx|fC+u" variabletype="">lookupValue</field>
                  </block>
                </value>
                <value name="B">
                  <block type="logic_null" id="Wx#yjT#jM?3!49m{zEW+"></block>
                </value>
              </block>
            </value>
            <statement name="DO0">
              <block type="variables_set" id="~TR^Vc41,RO=BbB#%B_E">
                <field name="VAR" id="Jjw]#[Z+h;AeK]NIO=|l" variabletype="">voluntaryExcessDiscountPercent</field>
                <value name="VALUE">
                  <block type="bignumber" id="|]sMc7f6T:IE[#YAC6L:">
                    <field name="number">0</field>
                  </block>
                </value>
              </block>
            </statement>
            <statement name="ELSE">
              <block type="variables_set" id="0Xj@90CJJSIS^sQi}#N$">
                <field name="VAR" id="Jjw]#[Z+h;AeK]NIO=|l" variabletype="">voluntaryExcessDiscountPercent</field>
                <value name="VALUE">
                  <block type="bignumberfromstring" id="l4]`h_Dqc/ELrQuUBq9^">
                    <value name="number">
                      <block type="variables_get" id="`b_O[}FGwBLi$n.h2F35">
                        <field name="VAR" id="!D$j0Hyu_6voTbx|fC+u" variabletype="">lookupValue</field>
                      </block>
                    </value>
                  </block>
                </value>
              </block>
            </statement>
            <next>
              <block type="variables_set" id="@6GNQo9p(L6%V[S:vh#-">
                <field name="VAR" id="d?w`T-k~j_?[;j[ssrL_" variabletype="">voluntaryExcessDiscountAmount</field>
                <value name="VALUE">
                  <block type="bignumbercalculation" id="Pd^n_Nq=pK/+H*!-``x@">
                    <field name="operation">"times"</field>
                    <value name="bigNumber1">
                      <block type="variables_get" id="rh|m|x64fwZ73+2+ht3n">
                        <field name="VAR" id="K%.(MKK0nbx7Rl$?aL0J" variabletype="">inputPremium</field>
                      </block>
                    </value>
                    <value name="bigNumber2">
                      <block type="bignumberpercent" id="hB+8d|xtW5u3xQCCQ@11">
                        <value name="bigNumber">
                          <block type="variables_get" id="aFsOim)nw5bW=%3R?icg">
                            <field name="VAR" id="Jjw]#[Z+h;AeK]NIO=|l" variabletype="">voluntaryExcessDiscountPercent</field>
                          </block>
                        </value>
                      </block>
                    </value>
                  </block>
                </value>
              </block>
            </next>
          </block>
        </next>
      </block>
    </statement>
  </block>
  <block type="variables_set" id="=ZCn`g-K35py4RX,UB@," x="1137" y="188">
    <field name="VAR" id="K%.(MKK0nbx7Rl$?aL0J" variabletype="">inputPremium</field>
    <value name="VALUE">
      <block type="bignumber" id="tQAIJGR_b@AtW|%u{@{D">
        <field name="number">9600</field>
      </block>
    </value>
    <next>
      <block type="variables_set" id="[_,:Cuf.)B?;fjE.0iED">
        <field name="VAR" id="H:4i0;q=qR{4K]Fh-F(/" variabletype="">voluntaryExcessAmount</field>
        <value name="VALUE">
          <block type="bignumber" id="f/{$%##PGwLG9%:k]oT*">
            <field name="number">5000</field>
          </block>
        </value>
        <next>
          <block type="procedures_callnoreturn" id="]_y!]Sa{m^F9cOiW-:,`">
            <mutation name="getVoluntaryExcessDiscount">
              <arg name="inputPremium"></arg>
              <arg name="voluntaryExcessAmount"></arg>
            </mutation>
            <value name="ARG0">
              <block type="variables_get" id="^h0D:jyTwhg28$UgAc/d">
                <field name="VAR" id="K%.(MKK0nbx7Rl$?aL0J" variabletype="">inputPremium</field>
              </block>
            </value>
            <value name="ARG1">
              <block type="variables_get" id="Eh0Ldz]_x0,tE]8]{?t|">
                <field name="VAR" id="H:4i0;q=qR{4K]Fh-F(/" variabletype="">voluntaryExcessAmount</field>
              </block>
            </value>
            <next>
              <block type="variables_set" id="CK{o/t`~|Hp~xlUgwtIA">
                <field name="VAR" id="@KDu/O2Y=;LJG`{*fMsZ" variabletype="">voluntaryExcessDiscountPremium</field>
                <value name="VALUE">
                  <block type="bignumbercalculation" id="%x*]VqjS/!)X[xttXP/t">
                    <field name="operation">"minus"</field>
                    <value name="bigNumber1">
                      <block type="variables_get" id="Q1vtL=Z8oD[xLB+o9/9E">
                        <field name="VAR" id="K%.(MKK0nbx7Rl$?aL0J" variabletype="">inputPremium</field>
                      </block>
                    </value>
                    <value name="bigNumber2">
                      <block type="variables_get" id="=G#vE3RL5sE+5TdJuBrZ">
                        <field name="VAR" id="d?w`T-k~j_?[;j[ssrL_" variabletype="">voluntaryExcessDiscountAmount</field>
                      </block>
                    </value>
                  </block>
                </value>
              </block>
            </next>
          </block>
        </next>
      </block>
    </next>
  </block>
</xml>