<xml xmlns="http://www.w3.org/1999/xhtml">
  <variables>
    <variable type="" id="8a3BG;#hi|RJs#V/le7^">coverType</variable>
    <variable type="" id="(!kHAm^K*DifA?U|m(@n">grossVehicleWeight</variable>
    <variable type="" id="U%AABqDL}QR+4@;3tcPz">insuredValue</variable>
    <variable type="" id="Hlxdjf|A(yapi,u7euwY">bodyType</variable>
    <variable type="" id="`yl:zu!h1,~iEA{n/*#;">basicTariffPremium</variable>
  </variables>
  <block type="procedures_defreturn" id="}b0ZSYpTI/NyhxrMXy9e" x="88" y="113">
    <mutation>
      <arg name="coverType" varid="8a3BG;#hi|RJs#V/le7^"></arg>
      <arg name="grossVehicleWeight" varid="(!kHAm^K*DifA?U|m(@n"></arg>
      <arg name="insuredValue" varid="U%AABqDL}QR+4@;3tcPz"></arg>
      <arg name="bodyType" varid="Hlxdjf|A(yapi,u7euwY"></arg>
    </mutation>
    <field name="NAME">getBasicTariffPremium</field>
    <comment pinned="false" h="80" w="160">Describe this function...</comment>
    <statement name="STACK">
      <block type="controls_if" id="CzNQ}xIYL2p!pcg3j:3-">
        <mutation elseif="1"></mutation>
        <value name="IF0">
          <block type="logic_compare" id="+*zqy(+2XcuXlQzvI0p`">
            <field name="OP">EQ</field>
            <value name="A">
              <block type="variables_get" id="|~Nq#4J0-IH=?3ReN6FU">
                <field name="VAR" id="8a3BG;#hi|RJs#V/le7^" variabletype="">coverType</field>
              </block>
            </value>
            <value name="B">
              <block type="text" id="UhX[t0Y^P$5Ko~JIg$Gx">
                <field name="TEXT">comprehensive</field>
              </block>
            </value>
          </block>
        </value>
        <statement name="DO0">
          <block type="controls_if" id="!+8EznAWc$|h$O6wyrhg">
            <mutation else="1"></mutation>
            <value name="IF0">
              <block type="logic_compare" id="5P7E8f~@:mCTZa2Si?p5">
                <field name="OP">EQ</field>
                <value name="A">
                  <block type="variables_get" id="W(rWX!_hc^--CP7So6#f">
                    <field name="VAR" id="Hlxdjf|A(yapi,u7euwY" variabletype="">bodyType</field>
                  </block>
                </value>
                <value name="B">
                  <block type="text" id="[^0UC/tp*i~Cm?V/qj+b">
                    <field name="TEXT">Tractor</field>
                  </block>
                </value>
              </block>
            </value>
            <statement name="DO0">
              <block type="variables_set" id="^%Zg*rX(8psVi[B(!o)M">
                <field name="VAR" id="`yl:zu!h1,~iEA{n/*#;" variabletype="">basicTariffPremium</field>
                <value name="VALUE">
                  <block type="bignumbercalculation" id="y#8UN)$qE-o?CVZ{m_9q">
                    <field name="operation">"plus"</field>
                    <value name="bigNumber1">
                      <block type="bignumber" id="JOyE.gOB7^N^W%%!S3~x">
                        <field name="number">14700</field>
                      </block>
                    </value>
                    <value name="bigNumber2">
                      <block type="bignumbercalculation" id="5?a]s(m,-I|h-~5($By2">
                        <field name="operation">"times"</field>
                        <value name="bigNumber1">
                          <block type="variables_get" id="W1mED?iT/IlWJU@H5/(P">
                            <field name="VAR" id="U%AABqDL}QR+4@;3tcPz" variabletype="">insuredValue</field>
                          </block>
                        </value>
                        <value name="bigNumber2">
                          <block type="bignumberpercent" id="7PIk6B1^Wa?~{JOWBhGI">
                            <value name="bigNumber">
                              <block type="bignumber" id="-b8L!`Y2NH/Bht:^`@,~">
                                <field name="number">4.2</field>
                              </block>
                            </value>
                          </block>
                        </value>
                      </block>
                    </value>
                  </block>
                </value>
                <next>
                  <block type="controls_if" id="~*])rq~=c123W]wVdU|N">
                    <value name="IF0">
                      <block type="numbercomparison" id="3siu6G8,Kg^eHJd{i5LP">
                        <field name="operation">"LT"</field>
                        <value name="bigNumber1">
                          <block type="variables_get" id="^}xK!tcI4DAtIqb_*-HX">
                            <field name="VAR" id="`yl:zu!h1,~iEA{n/*#;" variabletype="">basicTariffPremium</field>
                          </block>
                        </value>
                        <value name="bigNumber2">
                          <block type="bignumber" id="mM6`AnhrVJ#+_Y]eCLv5">
                            <field name="number">15700</field>
                          </block>
                        </value>
                      </block>
                    </value>
                    <statement name="DO0">
                      <block type="variables_set" id="VikFOWBYk={7,`N^{XyF">
                        <field name="VAR" id="`yl:zu!h1,~iEA{n/*#;" variabletype="">basicTariffPremium</field>
                        <value name="VALUE">
                          <block type="bignumber" id="A;5+:D2-fo|E,Bsv6ck{">
                            <field name="number">15700</field>
                          </block>
                        </value>
                      </block>
                    </statement>
                  </block>
                </next>
              </block>
            </statement>
            <statement name="ELSE">
              <block type="controls_if" id="%?z-:f+#Tzs+hSY4n%Jt">
                <mutation elseif="2" else="1"></mutation>
                <value name="IF0">
                  <block type="numbercomparison" id="+Fe7cBj$:AI[9pUrtEw5">
                    <field name="operation">"LTE"</field>
                    <value name="bigNumber1">
                      <block type="variables_get" id="D~3(HrFtIi6OrOH12jH:">
                        <field name="VAR" id="(!kHAm^K*DifA?U|m(@n" variabletype="">grossVehicleWeight</field>
                      </block>
                    </value>
                    <value name="bigNumber2">
                      <block type="bignumber" id="=c1mHK?eN@t)zTm{~XQF">
                        <field name="number">1.9</field>
                      </block>
                    </value>
                  </block>
                </value>
                <statement name="DO0">
                  <block type="variables_set" id="PocNZ~5@y2-uQO3PUUI?">
                    <field name="VAR" id="`yl:zu!h1,~iEA{n/*#;" variabletype="">basicTariffPremium</field>
                    <value name="VALUE">
                      <block type="bignumbercalculation" id="I]Ap^Cc.Tzc4*~RYr3*z">
                        <field name="operation">"plus"</field>
                        <value name="bigNumber1">
                          <block type="bignumber" id="7@w4KHrWK#HnA8!wsl=5">
                            <field name="number">10000</field>
                          </block>
                        </value>
                        <value name="bigNumber2">
                          <block type="bignumbercalculation" id="uMCclz64t#-oc{zZwE2S">
                            <field name="operation">"times"</field>
                            <value name="bigNumber1">
                              <block type="variables_get" id="q$}{{NSa`(T5m.nf_JE,">
                                <field name="VAR" id="U%AABqDL}QR+4@;3tcPz" variabletype="">insuredValue</field>
                              </block>
                            </value>
                            <value name="bigNumber2">
                              <block type="bignumberpercent" id="Jy!%:.noSsYYdW4a}@/m">
                                <value name="bigNumber">
                                  <block type="bignumber" id="gRg#$AMGpP=?J717L2`:">
                                    <field name="number">10.5</field>
                                  </block>
                                </value>
                              </block>
                            </value>
                          </block>
                        </value>
                      </block>
                    </value>
                    <next>
                      <block type="controls_if" id="Z5KhYlg@bq,VTx3D@N25">
                        <value name="IF0">
                          <block type="numbercomparison" id="CQrjI:jKN2)%b)T!^!/%">
                            <field name="operation">"LT"</field>
                            <value name="bigNumber1">
                              <block type="variables_get" id="9f_JMoH3h3eT`)FLPeDX">
                                <field name="VAR" id="`yl:zu!h1,~iEA{n/*#;" variabletype="">basicTariffPremium</field>
                              </block>
                            </value>
                            <value name="bigNumber2">
                              <block type="bignumber" id="HuTFYZH%tc76;*z|97}[">
                                <field name="number">11000</field>
                              </block>
                            </value>
                          </block>
                        </value>
                        <statement name="DO0">
                          <block type="variables_set" id="]T,qe-@^CCO$pb.h4$}R">
                            <field name="VAR" id="`yl:zu!h1,~iEA{n/*#;" variabletype="">basicTariffPremium</field>
                            <value name="VALUE">
                              <block type="bignumber" id="}Pbzpl[f6eN}k=YyxccR">
                                <field name="number">11000</field>
                              </block>
                            </value>
                          </block>
                        </statement>
                      </block>
                    </next>
                  </block>
                </statement>
                <value name="IF1">
                  <block type="logic_operation" id="%kO:5n0O{VO9hD(~I!DD">
                    <field name="OP">AND</field>
                    <value name="A">
                      <block type="numbercomparison" id="L~s~Leh5U:g-W(wp9n)v">
                        <field name="operation">"GT"</field>
                        <value name="bigNumber1">
                          <block type="variables_get" id="6EB!`tUjeG,Yp`U#fT?k">
                            <field name="VAR" id="(!kHAm^K*DifA?U|m(@n" variabletype="">grossVehicleWeight</field>
                          </block>
                        </value>
                        <value name="bigNumber2">
                          <block type="bignumber" id="iQf4NEU)nAzx[u?m]?:r">
                            <field name="number">1.9</field>
                          </block>
                        </value>
                      </block>
                    </value>
                    <value name="B">
                      <block type="numbercomparison" id="0Uf^)uI}aQXL:bY%2VTf">
                        <field name="operation">"LTE"</field>
                        <value name="bigNumber1">
                          <block type="variables_get" id="JmLXI`yXNBI!c91?nu{.">
                            <field name="VAR" id="(!kHAm^K*DifA?U|m(@n" variabletype="">grossVehicleWeight</field>
                          </block>
                        </value>
                        <value name="bigNumber2">
                          <block type="bignumber" id="r0+In@tj1dL,B-EgY]I{">
                            <field name="number">5.5</field>
                          </block>
                        </value>
                      </block>
                    </value>
                  </block>
                </value>
                <statement name="DO1">
                  <block type="variables_set" id="rmx=nV2F}bE(V$h%ttud">
                    <field name="VAR" id="`yl:zu!h1,~iEA{n/*#;" variabletype="">basicTariffPremium</field>
                    <value name="VALUE">
                      <block type="bignumbercalculation" id="eOt.T0H%RyxtRNL%]_!D">
                        <field name="operation">"plus"</field>
                        <value name="bigNumber1">
                          <block type="bignumber" id="wBCb:4Mt;.j0!Ex2U1oE">
                            <field name="number">10000</field>
                          </block>
                        </value>
                        <value name="bigNumber2">
                          <block type="bignumbercalculation" id="p!CuN-fUlA-{M9Hs(T{p">
                            <field name="operation">"times"</field>
                            <value name="bigNumber1">
                              <block type="variables_get" id="WA?:2PDG60tsYp8`h,@X">
                                <field name="VAR" id="U%AABqDL}QR+4@;3tcPz" variabletype="">insuredValue</field>
                              </block>
                            </value>
                            <value name="bigNumber2">
                              <block type="bignumberpercent" id="D5Yz_`M`YdNb0i(B2G4p">
                                <value name="bigNumber">
                                  <block type="bignumber" id="p%)u:H.myzg%B%UG[$=,">
                                    <field name="number">6.3</field>
                                  </block>
                                </value>
                              </block>
                            </value>
                          </block>
                        </value>
                      </block>
                    </value>
                    <next>
                      <block type="controls_if" id="xT}mg{sr$oIM_A9736`2">
                        <value name="IF0">
                          <block type="numbercomparison" id="1ud!OZrHyrgRQy}y1!er">
                            <field name="operation">"LT"</field>
                            <value name="bigNumber1">
                              <block type="variables_get" id="dxFi?sAwsB`rf[[{;[Sb">
                                <field name="VAR" id="`yl:zu!h1,~iEA{n/*#;" variabletype="">basicTariffPremium</field>
                              </block>
                            </value>
                            <value name="bigNumber2">
                              <block type="bignumber" id="z$vWEH2Dl,BH$MAF6tJ`">
                                <field name="number">11000</field>
                              </block>
                            </value>
                          </block>
                        </value>
                        <statement name="DO0">
                          <block type="variables_set" id="ANWU,FnL_c*+6Hat8d[l">
                            <field name="VAR" id="`yl:zu!h1,~iEA{n/*#;" variabletype="">basicTariffPremium</field>
                            <value name="VALUE">
                              <block type="bignumber" id="~/n5qT,C;uSKyQw-W!1T">
                                <field name="number">11000</field>
                              </block>
                            </value>
                          </block>
                        </statement>
                      </block>
                    </next>
                  </block>
                </statement>
                <value name="IF2">
                  <block type="logic_operation" id="2y%)PR$^{T:ee6E^!Vn5">
                    <field name="OP">AND</field>
                    <value name="A">
                      <block type="numbercomparison" id="gOs.q86|q:-RB}|w#,-T">
                        <field name="operation">"GT"</field>
                        <value name="bigNumber1">
                          <block type="variables_get" id="_|{X.(U|mZaJ2PF-L!Rh">
                            <field name="VAR" id="(!kHAm^K*DifA?U|m(@n" variabletype="">grossVehicleWeight</field>
                          </block>
                        </value>
                        <value name="bigNumber2">
                          <block type="bignumber" id="_]m^!od_trGgRkoUp$[]">
                            <field name="number">5.5</field>
                          </block>
                        </value>
                      </block>
                    </value>
                    <value name="B">
                      <block type="numbercomparison" id="U$r=#);=8JPQvfR^6k;_">
                        <field name="operation">"LTE"</field>
                        <value name="bigNumber1">
                          <block type="variables_get" id=")vt6RO|(4uPg/jQ~F8Am">
                            <field name="VAR" id="(!kHAm^K*DifA?U|m(@n" variabletype="">grossVehicleWeight</field>
                          </block>
                        </value>
                        <value name="bigNumber2">
                          <block type="bignumber" id="1Avkl?r[_2L7Dj`0?T;{">
                            <field name="number">24</field>
                          </block>
                        </value>
                      </block>
                    </value>
                  </block>
                </value>
                <statement name="DO2">
                  <block type="variables_set" id="GLcH%H7k5)9!_zsPlKC{">
                    <field name="VAR" id="`yl:zu!h1,~iEA{n/*#;" variabletype="">basicTariffPremium</field>
                    <value name="VALUE">
                      <block type="bignumbercalculation" id="H^/NnC6stDPw]_%fiii@">
                        <field name="operation">"plus"</field>
                        <value name="bigNumber1">
                          <block type="bignumber" id="r+c:2F-zK[8CrFs7jD%u">
                            <field name="number">10000</field>
                          </block>
                        </value>
                        <value name="bigNumber2">
                          <block type="bignumbercalculation" id="7D(C?G2r|(1/k6*0NE2*">
                            <field name="operation">"times"</field>
                            <value name="bigNumber1">
                              <block type="variables_get" id="qp~~2#),Ez8K.ziHY7-G">
                                <field name="VAR" id="U%AABqDL}QR+4@;3tcPz" variabletype="">insuredValue</field>
                              </block>
                            </value>
                            <value name="bigNumber2">
                              <block type="bignumberpercent" id="zE~I`?oEC~4?llfw$4f}">
                                <value name="bigNumber">
                                  <block type="bignumber" id="9QUhZhg,ui`ocI7X`$(~">
                                    <field name="number">4.2</field>
                                  </block>
                                </value>
                              </block>
                            </value>
                          </block>
                        </value>
                      </block>
                    </value>
                    <next>
                      <block type="controls_if" id="ubELKu;O60`x:;r`]DDp">
                        <value name="IF0">
                          <block type="numbercomparison" id="H6l0lu9PR?Q`,i2/klss">
                            <field name="operation">"LT"</field>
                            <value name="bigNumber1">
                              <block type="variables_get" id="QB?7TpV+ax~mhvGiY,B.">
                                <field name="VAR" id="`yl:zu!h1,~iEA{n/*#;" variabletype="">basicTariffPremium</field>
                              </block>
                            </value>
                            <value name="bigNumber2">
                              <block type="bignumber" id="+q=^mDVv/MtI/;!74|v)">
                                <field name="number">11000</field>
                              </block>
                            </value>
                          </block>
                        </value>
                        <statement name="DO0">
                          <block type="variables_set" id="v(vd0izMyn#PJc!Q~amX">
                            <field name="VAR" id="`yl:zu!h1,~iEA{n/*#;" variabletype="">basicTariffPremium</field>
                            <value name="VALUE">
                              <block type="bignumber" id="nflj0W_+4.Zvd;*=ohUH">
                                <field name="number">11000</field>
                              </block>
                            </value>
                          </block>
                        </statement>
                      </block>
                    </next>
                  </block>
                </statement>
                <statement name="ELSE">
                  <block type="variables_set" id="!cDLOLAGw~ZCQ;^WM7Sf">
                    <field name="VAR" id="`yl:zu!h1,~iEA{n/*#;" variabletype="">basicTariffPremium</field>
                    <value name="VALUE">
                      <block type="bignumbercalculation" id="mO8($*+gr`yqC%74h[7X">
                        <field name="operation">"plus"</field>
                        <value name="bigNumber1">
                          <block type="bignumber" id="05CyB,s4752ky|u/?!N#">
                            <field name="number">10000</field>
                          </block>
                        </value>
                        <value name="bigNumber2">
                          <block type="bignumbercalculation" id=")Vc+#(W8w6#,+nB]FG+N">
                            <field name="operation">"times"</field>
                            <value name="bigNumber1">
                              <block type="variables_get" id="IFN3i=n/!Vv.kp*?AE8U">
                                <field name="VAR" id="U%AABqDL}QR+4@;3tcPz" variabletype="">insuredValue</field>
                              </block>
                            </value>
                            <value name="bigNumber2">
                              <block type="bignumberpercent" id="`hEdc=dTzQ6w?]m{rC@/">
                                <value name="bigNumber">
                                  <block type="bignumber" id="0^:,:]D`($.-elSRsiQc">
                                    <field name="number">4.2</field>
                                  </block>
                                </value>
                              </block>
                            </value>
                          </block>
                        </value>
                      </block>
                    </value>
                    <next>
                      <block type="controls_if" id="cIlM+Y$y=w~x3(l0h.A@">
                        <value name="IF0">
                          <block type="numbercomparison" id="Ugs1Iq4SJ=S#yP{=!5m_">
                            <field name="operation">"LT"</field>
                            <value name="bigNumber1">
                              <block type="variables_get" id="n+t0~p7F1;W6x;dX^wsM">
                                <field name="VAR" id="`yl:zu!h1,~iEA{n/*#;" variabletype="">basicTariffPremium</field>
                              </block>
                            </value>
                            <value name="bigNumber2">
                              <block type="bignumber" id="()wq`^X{C$FT[VW1GxwT">
                                <field name="number">11000</field>
                              </block>
                            </value>
                          </block>
                        </value>
                        <statement name="DO0">
                          <block type="variables_set" id="i_ON~o)_yIj+^yD)SRja">
                            <field name="VAR" id="`yl:zu!h1,~iEA{n/*#;" variabletype="">basicTariffPremium</field>
                            <value name="VALUE">
                              <block type="bignumber" id="A(Z{XiKsXqO6j(W%t}]W">
                                <field name="number">11000</field>
                              </block>
                            </value>
                          </block>
                        </statement>
                      </block>
                    </next>
                  </block>
                </statement>
              </block>
            </statement>
          </block>
        </statement>
        <value name="IF1">
          <block type="logic_compare" id="Kl|}1TbEJ%%9)zyg_$67">
            <field name="OP">EQ</field>
            <value name="A">
              <block type="variables_get" id="xqf.S*[!1i#=sQJ}S0Y~">
                <field name="VAR" id="8a3BG;#hi|RJs#V/le7^" variabletype="">coverType</field>
              </block>
            </value>
            <value name="B">
              <block type="text" id="6QGC5dOi*?;+N@gT$pgr">
                <field name="TEXT">third party only</field>
              </block>
            </value>
          </block>
        </value>
        <statement name="DO1">
          <block type="controls_if" id="qQM(uO6.w4nFYx:hSER4">
            <mutation else="1"></mutation>
            <value name="IF0">
              <block type="logic_compare" id="Yxw.jdEVF@0uuZL3mQNC">
                <field name="OP">EQ</field>
                <value name="A">
                  <block type="variables_get" id="qr)r4q+8LH!AN3m?_xcY">
                    <field name="VAR" id="Hlxdjf|A(yapi,u7euwY" variabletype="">bodyType</field>
                  </block>
                </value>
                <value name="B">
                  <block type="text" id=")CLvZn-/5Iw2ICU$0RBa">
                    <field name="TEXT">Tractor</field>
                  </block>
                </value>
              </block>
            </value>
            <statement name="DO0">
              <block type="variables_set" id="+h3Xq#LLp8G6r8PF}#N:">
                <field name="VAR" id="`yl:zu!h1,~iEA{n/*#;" variabletype="">basicTariffPremium</field>
                <value name="VALUE">
                  <block type="bignumber" id="((`cf7%xcj2I4rcuDYL%">
                    <field name="number">7900</field>
                  </block>
                </value>
              </block>
            </statement>
            <statement name="ELSE">
              <block type="controls_if" id="~=bjM:fQ3WK2mWY2u47H">
                <mutation elseif="3"></mutation>
                <value name="IF0">
                  <block type="numbercomparison" id=";vyMeuJ2Wzu2]q$Y_DY3">
                    <field name="operation">"LTE"</field>
                    <value name="bigNumber1">
                      <block type="variables_get" id="=ah`)ZaHpT7u,CY*p.Bf">
                        <field name="VAR" id="(!kHAm^K*DifA?U|m(@n" variabletype="">grossVehicleWeight</field>
                      </block>
                    </value>
                    <value name="bigNumber2">
                      <block type="bignumber" id="0[psTYjgs*pm9_SKR:=i">
                        <field name="number">1.9</field>
                      </block>
                    </value>
                  </block>
                </value>
                <statement name="DO0">
                  <block type="variables_set" id="w]0OG?NZ+*cK+Itl?yin">
                    <field name="VAR" id="`yl:zu!h1,~iEA{n/*#;" variabletype="">basicTariffPremium</field>
                    <value name="VALUE">
                      <block type="bignumber" id="GKCl=Y)-XaF4Z@IE2,DV">
                        <field name="number">7400</field>
                      </block>
                    </value>
                  </block>
                </statement>
                <value name="IF1">
                  <block type="logic_operation" id="0B7EX(}{gO-lk)C-x[o*">
                    <field name="OP">AND</field>
                    <value name="A">
                      <block type="numbercomparison" id="8R_kdpj[_)pF]MphjNje">
                        <field name="operation">"GT"</field>
                        <value name="bigNumber1">
                          <block type="variables_get" id="k7Ji3b|ny_%lOy.j4,M%">
                            <field name="VAR" id="(!kHAm^K*DifA?U|m(@n" variabletype="">grossVehicleWeight</field>
                          </block>
                        </value>
                        <value name="bigNumber2">
                          <block type="bignumber" id="u.Z^#%*Cim_nFkeWoRwz">
                            <field name="number">1.9</field>
                          </block>
                        </value>
                      </block>
                    </value>
                    <value name="B">
                      <block type="numbercomparison" id="LWv43Prs^.IZOg3$irzD">
                        <field name="operation">"LTE"</field>
                        <value name="bigNumber1">
                          <block type="variables_get" id="5aqpm`BtIDf(mAA!pKys">
                            <field name="VAR" id="(!kHAm^K*DifA?U|m(@n" variabletype="">grossVehicleWeight</field>
                          </block>
                        </value>
                        <value name="bigNumber2">
                          <block type="bignumber" id="}Twupe!k@f%LI(/Mit:l">
                            <field name="number">5.5</field>
                          </block>
                        </value>
                      </block>
                    </value>
                  </block>
                </value>
                <statement name="DO1">
                  <block type="variables_set" id="Cudq2@2ExyExpg=4|XWV">
                    <field name="VAR" id="`yl:zu!h1,~iEA{n/*#;" variabletype="">basicTariffPremium</field>
                    <value name="VALUE">
                      <block type="bignumber" id="ZD48=epo!L/E^wWTLG3w">
                        <field name="number">7400</field>
                      </block>
                    </value>
                  </block>
                </statement>
                <value name="IF2">
                  <block type="logic_operation" id="X},0.KD/qnbv[{?1`%b#">
                    <field name="OP">AND</field>
                    <value name="A">
                      <block type="numbercomparison" id="Z2hT7pe?t)k_nlwb|Qa}">
                        <field name="operation">"GT"</field>
                        <value name="bigNumber1">
                          <block type="variables_get" id="J22NyQ^=K(hQxc!qJNE#">
                            <field name="VAR" id="(!kHAm^K*DifA?U|m(@n" variabletype="">grossVehicleWeight</field>
                          </block>
                        </value>
                        <value name="bigNumber2">
                          <block type="bignumber" id="k,{qSz[[Ru_B0Kx(/ZgB">
                            <field name="number">5.5</field>
                          </block>
                        </value>
                      </block>
                    </value>
                    <value name="B">
                      <block type="numbercomparison" id="FlR=9$,c3/2apw1=sD}u">
                        <field name="operation">"LTE"</field>
                        <value name="bigNumber1">
                          <block type="variables_get" id="-d2B(32tDfsQ/7gHT6=9">
                            <field name="VAR" id="(!kHAm^K*DifA?U|m(@n" variabletype="">grossVehicleWeight</field>
                          </block>
                        </value>
                        <value name="bigNumber2">
                          <block type="bignumber" id="HHlRz^AGO{AMZacC_HNx">
                            <field name="number">24</field>
                          </block>
                        </value>
                      </block>
                    </value>
                  </block>
                </value>
                <statement name="DO2">
                  <block type="variables_set" id="D|g^On1MU6O%p|{1O1eX">
                    <field name="VAR" id="`yl:zu!h1,~iEA{n/*#;" variabletype="">basicTariffPremium</field>
                    <value name="VALUE">
                      <block type="bignumber" id="A8;(s?lZ$TJ7GS(%k/i3">
                        <field name="number">7900</field>
                      </block>
                    </value>
                  </block>
                </statement>
                <value name="IF3">
                  <block type="numbercomparison" id="IVUBj]c3[MY%,rB)IrE.">
                    <field name="operation">"GT"</field>
                    <value name="bigNumber1">
                      <block type="variables_get" id="*LadeH#a|W)D1o~Q=8Pq">
                        <field name="VAR" id="(!kHAm^K*DifA?U|m(@n" variabletype="">grossVehicleWeight</field>
                      </block>
                    </value>
                    <value name="bigNumber2">
                      <block type="bignumber" id=")!J697)dL~[0Ci?h9UWS">
                        <field name="number">24</field>
                      </block>
                    </value>
                  </block>
                </value>
                <statement name="DO3">
                  <block type="variables_set" id="=)Z8B/WiWe_-%65X1Sk-">
                    <field name="VAR" id="`yl:zu!h1,~iEA{n/*#;" variabletype="">basicTariffPremium</field>
                    <value name="VALUE">
                      <block type="bignumber" id="W]~3;MI2`MFk9R9@k`bv">
                        <field name="number">7900</field>
                      </block>
                    </value>
                  </block>
                </statement>
              </block>
            </statement>
          </block>
        </statement>
      </block>
    </statement>
    <value name="RETURN">
      <block type="variables_get" id="8SaHmizQav[TXj@_Jw*!">
        <field name="VAR" id="`yl:zu!h1,~iEA{n/*#;" variabletype="">basicTariffPremium</field>
      </block>
    </value>
  </block>
  <block type="procedures_callreturn" id="@?r2=.sDGkqq{@+8aQ,P" x="888" y="238">
    <mutation name="getBasicTariffPremium">
      <arg name="coverType"></arg>
      <arg name="grossVehicleWeight"></arg>
      <arg name="insuredValue"></arg>
      <arg name="bodyType"></arg>
    </mutation>
    <value name="ARG0">
      <block type="text" id="Z!!yU-f)=nGrPb*#]84x">
        <field name="TEXT">comprehensive</field>
      </block>
    </value>
    <value name="ARG1">
      <block type="bignumber" id="XDF]gjM04|pWPOW/5_7f">
        <field name="number">2</field>
      </block>
    </value>
    <value name="ARG2">
      <block type="bignumber" id="^W@6rdl~nM/vgS7.28Fq">
        <field name="number">100000</field>
      </block>
    </value>
    <value name="ARG3">
      <block type="text" id="W}Y#C=tKEG^AN@zYsbK3">
        <field name="TEXT">tractor</field>
      </block>
    </value>
  </block>
</xml>